tree
version=v4
num_class=1
num_tree_per_iteration=1
label_index=0
max_feature_idx=11
objective=regression
feature_names=stop_sequence current_stop_name next_stop_name day_of_week is_holiday is_peak_hour weather_condition passenger_count current_speed distance_to_next_stop current_lat current_lon
feature_infos=[1:5] [0:4] [0:4] [0:6] [0:1] [0:1] [0:4] [-2.0418922055374864:2.9446960591395026] [-1.7004556431161508:1.9832641335290759] [-1.2524313199577968:1.347910491247724] [3.0414840000000001:3.0480999999999998] [101.794788:101.798641]
tree_sizes=2916 2948 2908 2903 2916 2926 2929 2964 2951 2918 2949 2977 2924 2923 2912 2965 2912 2916 2978 2901 2956 2960 2940 2951 2970 2924 2941 2946 2948 2957 2964 2958 2956 2987 2956 2961 2950 2978 2972 2967 2955 2992 2945 2951 2963 2945 2990 2916 2977 2971 2995 2963 2921 2931 2911 2954 3022 2952 2944 2947 2977 2984 2999 2938 3014 2979 2911 2926 2987 2977 2953 3010 2993 2940 2980 3024 3005 2975 2968 3036 2954 3010 2970 3024 2923 3016 3017 3017 2954 3014 3041 2950 2995 3015 3013 3001 2985 3012 3024 3009 3024 2992 2959 3025 2985 2996 2982 3012 3053 2955 3015 3008 3011 2996 3030 3040 3012 2943 3007 2959 2996 3002 2991 3028 3010 2991 3008 2971 2966 3009 2951 2980 2975 2957 2996 2967 3011 3024 2965 2974 3003 2966 2961 2963 3003 2969 2963 2967 2999 2992 3000 2937 2973 2967 3006 2964 3012 2948 2973 2989 3001 3017 3005 2993 2950 2985 2976 2969 3017 2996 2968 2975 2985 3037 3020 2984 2984 2924 2994 2922 3055 2979 2982 3034 3008 3049 2973 3016 3020 2962 2979 3023 2988 2988 2969 2990 2940 2986 3029 3023 3002 3023 2989 2990 3001 2972 2976 3040 2994 2972 3011 3001 3028 3025 2947 2969 2993 3018 3012 2979 2965 2958 2899 3030 3015 2975 2968 2936 3009 2998 2963 2957 3015 2998 3029 2989 2977 2952 2965 3003 2999 3008 3025 3023 2955 3002 2949 2943 3047 2980 3000 2993 2928 3036 2978 3024 2954 2987 2928 3047 2944 3004 2936 3010 2986 3024 2928 2938 2999 3009 2971 2987 3005 2949 2922 2980 2983 2991 2979 3036 2940 3037 2945 2997 2941 3005 2971 2958 2964 2882 2926 2961 2964 2939 2986 2977 3094 3007 2961 3140 2888 2980 2989 2971 2952 2996 2975 3022 2991 2974 2951 2979 2994 2975 2994 2956

Tree=0
num_leaves=31
num_cat=0
split_feature=8 8 8 1 1 1 0 8 8 8 1 8 0 8 0 0 0 8 8 8 0 8 8 8 8 8 8 6 8 1
split_gain=43045.1 8069.8 5366.66 4881.9 3124.31 2169.41 1084.75 760.834 719.119 583.736 635.293 525.366 393.861 376.089 374.288 328.312 222.593 150.667 144.179 121.468 87.4891 87.4475 87.0878 76.3141 68.6711 61.962 55.1362 55.5286 48.4184 46.4783
threshold=-1.1984651026442237 -1.5527719684342831 -0.46239091454729597 1.5000000000000002 1.5000000000000002 1.5000000000000002 2.5000000000000004 -1.6739998374475167 -1.4034138756721219 0.08012054346772822 1.5000000000000002 -0.97476284711704109 2.5000000000000004 -0.90845589113742709 2.5000000000000004 2.5000000000000004 2.5000000000000004 -1.6739998374475167 -1.4308743321889319 -1.6472091481628242 2.5000000000000004 -0.73900478141174653 -1.4878045469189034 -1.6257765967350701 -1.286204610051592 -0.12683753125652172 0.42639020247237958 1.0000000180025095e-35 -0.32575839919536381 1.5000000000000002
decision_type=2 2 2 2 2 2 2 2 2 2 2 2 2 2 2 2 2 2 2 2 2 2 2 2 2 2 2 2 2 2
left_child=1 3 5 19 18 13 17 -8 12 10 -4 16 -6 -2 28 -10 -7 -5 -3 -1 -13 -22 -14 -9 -17 -16 27 29 -12 -11
right_child=2 4 9 6 8 11 7 23 15 26 14 20 22 -15 25 24 -18 -19 -20 -21 21 -23 -24 -25 -26 -27 -28 -29 -30 -31
leaf_value=0.084959735144002721 7.3908692346997791e-05 0.035207962523584588 -0.029338101065570416 0.15941283439429108 0.074004593603615804 0.019708872357459602 0.24315345133934466 0.19953119897034313 0.044339397216648223 -0.029346821341950852 -0.010093059622852337 0.0062339356064626166 0.13874313140215416 -0.024096545966977669 0.0057564304929751987 0.087316782811698843 0.047871099259845055 0.11400357208034197 0.012503852709850332 0.055693848240732244 0.025313964145970969 0.011912544680887769 0.11197738867011739 0.16582518706044291 0.068589470361958199 -0.0054953351174744976 -0.029058234420568031 -0.026302743223164747 -0.025923547352800273 -0.0094121758211590887
leaf_weight=881 2641 1014 5149 386 617 1044 871 243 1016 416 640 2309 510 4120 3048 1139 2141 350 2253 595 2242 2664 765 573 864 2044 29914 6596 1971 984
leaf_count=881 2641 1014 5149 386 617 1044 871 243 1016 416 640 2309 510 4120 3048 1139 2141 350 2253 595 2242 2664 765 573 864 2044 29914 6596 1971 984
internal_value=-0.00131323 0.0856656 -0.0167785 0.144858 0.0574433 0.00739335 0.188525 0.210629 0.0826494 -0.0249503 -0.0157414 0.021727 0.106821 -0.0146551 -0.00665251 0.0674983 0.0386409 0.137837 0.0195516 0.0731668 0.0142601 0.0180373 0.122694 0.175886 0.0792426 0.00123982 -0.0280722 -0.024383 -0.0220437 -0.0153372
internal_weight=80000 12077 67923 3899 8178 17161 2423 1687 4911 50762 12852 10400 1892 6761 7703 3019 3185 736 3267 1476 7215 4906 1275 816 2003 5092 37910 7996 2611 1400
internal_count=80000 12077 67923 3899 8178 17161 2423 1687 4911 50762 12852 10400 1892 6761 7703 3019 3185 736 3267 1476 7215 4906 1275 816 2003 5092 37910 7996 2611 1400
is_linear=0
shrinkage=1


Tree=1
num_leaves=31
num_cat=0
split_feature=5 9 6 9 6 0 6 6 6 6 6 6 0 3 6 6 7 6 0 0 3 6 0 0 6 0 3 7 0 6
split_gain=18816.5 6291.3 1912.69 1393.83 1273.99 976.107 626.489 464.351 421.593 300.287 285.202 205.556 141.543 136.224 136.222 133.273 129.736 113.743 103.115 99.3628 96.5394 82.9012 71.7768 60.1843 49.2969 49.1342 47.1862 41.4312 36.8039 27.8494
threshold=1.0000000180025095e-35 0.45124090117685461 1.0000000180025095e-35 0.45124090117685461 2.5000000000000004 1.5000000000000002 2.5000000000000004 1.0000000180025095e-35 1.0000000180025095e-35 2.5000000000000004 1.0000000180025095e-35 3.5000000000000004 1.5000000000000002 4.5000000000000009 3.5000000000000004 3.5000000000000004 -0.39631807819407994 2.5000000000000004 4.5000000000000009 4.5000000000000009 4.5000000000000009 3.5000000000000004 4.5000000000000009 1.5000000000000002 1.0000000180025095e-35 4.5000000000000009 4.5000000000000009 1.498585462383176 4.5000000000000009 3.5000000000000004
decision_type=2 2 2 2 2 2 2 2 2 2 2 2 2 2 2 2 2 2 2 2 2 2 2 2 2 2 2 2 2 2
left_child=3 5 19 9 10 8 22 -7 -2 23 20 26 15 25 -8 -11 -10 -9 -16 27 28 -19 -4 24 -1 -12 -6 -3 -5 -14
right_child=1 2 6 4 11 7 14 17 16 12 13 -13 29 -15 18 -17 -18 21 -20 -21 -22 -23 -24 -25 -26 -27 -28 -29 -30 -31
leaf_value=-0.021715580977831273 0.02326735306572561 0.05242674813944042 0.095555861623325938 -0.0071905898764005501 0.044694305342967727 -0.0025103464644618666 0.15128281093606477 0.015541585472805318 0.088597925001041369 0.019548072467587049 0.0080851124483156036 0.012624203655720615 -0.0096936545797687915 -0.010185341010178886 0.13523007498111891 -0.0094750769619646562 0.050675218893819596 0.050155093403402351 0.099190053819735058 0.04487204012807805 -0.019705473938390127 0.023746638409407064 0.078909189744331754 -0.023615552811913867 -0.014708344271049958 -0.0017952865597886611 0.026362448068410888 0.066663710652521441 -0.014059368044469939 -0.01907391799484796
leaf_weight=6420 2044 926 1305 3933 967 4202 476 2635 260 717 2507 1672 1484 3109 403 882 1709 480 395 2097 4639 781 1296 20746 4123 2526 552 1149 3869 1696
leaf_count=6420 2044 926 1305 3933 967 4202 476 2635 260 717 2507 1672 1484 3109 403 882 1709 480 395 2097 4639 781 1296 20746 4123 2526 552 1149 3869 1696
internal_value=9.75258e-08 0.0417805 0.0760483 -0.0140738 -0.00467478 0.0190112 0.101342 0.00901852 0.0391752 -0.0202691 -0.00923215 0.0247211 -0.00859527 -0.00195676 0.130074 0.00353946 0.055687 0.0214526 0.117405 0.0525531 -0.0139935 0.0338022 0.0872647 -0.0220521 -0.0189755 0.00312633 0.0380347 0.0603131 -0.0105969 -0.0146969
internal_weight=80000 20158 8047 59842 23774 12111 3875 8098 4013 36068 20583 3191 4779 8142 1274 1599 1969 3896 798 4172 12441 1261 2601 31289 10543 5033 1519 2075 7802 3180
internal_count=80000 20158 8047 59842 23774 12111 3875 8098 4013 36068 20583 3191 4779 8142 1274 1599 1969 3896 798 4172 12441 1261 2601 31289 10543 5033 1519 2075 7802 3180
is_linear=0
shrinkage=0.05


Tree=2
num_leaves=31
num_cat=0
split_feature=8 1 8 8 1 8 1 8 8 1 8 8 8 1 1 1 1 8 5 5 5 1 8 5 8 8 8 8 5 8
split_gain=37343.4 6359.09 5583.39 5325.4 1821.38 902.194 836.949 747.203 589.841 646.03 585.813 373.218 362.287 321.883 314.217 311.575 186.881 152.531 150.944 95.7071 94.8391 83.498 98.2437 74.1615 73.1662 68.9333 60.6497 59.5028 52.543 49.5038
threshold=-1.2486976450530223 1.5000000000000002 -1.5835812611116793 -0.52869787052691009 1.5000000000000002 -1.5835812611116793 3.5000000000000004 -1.459674323169976 0.08012054346772822 1.5000000000000002 -1.030353527382778 -1.6739998374475167 -0.94864192506446587 3.5000000000000004 3.5000000000000004 3.5000000000000004 3.5000000000000004 -1.459674323169976 1.0000000180025095e-35 1.0000000180025095e-35 1.0000000180025095e-35 3.5000000000000004 -0.86826985721038807 1.0000000180025095e-35 -0.35388862294429102 -1.6739998374475167 -0.12683753125652172 -1.6739998374475167 1.0000000180025095e-35 -1.3625580745129657
decision_type=2 2 2 2 2 2 2 2 2 2 2 2 2 2 2 2 2 2 2 2 2 2 2 2 2 2 2 2 2 2
left_child=1 5 6 4 12 27 11 13 9 -5 16 18 -2 20 26 19 28 -7 -3 -9 -4 22 -12 -13 -16 -8 -11 -1 -6 -21
right_child=3 2 7 8 10 17 25 15 -10 14 21 23 -14 -15 24 -17 -18 -19 -20 29 -22 -23 -24 -25 -26 -27 -28 -29 -30 -31
leaf_value=0.083131944425941823 0.0043485859333815642 0.18661352158391498 0.10543390926393424 -0.025769890324069719 0.041836091185351844 0.039873074682279186 0.15032859973665411 0.068828250410063657 -0.024669021715948869 0.0065207306575022494 0.030389135845457077 0.14315126743765921 -0.019267704501117127 0.081201880798581635 -0.0046826595757024246 0.049207702738286591 0.024684616131905326 0.015795037901893703 0.23846623727376537 0.10264126909345604 0.1393747807411457 0.0081641426670077018 0.014933702478465087 0.18580959148534268 -0.022441129464837218 0.11532553303564777 -0.0042227842894183533 0.060759409681896338 0.057557003172647205 0.082825961712736984
leaf_weight=755 2783 179 283 5736 985 978 386 728 37910 3676 1503 140 3899 489 802 1001 1062 2009 692 566 774 2272 3256 397 2096 225 2044 493 1159 722
leaf_count=755 2783 179 283 5736 985 978 386 728 37910 3676 1503 140 3899 489 802 1001 1062 2009 692 566 774 2272 3256 397 2096 225 2044 493 1159 722
internal_value=1.51307e-07 0.0863926 0.117144 -0.0135077 0.0108737 0.0385982 0.186374 0.0865078 -0.0214005 -0.0127681 0.0241277 0.207589 -0.00943179 0.114775 -0.0041141 0.0720193 0.0418404 0.0236797 0.227833 0.0833429 0.130298 0.0160506 0.0198154 0.174717 -0.0175269 0.13746 0.00268161 0.0742997 0.0503368 0.0915409
internal_weight=80000 10817 6582 69183 16919 4235 2019 4563 52264 14354 10237 1408 6682 1546 8618 3017 3206 2987 871 2016 1057 7031 4759 537 2898 611 5720 1248 2144 1288
internal_count=80000 10817 6582 69183 16919 4235 2019 4563 52264 14354 10237 1408 6682 1546 8618 3017 3206 2987 871 2016 1057 7031 4759 537 2898 611 5720 1248 2144 1288
is_linear=0
shrinkage=0.05


Tree=3
num_leaves=31
num_cat=0
split_feature=8 8 8 2 0 2 0 8 0 8 0 0 2 8 2 0 8 0 8 8 8 8 8 11 8 7 0 8 8 0
split_gain=33714.3 6427.42 4002.87 2181.71 1832.76 1122.81 1353.61 644.155 639.38 512.216 429.798 402.595 414.094 394.558 343.35 659.464 281.282 238.33 198.99 197.215 119.523 115.744 112.691 104.766 96.1056 74.9564 66.2315 46.2789 44.4555 44.1382
threshold=-1.1984651026442237 -1.5527719684342831 -0.51664206034879834 1.0000000180025095e-35 4.5000000000000009 1.0000000180025095e-35 4.5000000000000009 -0.96069773524257751 1.5000000000000002 0.08012054346772822 1.5000000000000002 4.5000000000000009 1.0000000180025095e-35 -1.6739998374475167 1.5000000000000002 4.5000000000000009 -1.4308743321889319 2.5000000000000004 -1.6472091481628242 -1.416809220314468 -1.6472091481628242 -1.4308743321889319 -1.3900185310297755 101.79833950000001 -1.6472091481628242 0.30180427886069844 1.5000000000000002 -0.17506077196896827 -0.79124662551689706 4.5000000000000009
decision_type=2 2 2 2 2 2 2 2 2 2 2 2 2 2 2 2 2 2 2 2 2 2 2 2 2 2 2 2 2 2
left_child=1 3 7 13 8 16 10 17 20 11 22 12 27 25 -9 28 -3 26 -6 -8 -5 -12 -7 -19 -10 -1 -2 -4 -16 -25
right_child=2 5 9 4 18 6 19 14 24 -11 21 -13 -14 -15 15 -17 -18 23 -20 -21 -22 -23 -24 29 -26 -27 -28 -29 -30 -31
leaf_value=0.20289677830205344 0.01757184289286998 0.11633515440043891 0.0056210980109230729 0.14017039501110121 0.2012323564654675 0.065831390392304595 0.10890261926921506 0.012059368159260651 0.077189322247730868 -0.023435573768921813 0.032872464932841482 0.0050461785359241715 -0.021972133066190912 0.16024150022561257 -0.011645612161971658 0.01604321283559771 0.073414684695053245 0.034573931491063324 0.14678366026585402 0.070660177982260833 0.098908877106340859 0.012529989396873421 0.039171074561094567 0.0066656368401322805 0.051157116355980727 0.24125007743424468 8.6149614541184587e-05 -0.0071371083326988924 -0.02227717780146541 0.045599176522951208
leaf_weight=243 1116 570 1606 443 408 679 497 4151 881 37910 1014 2712 8462 465 1611 2142 1159 2735 288 1052 293 2253 954 542 595 283 1052 1275 2525 84
leaf_count=243 1116 570 1606 443 408 679 497 4151 881 37910 1014 2712 8462 465 1611 2142 1159 2735 288 1052 293 2253 954 542 595 283 1052 1275 2525 84
internal_value=2.64811e-07 0.0769769 -0.0136866 0.129803 0.107963 0.0517897 0.0421956 0.00821686 0.08569 -0.020413 0.029315 -0.0122601 -0.0163979 0.193876 0.000902423 -0.0064746 0.0875702 0.0220134 0.178726 0.0829366 0.12376 0.0188446 0.0502598 0.0303506 0.0666995 0.223574 0.00908748 -2.51575e-05 -0.0181365 0.0118964
internal_weight=80000 12077 67923 3899 2908 8178 6449 15958 2212 51965 4900 14055 11343 991 10429 6278 1729 5529 696 1549 736 3267 1633 3361 1476 526 2168 2881 4136 626
internal_count=80000 12077 67923 3899 2908 8178 6449 15958 2212 51965 4900 14055 11343 991 10429 6278 1729 5529 696 1549 736 3267 1633 3361 1476 526 2168 2881 4136 626
is_linear=0
shrinkage=0.05


Tree=4
num_leaves=31
num_cat=0
split_feature=8 9 8 8 8 9 8 9 0 8 8 0 8 8 0 0 8 8 8 0 8 8 8 9 8 8 8 8 8 8
split_gain=30453.2 5530.42 4334.82 3684.11 1539.94 1327.77 644.208 793.495 549.88 496.161 391.879 375.749 301.765 224.098 144.497 113.088 107.788 87.2362 86.5646 85.8397 84.4348 75.7973 69.4951 157.614 67.1306 67.1252 42.5911 26.4295 25.1022 22.8494
threshold=-1.2486976450530223 0.45124090117685461 -0.62447458471968587 -1.5835812611116793 -1.568176614772981 1.0000000180025095e-35 -0.032400351527980438 0.45124090117685461 1.5000000000000002 -1.459674323169976 -1.0564744494353533 1.5000000000000002 -1.6739998374475167 -0.96069773524257751 2.5000000000000004 1.5000000000000002 -1.4449394440633954 -0.35388862294429102 -1.6739998374475167 2.5000000000000004 -1.4308743321889319 -0.89506054649508071 0.29712512667373797 0.45124090117685461 -1.6739998374475167 -1.3625580745129657 -1.5025394260254843 -0.80397220292712601 -1.6257765967350701 -1.1489023274675425
decision_type=2 2 2 2 2 2 2 2 2 2 2 2 2 2 2 2 2 2 2 2 2 2 2 2 2 2 2 2 2 2
left_child=1 4 5 12 8 13 7 15 18 26 14 20 -3 -2 -7 17 -13 -4 -1 -12 -6 -21 23 -8 -10 -11 -5 -15 -14 -16
right_child=2 3 6 9 11 10 22 -9 24 25 19 16 28 27 29 -17 -18 -19 -20 21 -22 -23 -24 -25 -26 -27 -28 -29 -30 -31
leaf_value=0.13580741220976644 0.0040840559550980654 0.20570967661610512 -0.0010165018749730735 0.12526839075379265 0.067537254434201707 0.023437636826223355 -0.023493752168744258 0.0053204829823667909 0.07511694254330209 0.085904187272802537 0.008261300924268548 0.03392519910504694 0.17004008052379493 -0.010677466974302524 0.052772579432844816 -0.023353691648616531 0.013568380614656317 -0.01896279705044256 0.099955333972048255 0.029841148593991687 0.042396013401795524 0.015778868231595328 -0.022891058545028157 -0.0091048436390336693 0.05268499043650169 0.067418510255373001 0.10431318335605631 -0.019781436646985312 0.14789805360409483 0.041704764250975565
leaf_weight=386 2662 871 1229 669 543 942 4699 5514 755 857 1965 992 243 1492 972 5472 1888 1508 302 1518 870 2600 32795 3199 600 1159 388 1713 294 903
leaf_count=386 2662 871 1229 669 543 942 4699 5514 755 857 1965 992 243 1492 972 5472 1888 1508 302 1518 870 2600 32795 3199 600 1159 388 1713 294 903
internal_value=3.69867e-07 0.0780167 -0.0121978 0.120529 0.0479495 0.0118276 -0.0187177 -0.00934944 0.0836811 0.0898358 0.0240005 0.0309436 0.187506 -0.00663825 0.039418 -0.0192032 0.0205811 -0.0109047 0.120087 0.0168603 0.0520616 0.0209632 -0.021877 -0.0176659 0.0651886 0.0752806 0.117587 -0.0155438 0.157947 0.0474448
internal_weight=80000 10817 69183 4481 6336 14767 54416 13723 2043 3073 8900 4293 1408 5867 2817 8209 2880 2737 688 6083 1413 4118 40693 7898 1355 2016 1057 3205 537 1875
internal_count=80000 10817 69183 4481 6336 14767 54416 13723 2043 3073 8900 4293 1408 5867 2817 8209 2880 2737 688 6083 1413 4118 40693 7898 1355 2016 1057 3205 537 1875
is_linear=0
shrinkage=0.05


Tree=5
num_leaves=31
num_cat=0
split_feature=8 8 8 2 2 2 2 2 10 8 8 2 8 8 2 2 2 8 8 11 8 5 8 8 2 2 8 8 2 2
split_gain=27495.6 6036.41 2596.46 1849.65 1554.6 911.05 1086.8 543.728 494.023 400.162 358.439 337.358 257.347 250.74 299.209 229.759 199.923 197.191 173.809 164.925 122.251 105.793 103.863 97.3179 96.0696 175.094 90.7186 73.5208 63.3874 60.2777
threshold=-1.1375162845215483 -1.5353580203992327 -0.35388862294429102 1.0000000180025095e-35 3.5000000000000004 1.0000000180025095e-35 3.5000000000000004 1.5000000000000002 3.0475755000000002 -1.6472091481628242 -0.89506054649508071 1.5000000000000002 -1.4034138756721219 0.19799957632037568 3.5000000000000004 1.0000000180025095e-35 1.5000000000000002 -1.6472091481628242 -1.3498324971027367 101.79829550000001 -1.6257765967350701 1.0000000180025095e-35 -1.3772929536195466 -1.6472091481628242 3.5000000000000004 1.0000000180025095e-35 -1.3900185310297755 -0.90845589113742709 3.5000000000000004 1.0000000180025095e-35
decision_type=2 2 2 2 2 2 2 2 2 2 2 2 2 2 2 2 2 2 2 2 2 2 2 2 2 2 2 2 2 2
left_child=1 3 8 9 7 12 11 20 10 21 24 22 -3 14 15 -4 -10 -6 -8 29 -5 -1 -7 -9 25 -2 -13 -18 -21 -12
right_child=2 5 13 4 17 6 18 23 16 -11 19 26 -14 -15 -16 -17 27 -19 -20 28 -22 -23 -24 -25 -26 -27 -28 -29 -30 -31
leaf_value=0.15770656751881212 0.031641836862790533 0.098620713493968504 -0.0046300969129393901 0.12414258261178079 0.18116556277785689 0.056456787447618874 0.087162567129979357 0.069735265037905489 0.017817110787089925 0.13700224131098504 0.011753075425757811 0.025802961634982725 0.060044470743127923 -0.021525930448948159 0.0017326020875797041 -0.021443934481552657 -0.0051322400990201043 0.13004564636341429 0.055467452285405783 -0.017361297728387078 0.083571051794385148 0.20986480093747539 0.032002739641303284 0.044910465684159497 0.032105159049298893 0.0069827606302583431 0.0093225590950281687 -0.021253503172072537 0.011826298279813885 0.0021260290440592842
leaf_weight=125 1063 645 2726 503 408 680 724 881 475 470 2240 1260 1314 35040 2605 7979 982 354 1077 1300 296 467 1203 717 1084 2230 2476 2528 217 5931
leaf_count=125 1063 645 2726 503 408 680 724 881 475 470 2240 1260 1314 35040 2605 7979 982 354 1077 1300 296 467 1203 717 1084 2230 2476 2528 217 5931
internal_value=4.44006e-07 0.0647697 -0.0132656 0.114424 0.0952276 0.042422 0.034414 0.0754456 0.00291651 0.171511 0.00731952 0.0235797 0.0727501 -0.0193067 -0.0134643 -0.0171624 -0.0126236 0.157437 0.068213 0.00195434 0.109125 0.19888 0.0408363 0.0586002 0.0191944 0.0149436 0.0148813 -0.0167435 -0.0131856 0.0047653
internal_weight=80000 13600 66400 4221 3159 9379 7420 2397 18050 1062 14065 5619 1959 48350 13310 10705 3985 762 1801 9688 799 592 1883 1598 4377 3293 3736 3510 1517 8171
internal_count=80000 13600 66400 4221 3159 9379 7420 2397 18050 1062 14065 5619 1959 48350 13310 10705 3985 762 1801 9688 799 592 1883 1598 4377 3293 3736 3510 1517 8171
is_linear=0
shrinkage=0.05


Tree=6
num_leaves=31
num_cat=0
split_feature=8 8 8 2 0 2 0 8 0 8 0 0 2 8 2 0 2 0 8 8 0 8 8 5 8 8 5 11 5 0
split_gain=24848.7 4081.75 3547.57 1517.3 1211.98 929.966 1055.38 646.371 434.931 393.631 344.47 339.175 454.646 232.614 180.598 288.678 179.546 290.795 174.269 157.291 137.437 103.273 102.275 94.075 92.0601 83.0053 79.0121 72.7992 72.0811 58.0564
threshold=-1.2486976450530223 -1.5835812611116793 -0.7021675836452943 1.0000000180025095e-35 4.5000000000000009 1.0000000180025095e-35 4.5000000000000009 -0.032400351527980438 1.5000000000000002 -1.030353527382778 1.5000000000000002 4.5000000000000009 1.5000000000000002 -1.4308743321889319 1.0000000180025095e-35 4.5000000000000009 1.0000000180025095e-35 4.5000000000000009 -1.459674323169976 -1.6739998374475167 1.5000000000000002 -1.459674323169976 -0.31303282178513492 1.0000000180025095e-35 -1.4878045469189034 -1.6739998374475167 1.0000000180025095e-35 101.79626950000001 1.0000000180025095e-35 1.5000000000000002
decision_type=2 2 2 2 2 2 2 2 2 2 2 2 2 2 2 2 2 2 2 2 2 2 2 2 2 2 2 2 2 2
left_child=1 3 9 19 8 13 10 11 -5 16 24 12 22 28 -11 20 -2 29 -8 23 -16 -12 -4 -1 -7 -6 -22 -24 -3 -18
right_child=2 5 7 4 25 6 18 -9 -10 14 21 -13 -14 -15 15 -17 17 -19 -20 -21 26 -23 27 -25 -26 -27 -28 -29 -30 -31
leaf_value=0.15095364720192608 0.04117514391683337 0.079601463014175311 0.0034792104260691023 0.11217187943659093 0.17611382379631346 0.070060114788933231 0.10347390942684583 -0.019762885174835043 0.060674807983107731 0.020315778724937155 0.032592474045128508 0.0070743040057322654 -0.021067439652054085 0.066668218360574058 0.0078043137071758875 0.020380205167797615 0.020180009053969876 0.041128953028139431 0.066225947758347933 0.14677833074274255 -0.017759315500581487 0.012780203078251602 -0.017826731573924347 0.20316101869483419 0.041460759556189546 0.13730405355711769 -0.0016866796484016227 -0.0012420670760425342 0.11443823807851645 0.0057654187100035607
leaf_weight=111 1093 209 3631 611 345 377 468 40693 1248 1603 978 3082 6188 915 1468 1514 1062 1051 958 303 1755 2009 1309 415 1113 234 1355 1338 523 2041
leaf_count=111 1093 209 3631 611 345 377 468 40693 1248 1603 978 3082 6188 915 1468 1514 1062 1051 958 303 1755 2009 1309 415 1113 234 1355 1338 523 2041
internal_value=5.20918e-07 0.0704732 -0.0110182 0.117164 0.0972873 0.0502679 0.0409975 -0.0164496 0.0776055 0.0125844 0.0290646 -0.00777776 -0.0114497 0.0834894 0.00538374 0.00145437 0.0231442 0.0183991 0.0784568 0.175602 -0.00480494 0.019268 -0.00196964 0.192175 0.0487012 0.160455 -0.0107569 -0.00944391 0.104504 0.0106993
internal_weight=80000 10817 69183 3267 2438 7550 5903 56241 1859 12942 4477 15548 12466 1647 7695 6092 5247 4154 1426 829 4578 2987 6278 526 1490 579 3110 2647 732 3103
internal_count=80000 10817 69183 3267 2438 7550 5903 56241 1859 12942 4477 15548 12466 1647 7695 6092 5247 4154 1426 829 4578 2987 6278 526 1490 579 3110 2647 732 3103
is_linear=0
shrinkage=0.05


Tree=7
num_leaves=31
num_cat=0
split_feature=5 2 2 6 6 2 6 6 2 6 2 6 2 2 3 6 6 6 6 7 6 6 6 2 6 7 2 2 3 6
split_gain=10850.7 2139.82 1558.26 634.406 576.152 555.997 446.602 259.506 258.159 232.179 218.042 205.988 180.735 274.116 175.739 138.839 114.841 83.3798 71.6231 69.4437 64.5689 61.4479 45.3595 36.3896 35.2169 32.3468 30.8879 30.3352 33.2601 25.24
threshold=1.0000000180025095e-35 1.0000000180025095e-35 3.5000000000000004 2.5000000000000004 2.5000000000000004 1.5000000000000002 1.0000000180025095e-35 1.0000000180025095e-35 1.0000000180025095e-35 1.0000000180025095e-35 3.5000000000000004 1.0000000180025095e-35 3.5000000000000004 1.5000000000000002 4.5000000000000009 3.5000000000000004 2.5000000000000004 1.0000000180025095e-35 1.0000000180025095e-35 -0.39631807819407994 3.5000000000000004 2.5000000000000004 3.5000000000000004 1.0000000180025095e-35 3.5000000000000004 1.498585462383176 1.5000000000000002 1.0000000180025095e-35 4.5000000000000009 1.0000000180025095e-35
decision_type=2 2 2 2 2 2 2 2 2 2 2 2 2 2 2 2 2 2 2 2 2 2 2 2 2 2 2 2 2 2
left_child=3 4 5 8 11 9 -4 -7 14 -3 26 25 13 15 18 27 -8 -12 -1 -11 -18 -9 -23 -17 -14 -2 29 28 -5 -10
right_child=1 2 6 12 -6 7 16 21 10 19 17 -13 24 -15 -16 23 20 -19 -20 -21 -22 22 -24 -25 -26 -27 -28 -29 -30 -31
leaf_value=-0.0047730118699173506 0.039223227808617027 0.018044464404900082 0.034635097821649953 0.035056530705278581 0.10725488145862572 -0.001528735906256266 0.059555061665801871 0.012040511299880218 -0.016294854935849614 0.066182325398803657 -0.011795262392628706 0.071548337405810833 0.025243796428592143 -0.011712383044876757 -0.013990689879771201 0.0068342742259073072 0.10714773889606209 -0.0025682737071667655 0.0060411533203087731 0.038436404157406616 0.07352038836415449 0.037558520616088831 0.018024074253028221 -0.0077061243203238776 0.01037411898248055 0.05179740866638391 -0.017658347705884096 0.012931240413324569 0.01309988643748383 -0.011280800847661509
leaf_weight=3933 926 2044 2097 488 654 4202 1296 2635 6420 260 6159 1305 764 3180 3920 840 225 4064 2507 1709 395 480 781 882 832 1149 20746 717 267 4123
leaf_count=3933 926 2044 2097 488 654 4202 1296 2635 6420 260 6159 1305 764 3180 3920 840 225 4064 2507 1709 395 480 781 882 832 1149 20746 717 267 4123
internal_value=5.98831e-07 0.0317278 0.0235793 -0.0106869 0.0642964 0.0146316 0.0505817 0.00708987 -0.0127048 0.0298498 -0.014467 0.0559814 0.00244683 -0.00132091 -0.00564395 0.00902507 0.068032 -0.00812727 -0.000563183 0.0421033 0.0857392 0.0163852 0.0254623 -0.000613262 0.0174933 0.0461882 -0.0165383 0.0202996 0.0272945 -0.0143342
internal_weight=80000 20158 16124 59842 4034 12111 4013 8098 51872 4013 41512 3380 7970 6374 10360 3194 1916 10223 6440 1969 620 3896 1261 1722 1596 2075 31289 1472 755 10543
internal_count=80000 20158 16124 59842 4034 12111 4013 8098 51872 4013 41512 3380 7970 6374 10360 3194 1916 10223 6440 1969 620 3896 1261 1722 1596 2075 31289 1472 755 10543
is_linear=0
shrinkage=0.05


Tree=8
num_leaves=31
num_cat=0
split_feature=5 9 6 9 6 0 6 6 6 6 6 6 3 0 6 6 6 0 3 6 0 6 6 0 0 0 3 6 0 11
split_gain=9792.85 3201.07 911.779 700.811 568.989 501.792 300.659 234.206 209.546 132.541 128.399 89.694 72.9496 67.5416 66.3294 60.8157 60.2235 58.2093 55.6291 55.4585 50.1991 48.0212 40.9382 33.6119 27.8762 25.7982 25.5974 22.7791 22.5572 17.2918
threshold=1.0000000180025095e-35 0.45124090117685461 1.0000000180025095e-35 0.45124090117685461 2.5000000000000004 1.5000000000000002 2.5000000000000004 1.0000000180025095e-35 1.0000000180025095e-35 1.0000000180025095e-35 2.5000000000000004 3.5000000000000004 4.5000000000000009 1.5000000000000002 2.5000000000000004 3.5000000000000004 3.5000000000000004 4.5000000000000009 4.5000000000000009 2.5000000000000004 4.5000000000000009 3.5000000000000004 3.5000000000000004 4.5000000000000009 1.5000000000000002 4.5000000000000009 4.5000000000000009 1.0000000180025095e-35 4.5000000000000009 101.79816450000001
decision_type=2 2 2 2 2 2 2 2 2 2 2 2 2 2 2 2 2 2 2 2 2 2 2 2 2 2 2 2 2 2
left_child=3 5 20 10 9 8 23 -7 -2 18 24 26 25 15 -10 -12 -8 -18 28 29 -3 -16 -21 -4 27 -11 -6 -1 -5 -9
right_child=1 2 6 4 11 7 16 19 14 12 13 -13 -14 -15 21 -17 17 -19 -20 22 -22 -23 -24 -25 -26 -27 -28 -29 -30 -31
leaf_value=-0.0154801243927759 0.017142285485921189 0.043878963597964504 0.067971194439668634 -0.0045343670625040142 0.029856350640184187 -0.0014523008162382832 0.10605934722440205 0.0081069104639564151 0.0337720208127016 0.0057391075668125815 0.012284768726471502 0.008166482486287506 -0.0075953809151677642 -0.011126782220977577 0.071856227839697376 -0.0073208616489645667 0.096916079389948437 0.069845300969830146 -0.014115319529103956 0.035680985502073097 0.032903425727320426 0.042942100753035742 0.017122985488832791 0.056577537932560512 -0.016775435262769641 -0.0014202988882002394 0.016356103396998278 -0.010716774480057817 -0.0099117180734896605 0.016364161083889127
leaf_weight=6420 2044 2075 1305 3933 967 4202 476 1572 1349 2507 717 1672 3109 3180 227 882 403 395 4639 480 2097 393 781 1296 20746 2526 552 4123 3869 1063
leaf_count=6420 2044 2075 1305 3933 967 4202 476 1572 1349 2507 717 1672 3109 3180 227 882 403 395 4639 480 2097 393 781 1296 20746 2526 552 4123 3869 1063
internal_value=6.15409e-07 0.0301416 0.0545851 -0.0101525 -0.00348785 0.0139001 0.072049 0.00673542 0.0283575 -0.00653352 -0.0145455 0.0161573 -0.00157381 -0.00691189 0.0399984 0.00147062 0.0919532 0.0835268 -0.00977935 0.015566 0.0383632 0.0535383 0.0241894 0.0622965 -0.0157114 0.00214593 0.0249518 -0.0136175 -0.00720108 0.0114385
internal_weight=80000 20158 8047 59842 23774 12111 3875 8098 4013 20583 36068 3191 8142 4779 1969 1599 1274 798 12441 3896 4172 620 1261 2601 31289 5033 1519 10543 7802 2635
internal_count=80000 20158 8047 59842 23774 12111 3875 8098 4013 20583 36068 3191 8142 4779 1969 1599 1274 798 12441 3896 4172 620 1261 2601 31289 5033 1519 10543 7802 2635
is_linear=0
shrinkage=0.05


Tree=9
num_leaves=31
num_cat=0
split_feature=8 8 8 2 2 2 2 8 2 8 2 2 2 2 2 10 8 8 8 8 8 2 8 2 2 11 2 5 8 8
split_gain=20858.1 3363.3 2943.05 1238.83 992.265 656.117 762.875 584.002 356.557 325.732 284.316 420.472 251.873 164.209 246.956 156.505 138.684 136.694 111.349 102.659 67.9458 67.7843 67.513 67.0302 105.798 65.2289 64.5572 63.6796 57.7685 44.3244
threshold=-1.2989301874618209 -0.77852104810666811 -1.5835812611116793 1.0000000180025095e-35 3.5000000000000004 1.0000000180025095e-35 3.5000000000000004 -0.032400351527980438 1.5000000000000002 -1.083934905952163 3.5000000000000004 1.5000000000000002 1.5000000000000002 1.0000000180025095e-35 3.5000000000000004 3.0475755000000002 -1.459674323169976 -1.6739998374475167 -1.4878045469189034 -0.36728396758663745 -1.6739998374475167 1.5000000000000002 -1.459674323169976 3.5000000000000004 1.0000000180025095e-35 101.79626950000001 1.5000000000000002 1.0000000180025095e-35 -1.5025394260254843 -1.6739998374475167
decision_type=2 2 2 2 2 2 2 2 2 2 2 2 2 2 2 2 2 2 2 2 2 2 2 2 2 2 2 2 2 2
left_child=2 9 3 17 8 16 12 10 29 13 11 19 28 -2 26 23 -4 27 -8 -3 -6 -17 -14 24 -11 -21 -15 -1 -7 -5
right_child=1 7 5 4 20 6 18 -9 -10 15 -12 -13 22 14 -16 21 -18 -19 -20 25 -22 -23 -24 -25 -26 -27 -28 -29 -30 -31
leaf_value=0.14205424561358915 0.041279122413181844 0.0041442098825762354 0.098037015296995614 0.11362469210985318 0.16114762947891664 0.066758523786771454 0.099197175342060781 -0.017720674496799902 0.056683591729425942 0.019813976568402905 0.0061119110416882685 -0.018677895271311411 0.03063448088393286 0.022242629511761824 0.040517181254479458 0.021376189986365833 0.066066354350816009 0.13372097593335497 0.065623208976635053 -0.015224720549313659 0.12602911477718329 -0.010466833194694469 0.013774676673981138 0.02065833908819081 0.0025056344694267471 -0.00089313837587076434 0.007232873878426558 0.18508684926652186 0.041764194191901242 0.085575102674119052
leaf_weight=111 1062 3861 589 386 345 310 350 40693 1248 1295 3434 6940 978 1090 1033 190 803 303 844 1573 234 1383 1512 1412 2774 1603 2090 415 914 225
leaf_count=111 1062 3861 589 386 345 310 350 40693 1248 1295 3434 6940 978 1090 1033 190 803 303 844 1573 234 1383 1512 1412 2774 1603 2090 415 914 225
internal_value=6.27833e-07 -0.00940881 0.069273 0.107783 0.0898223 0.0493014 0.0407066 -0.0144418 0.0720135 0.0143105 -0.00677833 -0.00994534 0.0295282 0.0237086 0.0192785 0.00728237 0.0796002 0.160587 0.0754723 -0.00133302 0.146979 -0.00661945 0.0203977 0.0112721 0.00801454 -0.0079915 0.0123783 0.176035 0.0480994 0.103311
internal_weight=80000 70433 9567 3267 2438 6300 4908 58104 1859 12329 17411 13977 3714 5275 4213 7054 1392 829 1194 7037 579 1573 2490 5481 4069 3176 3180 526 1224 611
internal_count=80000 70433 9567 3267 2438 6300 4908 58104 1859 12329 17411 13977 3714 5275 4213 7054 1392 829 1194 7037 579 1573 2490 5481 4069 3176 3180 526 1224 611
is_linear=0
shrinkage=0.05


Tree=10
num_leaves=31
num_cat=0
split_feature=5 9 6 9 6 0 6 6 6 6 6 6 3 0 6 6 6 0 3 6 0 6 6 6 1 0 3 11 0 6
split_gain=8064.38 2627.57 732.911 576.31 450.897 411.647 241.437 190.955 170.388 107.652 100.9 69.9735 60.1292 54.5736 53.6633 48.7875 47.0241 48.6169 46.6247 44.9495 41.2347 38.8595 33.3161 26.7737 22.2619 21.5252 21.0578 20.5197 19.6026 18.3321
threshold=1.0000000180025095e-35 0.45124090117685461 1.0000000180025095e-35 0.45124090117685461 2.5000000000000004 1.5000000000000002 2.5000000000000004 1.0000000180025095e-35 1.0000000180025095e-35 1.0000000180025095e-35 2.5000000000000004 3.5000000000000004 4.5000000000000009 1.5000000000000002 2.5000000000000004 3.5000000000000004 3.5000000000000004 4.5000000000000009 4.5000000000000009 2.5000000000000004 4.5000000000000009 3.5000000000000004 3.5000000000000004 1.5000000000000002 3.5000000000000004 4.5000000000000009 4.5000000000000009 101.79811650000001 4.5000000000000009 1.0000000180025095e-35
decision_type=2 2 2 2 2 2 2 2 2 2 2 2 2 2 2 2 2 2 2 2 2 2 2 2 2 2 2 2 2 2
left_child=3 5 20 10 9 8 23 -7 -2 18 24 26 25 15 -10 -12 -8 -18 28 -9 -3 -16 -21 27 -1 -11 -6 -4 -5 -26
right_child=1 2 6 4 11 7 16 19 14 12 13 -13 -14 -15 21 -17 17 -19 -20 22 -22 -23 -24 -25 29 -27 -28 -29 -30 -31
leaf_value=-0.015181053348543581 0.015619161387743417 0.039953643562824583 0.05577592242261005 -0.0039593584308361589 0.026535036584938072 -0.0012446306609522535 0.095458798476676182 0.010406217858183554 0.030628938125723267 0.0052486462698366244 0.010791178518876884 0.0072609608726226932 -0.0068774963605595157 -0.010218375796349197 0.064886497547970989 -0.0067689251821927785 0.087781567985057485 0.063042867862742269 -0.012775247935693632 0.032252391466763335 0.030006188363760389 0.038876067136971816 0.015510882278745738 0.049418289099265059 -0.014029921425871714 -0.0012910297163300382 0.01429053952937193 0.067114702429263692 -0.0089721697692383764 -0.0097567354351992645
leaf_weight=20746 2044 2075 1052 3933 967 4202 476 2635 1349 2507 717 1672 3109 3180 227 882 403 395 4639 480 2097 393 781 899 6420 2526 552 650 3869 4123
leaf_count=20746 2044 2075 1052 3933 967 4202 476 2635 1349 2507 717 1672 3109 3180 227 882 403 395 4639 480 2097 393 781 899 6420 2526 552 650 3869 4123
internal_value=6.96994e-07 0.0273527 0.0494986 -0.00921294 -0.00316919 0.0126378 0.065156 0.00614851 0.0257324 -0.00588044 -0.0131966 0.0143189 -0.0014106 -0.00642966 0.0362294 0.0011053 0.0829926 0.0755457 -0.00880569 0.0141222 0.0349545 0.0484082 0.0218856 0.0564166 -0.0142302 0.0019665 0.0220867 0.0601099 -0.00644529 -0.0123589
internal_weight=80000 20158 8047 59842 23774 12111 3875 8098 4013 20583 36068 3191 8142 4779 1969 1599 1274 798 12441 3896 4172 620 1261 2601 31289 5033 1519 1702 7802 10543
internal_count=80000 20158 8047 59842 23774 12111 3875 8098 4013 20583 36068 3191 8142 4779 1969 1599 1274 798 12441 3896 4172 620 1261 2601 31289 5033 1519 1702 7802 10543
is_linear=0
shrinkage=0.05


Tree=11
num_leaves=31
num_cat=0
split_feature=7 6 1 4 1 6 4 1 6 7 0 0 4 6 7 7 4 6 0 4 4 10 6 7 0 0 6 0 4 10
split_gain=2592.74 1441.95 1299.5 815.955 607.39 388.896 388.229 364.848 302.711 259.193 204.412 180.519 172.23 164.377 198.413 160.014 112.565 95.8429 80.0104 76.8519 68.4702 58.9819 55.7226 54.563 52.4025 52.0356 45.831 45.6117 41.5853 40.9111
threshold=0.70073134003485771 2.5000000000000004 1.5000000000000002 1.0000000180025095e-35 1.5000000000000002 1.0000000180025095e-35 1.0000000180025095e-35 1.5000000000000002 1.0000000180025095e-35 0.20207251356715863 2.5000000000000004 2.5000000000000004 1.0000000180025095e-35 3.5000000000000004 -0.097122782313460637 -0.79524513936823904 1.0000000180025095e-35 1.0000000180025095e-35 2.5000000000000004 1.0000000180025095e-35 1.0000000180025095e-35 3.0453955000000006 1.5000000000000002 0.90019487062193726 2.5000000000000004 2.5000000000000004 2.5000000000000004 2.5000000000000004 1.0000000180025095e-35 3.0442035000000005
decision_type=2 2 2 2 2 2 2 2 2 2 2 2 2 2 2 2 2 2 2 2 2 2 2 2 2 2 2 2 2 2
left_child=1 7 17 5 19 11 13 -1 20 16 -7 -4 22 15 25 -6 18 28 -10 -3 24 -12 -11 -13 -9 -15 -23 -16 -2 -25
right_child=2 4 3 -5 6 10 -8 8 9 12 21 23 -14 14 27 -17 -18 -19 -20 -21 -22 26 -24 29 -26 -27 -28 -29 -30 -31
leaf_value=-0.013039192001361 -0.0017704234156971439 0.0023743860795769397 0.013535217634912278 -0.011412711494191673 0.035121898524624905 0.029951614072388524 0.0037000772990018042 -0.011154589855945425 -0.0050322910823112649 0.037517518349263257 0.050877503695203025 0.014833835246775885 -0.0073324867331032509 -7.0758126234426248e-05 0.02819108748850337 0.07375193133801565 -0.0083389690056944916 0.0089368594423079421 0.0056819237572527789 -0.01234691797392256 -0.013022586278711411 0.062250971481164312 0.015847420416449563 0.028988609350382361 -0.0042294045587985708 0.018989387678781493 0.094224048144237904 0.059738333466143129 -0.015419640996931997 0.039854661010617527
leaf_weight=21191 3869 2787 1916 1122 1801 1064 1876 4121 2648 755 1410 401 442 545 178 315 3968 2225 5095 1300 6178 572 489 1768 8103 1044 140 323 652 1702
leaf_count=21191 3869 2787 1916 1122 1801 1064 1876 4121 2648 755 1410 401 442 545 178 315 3968 2225 5095 1300 6178 572 489 1768 8103 1044 140 323 652 1702
internal_value=7.03835e-07 -0.00464735 0.0174323 0.0287861 0.0125985 0.0338127 0.0226155 -0.00795691 -0.00457002 0.00114748 0.0478417 0.0260884 0.0194762 0.031052 0.0211045 0.0408758 -0.0014914 0.000441783 0.00201779 -0.00230838 -0.00873244 0.0568102 0.0290012 0.0323012 -0.00656412 0.0124525 0.0685502 0.0485378 -0.00373915 0.0343193
internal_weight=80000 63159 16841 10095 10169 8973 6082 52990 31799 13397 3186 5787 1686 4206 2090 2116 11711 6746 7743 4087 18402 2122 1244 3871 12224 1589 712 501 4521 3470
internal_count=80000 63159 16841 10095 10169 8973 6082 52990 31799 13397 3186 5787 1686 4206 2090 2116 11711 6746 7743 4087 18402 2122 1244 3871 12224 1589 712 501 4521 3470
is_linear=0
shrinkage=0.05


Tree=12
num_leaves=31
num_cat=0
split_feature=8 9 8 8 8 9 8 9 0 8 0 8 8 8 0 8 8 7 8 9 0 8 5 8 9 0 5 7 8 8
split_gain=17722.8 2830.63 2700.78 1901.35 804.051 515.024 447.652 503.407 276.397 276.382 211.032 167.506 119.937 110.762 84.8013 77.6917 67.7703 63.0402 58.5194 47.1139 46.8578 42.5156 31.6646 31.613 78.5835 29.1206 28.444 23.1337 22.3839 21.298
threshold=-1.2989301874618209 0.45124090117685461 -0.79124662551689706 -1.6043440453073161 -1.6043440453073161 0.45124090117685461 -0.032400351527980438 1.0000000180025095e-35 1.5000000000000002 -1.459674323169976 1.5000000000000002 -1.083934905952163 -1.083934905952163 -1.6739998374475167 2.5000000000000004 -0.39474442410344723 -1.459674323169976 0.30180427886069844 -1.5025394260254843 -1.117930881447166 1.5000000000000002 -1.5353580203992327 1.0000000180025095e-35 0.23952514471164901 0.45124090117685461 3.5000000000000004 1.0000000180025095e-35 -0.79524513936823904 -1.4034138756721219 -1.6739998374475167
decision_type=2 2 2 2 2 2 2 2 2 2 2 2 2 2 2 2 2 2 2 2 2 2 2 2 2 2 2 2 2 2
left_child=1 4 5 13 8 12 7 -4 29 21 18 -7 20 17 15 -9 -12 -3 -6 26 -2 -5 -15 24 -8 -10 -14 -13 -11 -1
right_child=2 3 6 9 10 11 23 14 25 28 16 27 19 22 -16 -17 -18 -19 -20 -21 -22 -23 -24 -25 -26 -27 -28 -29 -30 -31
leaf_value=0.10494874935327987 0.020007208925244279 0.14294521847887312 -0.016827532634679131 0.10049999500666862 0.061973315404120544 0.036115384198044928 -0.017315659790448055 0.0012180152877409903 0.047751484430326049 0.067185912555556879 0.029613952022683424 0.0097509200037985064 -0.015909154923875218 0.09985327275561999 0.0035254692553129473 -0.013638366754840064 0.013274901188060913 0.17005795635883278 0.038206671394915952 0.0024394372081387051 0.0072193948152008483 0.081616003993120578 0.13292330361204302 -0.016618329989159266 -0.0062091211625140905 0.063843942221494795 -0.001261300756539708 0.020115647247635742 0.054231772107683887 0.083650952866833592
leaf_weight=386 1090 428 7066 565 362 2095 3954 1822 595 497 1094 731 712 99 7122 1702 1512 443 914 2644 2090 641 289 34072 2667 537 620 2046 1032 173
leaf_count=386 1090 428 7066 565 362 2095 3954 1822 595 497 1094 731 712 99 7122 1702 1512 443 914 2644 2090 641 289 34072 2667 537 620 2046 1032 173
internal_value=7.01321e-07 0.0638548 -0.00867276 0.0959812 0.0408295 0.0129024 -0.013116 -0.00648093 0.0696045 0.0725704 0.0282937 0.0254414 0.00436525 0.146828 0.000386454 -0.00595741 0.0201349 0.156753 0.0449536 -0.00142374 0.0116031 0.0904706 0.124513 -0.0160039 -0.012842 0.0553904 -0.00909169 0.0173878 0.0584466 0.0983736
internal_weight=80000 9567 70433 3994 5573 12028 58405 17712 1691 2735 3882 4872 7156 1259 10646 3524 2606 871 1276 3976 3180 1206 388 40693 6621 1132 1332 2777 1529 559
internal_count=80000 9567 70433 3994 5573 12028 58405 17712 1691 2735 3882 4872 7156 1259 10646 3524 2606 871 1276 3976 3180 1206 388 40693 6621 1132 1332 2777 1529 559
is_linear=0
shrinkage=0.05


Tree=13
num_leaves=31
num_cat=0
split_feature=8 8 1 8 1 8 1 8 0 8 8 8 0 0 0 8 8 8 5 0 0 5 5 5 8 8 8 0 0 8
split_gain=15995.1 2437.46 2417.94 2101.33 457.581 404.006 454.325 354.114 343.375 239.454 181.31 161.018 119.205 91.0069 76.5335 73.7433 70.4135 61.1634 59.8232 57.8849 46.6203 37.36 37.1078 33.9882 33.7729 29.141 28.6015 48.7066 26.282 20.2028
threshold=-1.2989301874618209 -0.79124662551689706 1.5000000000000002 -1.5835812611116793 1.5000000000000002 -0.032400351527980438 1.5000000000000002 -1.6043440453073161 2.5000000000000004 -1.459674323169976 -1.1107255952368555 -1.6739998374475167 2.5000000000000004 2.5000000000000004 2.5000000000000004 -1.0022233036338508 -0.40880953597791081 -1.459674323169976 1.0000000180025095e-35 2.5000000000000004 2.5000000000000004 1.0000000180025095e-35 1.0000000180025095e-35 1.0000000180025095e-35 -1.6739998374475167 -0.96069773524257751 0.28372978203139171 4.5000000000000009 3.5000000000000004 -1.4034138756721219
decision_type=2 2 2 2 2 2 2 2 2 2 2 2 2 2 2 2 2 2 2 2 2 2 2 2 2 2 2 2 2 2
left_child=2 4 7 8 15 6 -3 28 24 12 19 18 -5 -11 16 -2 -8 -9 -10 -6 -12 -17 -14 -13 -4 -22 27 -7 -1 -15
right_child=1 5 3 9 10 26 14 17 11 13 20 23 22 29 -16 21 -18 -19 -20 -21 25 -23 -24 -25 -26 -27 -28 -29 -30 -31
leaf_value=0.045364312340563796 0.0054488596271014041 -0.015986168126621739 0.099702671413377172 0.053672971374154749 0.020186877084190594 -0.01439044931998926 0.001480764998670017 0.028133389682277223 0.12295357449503336 0.034105719926263704 0.0064193512179699071 0.092673516386241092 0.067997765868470589 0.063827293222514167 0.0033491982030285881 -0.013253184553652979 -0.012655163916895902 0.01261120008578304 0.1556144072010138 0.035313097246180106 0.022727498003430702 0.00061271947027742699 0.089232185858154678 0.12153578015455697 0.075216921043893811 0.012884267253826779 -0.015837923663717571 -0.0042262044851221689 0.060652340431993315 0.051520446359442779
leaf_weight=595 2797 7066 386 489 964 6118 1744 1094 179 735 1422 140 283 497 7122 1108 1780 1512 692 1842 1388 865 774 397 225 1642 33115 1460 537 1032
leaf_count=595 2797 7066 386 489 964 6118 1744 1094 179 735 1422 140 283 497 7122 1108 1780 1512 692 1842 1388 865 774 397 225 1642 33115 1460 537 1032
internal_value=7.47877e-07 -0.00823912 0.0606628 0.0807919 0.0122573 -0.0124602 -0.00615689 0.0292723 0.122031 0.0589355 0.0201632 0.13562 0.0741066 0.0485729 0.000367127 0.000227504 -0.00565956 0.0191283 0.148917 0.0301174 0.0138888 -0.00717439 0.0835539 0.11403 0.0906996 0.0173939 -0.0152037 -0.0124323 0.0526214 0.0555247
internal_weight=80000 70433 9567 5829 12028 58405 17712 3738 2019 3810 7258 1408 1546 2264 10646 4770 3524 2606 871 2806 4452 1973 1057 537 611 3030 40693 7578 1132 1529
internal_count=80000 70433 9567 5829 12028 58405 17712 3738 2019 3810 7258 1408 1546 2264 10646 4770 3524 2606 871 2806 4452 1973 1057 537 611 3030 40693 7578 1132 1529
is_linear=0
shrinkage=0.05


Tree=14
num_leaves=31
num_cat=0
split_feature=8 8 8 2 0 2 0 8 0 8 0 2 0 2 0 8 8 10 8 8 8 8 8 7 0 0 8 0 2 7
split_gain=14435.9 2199.89 2090.68 851.19 654.949 423.696 494.106 352.092 235.474 234.265 181.918 253.035 162.929 101.269 166.654 98.8361 97.7892 96.7119 80.4198 70.2148 48.6165 44.6444 42.4604 41.643 36.9775 34.2371 33.5196 33.463 49.222 31.2399
threshold=-1.2989301874618209 -0.77852104810666811 -1.5835812611116793 1.0000000180025095e-35 4.5000000000000009 1.0000000180025095e-35 4.5000000000000009 -0.032400351527980438 1.5000000000000002 -1.0564744494353533 4.5000000000000009 1.5000000000000002 1.5000000000000002 1.0000000180025095e-35 4.5000000000000009 -1.4308743321889319 -1.6739998374475167 3.0475755000000002 -1.4878045469189034 -0.31303282178513492 -1.4449394440633954 -1.6739998374475167 -1.5025394260254843 0.30180427886069844 1.5000000000000002 2.5000000000000004 -1.6739998374475167 4.5000000000000009 1.0000000180025095e-35 1.0996584012090167
decision_type=2 2 2 2 2 2 2 2 2 2 2 2 2 2 2 2 2 2 2 2 2 2 2 2 2 2 2 2 2 2
left_child=2 9 3 16 8 15 12 10 -5 13 11 19 22 -2 24 29 23 27 -8 -3 -14 -6 -7 -1 -15 -19 -10 28 -11 -4
right_child=1 7 5 4 21 6 18 -9 26 17 -12 -13 20 14 -16 -17 -18 25 -20 -21 -22 -23 -24 -25 -26 -27 -28 -29 -30 -31
leaf_value=0.13155883686721989 0.031488189138468993 0.0020787473584937158 0.069957383297107253 0.08616605767533074 0.1331243435305742 0.055827022678501398 0.082030912925603897 -0.014443557563749744 0.05489960452264199 0.014086261587119864 0.0043637313909031441 -0.015254792096277276 0.025410637420564611 0.016921396319417619 0.03171005823818878 0.051098684043835191 0.11113708379519571 -0.0094359861205826692 0.053500369894764581 -0.0082313389347117554 0.011339276503942532 0.10465001213351971 0.034399863971527077 0.16006308497156366 0.006128794658567081 0.014963617877699183 0.038115623140946721 0.014989803155350241 0.0017268428701508515 0.091512675030658852
leaf_weight=243 1206 4390 466 611 345 310 350 40693 755 1179 3434 6940 1099 1208 1156 660 303 1272 844 2647 1391 234 914 283 2314 162 493 1289 2543 266
leaf_count=243 1206 4390 466 611 345 310 350 40693 755 1179 3434 6940 1099 1208 1156 660 303 1272 844 2647 1391 234 914 283 2314 162 493 1289 2543 266
internal_value=7.8577e-07 -0.00782716 0.0576302 0.0900881 0.0752001 0.0407973 0.0338906 -0.0118976 0.0607313 0.011356 -0.00594722 -0.00848052 0.0248943 0.0185692 0.0152381 0.0651454 0.133858 0.00477046 0.0618698 -0.0017995 0.0175507 0.121637 0.0398308 0.146922 0.00983089 -0.00667869 0.048273 0.00804694 0.00564215 0.0778017
internal_weight=80000 70433 9567 3267 2438 6300 4908 58104 1859 12329 17411 13977 3714 5884 4678 1392 829 6445 1194 7037 2490 579 1224 526 3522 1434 1248 5011 3722 732
internal_count=80000 70433 9567 3267 2438 6300 4908 58104 1859 12329 17411 13977 3714 5884 4678 1392 829 6445 1194 7037 2490 579 1224 526 3522 1434 1248 5011 3722 732
is_linear=0
shrinkage=0.05


Tree=15
num_leaves=31
num_cat=0
split_feature=5 2 0 0 2 0 3 7 7 7 7 7 7 7 0 7 0 7 7 7 11 7 7 7 7 7 7 3 11 11
split_gain=5058.17 981.939 699.781 250.136 172.841 181.425 119.432 100.623 86.3793 71.7057 67.1601 61.4268 59.7456 32.547 26.3616 24.7768 18.2251 16.8465 16.8044 16.2913 16.1107 15.2831 14.7868 11.4829 9.93681 8.17701 7.42268 7.3634 6.58022 8.69118
threshold=1.0000000180025095e-35 1.0000000180025095e-35 4.5000000000000009 1.5000000000000002 1.0000000180025095e-35 4.5000000000000009 4.5000000000000009 -0.19685454760700036 -0.39631807819407994 -1.3936357311294776 -0.19685454760700036 1.0000000180025095e-35 -1.2939039658359379 -1.3936357311294776 3.5000000000000004 1.1993901665025566 1.5000000000000002 0.50126780944777805 -0.59578160878115949 0.99992663591547692 101.79626950000001 -1.4933674964230172 2.495903115318574 -1.0944404352488581 -0.59578160878115949 -1.0944404352488581 0.90019487062193726 1.0000000180025095e-35 101.79818450000002 101.79820050000002
decision_type=2 2 2 2 2 2 2 2 2 2 2 2 2 2 2 2 2 2 2 2 2 2 2 2 2 2 2 2 2 2
left_child=4 8 3 10 6 13 12 24 -2 -7 25 -5 -1 20 -13 -9 -15 -10 -14 -12 -6 -8 28 -11 -4 -3 -16 -24 -19 -30
right_child=1 2 7 11 5 9 21 15 17 23 19 14 18 16 26 -17 -18 22 -20 -21 -22 -23 27 -25 -26 -27 -28 -29 29 -31
leaf_value=0.020262146371270464 0.069314158963902153 0.051558104599062973 0.067269008173065012 0.017068513042295754 0.0026635677175037048 0.01324610568708862 0.0048045953575439164 0.036541237769520306 0.049467485033602647 0.0016222975721267429 0.02307656200517099 0.00051418407873864223 0.0053564326503648804 -0.0091311904958159343 0.010178514459996651 0.028268513882963045 -0.011573186081690518 0.03669394225515351 -0.00045466763649674188 0.015997452738795711 -0.0072300637295353827 -0.0089429890408720281 0.034265910643839589 -0.0046229904061152243 0.048886662524385296 0.035547385929020597 0.0051195915705310787 0.052928876849455533 0.053732189927096212 0.040174070719109389
leaf_weight=422 305 125 212 945 615 623 212 1608 581 792 1219 3629 1619 11525 1021 2078 22685 1512 5371 2444 1243 4331 65 10404 115 225 2503 302 133 1136
leaf_count=422 305 125 212 945 615 623 212 1608 581 792 1219 3629 1619 11525 1021 2078 22685 1512 5371 2444 1243 4331 65 10404 115 225 2503 302 133 1136
internal_value=8.33296e-07 0.0216629 0.016143 0.0101468 -0.00729614 -0.00863877 -0.00191807 0.0342382 0.0437253 -0.00326246 0.0203543 0.00508831 0.00199447 -0.0104005 0.00350536 0.0318783 -0.0107505 0.0416306 0.000891337 0.0183539 -0.00395529 -0.00830136 0.0401826 -0.00418119 0.0608212 0.0412786 0.00658555 0.0496337 0.0389337 0.0415992
internal_weight=80000 20158 16124 12111 59842 47887 11955 4013 4034 11819 4013 8098 7412 36068 7153 3686 34210 3729 6990 3663 1858 4543 3148 11196 327 350 3524 367 2781 1269
internal_count=80000 20158 16124 12111 59842 47887 11955 4013 4034 11819 4013 8098 7412 36068 7153 3686 34210 3729 6990 3663 1858 4543 3148 11196 327 350 3524 367 2781 1269
is_linear=0
shrinkage=0.05


Tree=16
num_leaves=31
num_cat=0
split_feature=8 9 8 8 8 8 1 9 8 0 0 8 8 8 8 8 0 8 8 7 8 9 7 0 7 9 0 5 7 8
split_gain=12650.4 1974.59 1881.88 1387.84 587.467 372.718 384.948 306.994 205.312 180.256 159.114 84.3265 80.7239 59.849 56.1928 54.5016 46.3247 50.7527 40.7907 37.9291 37.7859 91.3831 36.6105 31.3208 29.6852 23.0015 21.545 21.427 16.2685 15.611
threshold=-1.2989301874618209 0.45124090117685461 -0.86826985721038807 -1.6043440453073161 -1.6257765967350701 -0.12683753125652172 1.5000000000000002 0.45124090117685461 -1.5025394260254843 1.5000000000000002 1.5000000000000002 -1.1489023274675425 -1.700120759500092 -1.4878045469189034 -1.083934905952163 -1.5025394260254843 2.5000000000000004 -0.44832580267283234 -1.416809220314468 -0.59578160878115949 0.23952514471164901 0.45124090117685461 0.90019487062193726 1.5000000000000002 -0.097122782313460637 -1.117930881447166 3.5000000000000004 1.0000000180025095e-35 0.20207251356715863 -0.96069773524257751
decision_type=2 2 2 2 2 2 2 2 2 2 2 2 2 2 2 2 2 2 2 2 2 2 2 2 2 2 2 2 2 2
left_child=1 4 7 12 9 6 -4 14 24 -1 15 28 19 -12 23 -6 17 -8 -10 -3 21 -7 -14 -2 -5 27 -11 -16 -9 -13
right_child=2 3 5 8 10 20 16 11 18 26 13 29 22 -15 25 -17 -18 -19 -20 -21 -22 -23 -24 -25 -26 -27 -28 -29 -30 -31
leaf_value=0.085744234335467531 0.01682808002627123 0.11737391635714911 -0.013650696865441026 0.068485895054722759 0.05391497787108649 -0.014430986394260926 0.0023050601531130871 0.026818298043134188 0.060932349974245827 0.042217098956142785 0.027804175591041404 0.020494454121414984 0.099375720491632277 0.012341429416602051 -0.012889669453493777 0.03210957868296941 0.0039652408785927551 -0.0099553353198108662 0.045968557896488182 0.14235368094368658 -0.01393825812333967 -0.0041215018122089829 0.12742243610376255 0.006373068091947179 0.088647648004672716 0.0034572758870282678 0.056856834308777783 0.0021543819097692022 0.037452763583788691 0.012416365679426923
leaf_weight=503 1090 221 6869 280 418 5346 1898 651 750 536 974 1771 341 1751 519 914 6932 1520 1167 517 34072 3595 180 2090 538 1933 477 435 808 904
leaf_count=503 1090 221 6869 280 418 5346 1898 651 750 536 974 1771 341 1751 519 914 6932 1520 1167 517 34072 3595 180 2090 538 1933 477 435 808 904
internal_value=8.34118e-07 0.0539487 -0.00732704 0.0807811 0.0347177 -0.0106905 -0.00447401 0.0125324 0.06078 0.0612736 0.0247932 0.0230402 0.124222 0.0178691 0.00537229 0.0389559 0.00161637 -0.00314732 0.0518258 0.13489 -0.0131791 -0.0102858 0.109088 0.00995712 0.0817555 0.000321985 0.0491156 -0.00603045 0.0327099 0.0177651
internal_weight=80000 9567 70433 3994 5573 60232 17219 10201 2735 1516 4057 4134 1259 2725 6067 1332 10350 3418 1917 738 43013 8941 521 3180 818 2887 1013 954 1459 2675
internal_count=80000 9567 70433 3994 5573 60232 17219 10201 2735 1516 4057 4134 1259 2725 6067 1332 10350 3418 1917 738 43013 8941 521 3180 818 2887 1013 954 1459 2675
is_linear=0
shrinkage=0.05


Tree=17
num_leaves=31
num_cat=0
split_feature=8 8 8 0 8 0 0 0 0 8 0 8 0 0 0 0 0 0 0 0 0 0 8 8 0 0 8 0 8 0
split_gain=11426.3 1882.94 1526.51 449.388 336.378 310.718 306.284 362.604 193.409 167.029 151.413 133.444 128.128 86.8511 184.872 81.7355 61.0443 58.0643 125.139 81.4649 52.4048 112.835 48.908 45.8046 38.932 96.543 34.1016 65.8092 31.1751 29.6964
threshold=-1.3237115750501616 -0.86826985721038807 -1.6043440453073161 2.5000000000000004 -0.12683753125652172 2.5000000000000004 3.5000000000000004 4.5000000000000009 1.5000000000000002 -1.459674323169976 1.5000000000000002 -1.1107255952368555 4.5000000000000009 3.5000000000000004 4.5000000000000009 4.5000000000000009 2.5000000000000004 3.5000000000000004 2.5000000000000004 1.5000000000000002 3.5000000000000004 4.5000000000000009 -1.700120759500092 -0.44832580267283234 3.5000000000000004 2.5000000000000004 0.23952514471164901 4.5000000000000009 -1.5025394260254843 1.5000000000000002
decision_type=2 2 2 2 2 2 2 2 2 2 2 2 2 2 2 2 2 2 2 2 2 2 2 2 2 2 2 2 2 2
left_child=2 11 3 8 12 10 22 -8 -1 13 28 15 17 -7 -15 24 -13 18 19 23 -11 -22 -5 -3 25 29 27 -6 -4 -2
right_child=1 4 5 6 26 9 7 -9 -10 20 -12 16 -14 14 -16 -17 -18 -19 -20 -21 21 -23 -24 -25 -26 -27 -28 -29 -30 -31
leaf_value=0.079449796157986849 0.017481009316646257 0.0021898132525050291 0.049644033949245027 0.13318900655550495 -0.011886168066712527 0.073147566620814675 0.052170639743206883 0.11099638223205779 0.038480198457448989 0.048717209470097188 0.012105024510238805 0.00051612108434449333 0.0044657061700266896 0.029913893401098221 0.071184987669079311 0.030654223609419547 0.01127417622051049 -0.01204907748241615 0.0030992921058855308 -0.013873344659633037 0.016678791107686764 0.047203950875981317 0.10685977994984125 -0.0094576011548226455 0.0066782452573539708 0.030184379222409692 -0.01324134715704779 -0.001069771826042843 0.031935866946676286 0.0056427289247048549
leaf_weight=559 1081 1898 362 452 7193 671 537 512 595 678 1195 2158 3387 551 535 1054 3390 3409 3545 3460 630 583 295 1520 1038 1056 34072 1748 797 1039
leaf_count=559 1081 1898 362 452 7193 671 537 512 595 678 1195 2158 3387 551 535 1054 3390 3409 3545 3460 630 583 295 1520 1038 1056 34072 1748 797 1039
internal_value=8.62775e-07 -0.00670667 0.053235 0.0826857 -0.010156 0.0387588 0.0983304 0.0808904 0.0583311 0.0478975 0.0245949 0.0125017 -0.00425031 0.0589983 0.0502501 0.0182011 0.00708971 -0.0063846 -0.00453185 -0.00846501 0.0375808 0.0313527 0.122807 -0.00298997 0.0150857 0.0178331 -0.0125201 -0.00977156 0.0374706 0.0116797
internal_weight=80000 71048 8952 2950 60232 6002 1796 1049 1154 3648 2354 10816 17219 1757 1086 5268 5548 13832 10423 6878 1891 1213 747 3418 4214 3176 43013 8941 1159 2120
internal_count=80000 71048 8952 2950 60232 6002 1796 1049 1154 3648 2354 10816 17219 1757 1086 5268 5548 13832 10423 6878 1891 1213 747 3418 4214 3176 43013 8941 1159 2120
is_linear=0
shrinkage=0.05


Tree=18
num_leaves=31
num_cat=0
split_feature=9 3 6 3 6 6 11 6 11 6 1 1 6 1 6 6 1 6 6 6 6 1 11 6 6 6 1 6 6 11
split_gain=979.269 754.507 458.966 218.936 153.482 124.014 79.1077 51.5458 51.4895 29.7597 26.9705 25.1887 23.6596 20.7891 15.1396 11.0236 11.3257 8.64233 8.25405 8.16381 7.34912 7.42699 7.26264 7.07621 6.80732 6.56558 5.7911 5.76668 5.62818 5.27566
threshold=0.45124090117685461 4.5000000000000009 2.5000000000000004 4.5000000000000009 2.5000000000000004 1.0000000180025095e-35 101.79626950000001 2.5000000000000004 101.79622550000002 1.0000000180025095e-35 2.5000000000000004 2.5000000000000004 1.0000000180025095e-35 2.5000000000000004 3.5000000000000004 1.0000000180025095e-35 2.5000000000000004 3.5000000000000004 3.5000000000000004 1.5000000000000002 2.5000000000000004 3.5000000000000004 101.79825250000002 1.5000000000000002 3.5000000000000004 1.5000000000000002 2.5000000000000004 3.5000000000000004 1.5000000000000002 101.79801550000002
decision_type=2 2 2 2 2 2 2 2 2 2 2 2 2 2 2 2 2 2 2 2 2 2 2 2 2 2 2 2 2 2
left_child=3 2 5 4 6 10 9 15 14 -1 -2 19 -8 22 -6 -3 -17 -9 -10 -7 -5 -22 -4 -11 -23 -13 -19 -15 -18 -14
right_child=1 7 13 20 8 11 12 17 18 23 -12 25 29 27 -16 16 28 26 -20 -21 21 24 -24 -25 -26 -27 -28 -29 -30 -31
leaf_value=-0.0022750384713835191 0.0079672156428688603 -0.0085142868716927278 0.031250994759991102 -0.010329474955136281 0.019192331186166645 0.018267001378750505 -0.0069041553544371042 0.0086252028259128279 0.0052333429776472975 0.0048342506417058933 0.00322115082954905 0.01236646329366433 -0.0048287676534639603 0.028470139741525111 0.0091948921988205517 -0.0076521024929294239 0.00053631823187386682 -0.0042158727318611297 9.043983743983733e-05 0.013351809235700965 -0.0091480238434651119 0.0036112614700344 0.039059036856315461 0.00035791182988817829 -0.0069264044949345323 0.0079808180044331264 0.004833537673988684 0.022379801210782247 -0.0058660864069085029 -0.0022034552639923414
leaf_weight=6013 6008 4639 1230 11700 664 2545 12112 552 1395 2603 5966 2534 3437 704 882 1571 1021 356 1770 1267 1318 262 396 1336 369 1288 351 876 517 4318
leaf_count=6013 6008 4639 1230 11700 664 2545 12112 552 1395 2603 5966 2534 3437 704 882 1571 1021 356 1770 1267 1318 262 396 1336 369 1288 351 876 517 4318
internal_value=8.7917e-07 0.00680775 0.0116454 -0.00449489 -0.00237577 0.00877764 -0.00370076 -0.00544557 0.00601082 -6.20763e-05 0.00560255 0.0137577 -0.00552348 0.0291837 0.0134897 -0.0069703 -0.00466628 0.00393754 0.00235731 0.0166337 -0.00985588 -0.00701248 0.0331549 0.00331605 -0.00255114 0.0108888 0.000276881 0.0250951 -0.0016161 -0.00336704
internal_weight=80000 31821 22814 48179 34530 19608 29819 9007 4711 9952 11974 7634 19867 3206 1546 7748 3109 1259 3165 3812 13649 1949 1626 3939 631 3822 707 1580 1538 7755
internal_count=80000 31821 22814 48179 34530 19608 29819 9007 4711 9952 11974 7634 19867 3206 1546 7748 3109 1259 3165 3812 13649 1949 1626 3939 631 3822 707 1580 1538 7755
is_linear=0
shrinkage=0.05


Tree=19
num_leaves=31
num_cat=0
split_feature=5 1 0 1 0 10 3 0 0 0 3 11 11 10 11 10 10 3 11 3 3 10 11 10 11 3 10 10 10 11
split_gain=3678.84 1046.24 257.266 160.787 72.4467 50.8754 41.3919 23.7432 22.9461 11.9695 7.77762 6.60268 4.71092 4.81168 3.64957 3.45301 4.9604 3.37508 3.0032 5.72792 5.14025 2.94977 2.70025 4.2351 2.54983 2.43669 2.15657 6.25548 2.914 1.93061
threshold=1.0000000180025095e-35 1.5000000000000002 2.5000000000000004 1.5000000000000002 2.5000000000000004 3.0443835000000004 4.5000000000000009 3.5000000000000004 4.5000000000000009 4.5000000000000009 2.5000000000000004 101.79789950000001 101.79539250000002 3.0423445000000005 101.79494050000001 3.0446675000000005 3.0447385000000007 1.0000000180025095e-35 101.79818050000002 1.0000000180025095e-35 2.5000000000000004 3.0434815000000004 101.79822050000001 3.0469915000000003 101.79771750000002 4.5000000000000009 3.0452175000000006 3.0453955000000006 3.0450325000000005 101.79820050000002
decision_type=2 2 2 2 2 2 2 2 2 2 2 2 2 2 2 2 2 2 2 2 2 2 2 2 2 2 2 2 2 2
left_child=3 7 -3 -1 25 10 8 -2 -6 -8 12 14 17 24 -12 -7 -17 -4 20 22 26 -16 -20 -24 -14 -5 28 -28 -18 -21
right_child=1 2 5 4 6 15 9 -9 -10 -11 11 -13 13 -15 21 16 18 -19 19 29 -22 -23 23 -25 -26 -27 27 -29 -30 -31
leaf_value=-0.0093975921754730126 0.0018974248819636818 0.017467027984920915 0.029167998928858119 -0.0066976108324777045 0.0010907898606346545 0.042966807181212228 -0.0069800947167494506 0.0073125962460414296 -0.0028511393322252971 -0.0033344145954538537 0.042172706836861987 0.03708246579201846 0.018662833983121099 0.030057822143488001 0.031423919425031165 0.02282458178564882 0.037915280216083931 0.019023407741116254 0.040317127148826799 0.044908136344853689 0.031746176294818892 0.026325824744100768 0.020088315844515162 0.034160948053626794 0.026526912165877922 -0.0081596751221337683 0.024472015607987278 0.038812984757402462 0.049117326097763286 0.039309617390323619
leaf_weight=23926 4096 4013 125 7563 7412 268 4543 4002 7355 4464 61 476 127 1668 799 61 171 242 98 181 553 448 72 214 575 4579 94 414 91 1309
leaf_count=23926 4096 4013 125 7563 7412 268 4543 4002 7355 4464 61 476 127 1668 799 61 171 242 98 181 553 448 72 214 575 4579 94 414 91 1309
internal_value=8.45938e-07 0.0184748 0.0278089 -0.00622218 -0.00410681 0.0329661 -0.00250196 0.00457364 -0.000872573 -0.0051733 0.0294532 0.0320269 0.0277745 0.0285925 0.0301844 0.0374693 0.0370157 0.0224857 0.0372858 0.0385841 0.035444 0.0295946 0.0331094 0.0306264 0.0251071 -0.00724905 0.0380953 0.0361647 0.0418233 0.0399927
internal_weight=80000 20158 12060 59842 35916 8047 23774 8098 14767 9007 4521 1784 2737 2370 1308 3526 3258 367 3197 1874 1323 1247 384 286 702 12142 770 508 262 1490
internal_count=80000 20158 12060 59842 35916 8047 23774 8098 14767 9007 4521 1784 2737 2370 1308 3526 3258 367 3197 1874 1323 1247 384 286 702 12142 770 508 262 1490
is_linear=0
shrinkage=0.05


Tree=20
num_leaves=31
num_cat=0
split_feature=5 9 6 9 9 6 6 6 6 6 6 6 9 6 6 6 9 6 3 6 10 7 6 3 10 7 9 9 6 9
split_gain=3320.21 1015.42 305.099 197.073 161.032 148.36 100.717 87.2647 71.5775 38.2539 26.1484 24.1633 23.2996 22.5516 20.73 19.1786 17.8818 17.2639 16.9973 15.5891 15.2123 22.7018 14.6507 13.7248 13.1648 10.6216 10.1774 9.92551 9.84298 9.58203
threshold=1.0000000180025095e-35 0.45124090117685461 1.0000000180025095e-35 0.45124090117685461 1.0000000180025095e-35 2.5000000000000004 2.5000000000000004 1.0000000180025095e-35 1.0000000180025095e-35 1.0000000180025095e-35 2.5000000000000004 3.5000000000000004 1.0789096142264631 2.5000000000000004 3.5000000000000004 2.5000000000000004 1.0000000180025095e-35 3.5000000000000004 4.5000000000000009 3.5000000000000004 3.0442035000000005 1.9972442888508748 3.5000000000000004 4.5000000000000009 3.0443835000000004 1.8975125235573351 1.0789096142264631 1.0789096142264631 1.5000000000000002 1.0789096142264631
decision_type=2 2 2 2 2 2 2 2 2 2 2 2 2 2 2 2 2 2 2 2 2 2 2 2 2 2 2 2 2 2
left_child=3 4 20 10 7 9 24 -2 -6 23 -1 -7 -8 28 -14 -9 -12 -18 27 -17 -3 -22 -15 26 -4 -26 -5 -11 -10 -20
right_child=1 2 6 5 8 11 12 15 13 18 16 -13 14 22 -16 19 17 -19 29 -21 21 -23 -24 -25 25 -27 -28 -29 -30 -31
leaf_value=-0.0087667624867113821 -0.00065288988295942988 0.019037669989017642 0.032599120796711088 -0.0026039478036614496 0.010038943878876126 0.0122191659166219 0.059535329043697904 0.007307946316658139 0.02281453352677347 0.0027567408652610717 -0.0069644269050969307 0.0035070896169305484 0.058103534131116845 0.04141126521106421 0.039054257885259 0.02189765724735546 0.0052793487095996912 -0.0051664622916814994 -0.0069205391936949774 0.010445799862330673 0.021317469061677835 0.032633261696883673 0.025438344700148705 -0.0078295651853500896 0.037863288988201946 0.051933339117411083 -0.0062158906884859826 -0.0016840217933288141 0.013774509969237193 -0.0013685998398633274
leaf_weight=31289 4202 2174 1450 3933 2044 1519 654 2635 894 2507 3180 1672 225 227 395 480 717 882 1571 781 1333 665 393 4639 995 156 3869 2526 455 1538
leaf_count=31289 4202 2174 1450 3933 2044 1519 654 2635 894 2507 3180 1672 225 227 395 480 717 882 1571 781 1333 665 393 4639 995 156 3869 2526 455 1538
internal_value=8.46009e-07 0.0175512 0.0313182 -0.00591107 0.0084037 -0.00237686 0.0414204 0.00434496 0.0165937 -0.00393207 -0.00824061 0.00765452 0.0529405 0.0233973 0.0459756 0.00973523 -0.00479569 -0.000482469 -0.00126755 0.0148063 0.0219344 0.0250852 0.0312922 -0.00567583 0.0357758 0.0397746 -0.00439516 0.000527988 0.0197667 -0.00417417
internal_weight=80000 20158 8047 59842 12111 23774 3875 8098 4013 20583 36068 3191 1274 1969 620 3896 4779 1599 8142 1261 4172 1998 620 12441 2601 1151 7802 5033 1349 3109
internal_count=80000 20158 8047 59842 12111 23774 3875 8098 4013 20583 36068 3191 1274 1969 620 3896 4779 1599 8142 1261 4172 1998 620 12441 2601 1151 7802 5033 1349 3109
is_linear=0
shrinkage=0.05


Tree=21
num_leaves=31
num_cat=0
split_feature=5 9 9 9 7 7 7 10 7 3 9 3 9 7 7 7 7 11 9 9 7 7 7 7 7 3 3 11 7 7
split_gain=2996.52 916.43 177.859 145.334 106.899 69.6055 40.7078 37.9556 37.3479 29.6962 18.6715 17.9207 17.6225 17.3254 16.937 10.5054 9.31952 9.05687 8.5403 7.97525 7.40871 7.34309 8.7914 5.8558 5.729 5.52022 5.26968 6.46954 4.88013 4.7665
threshold=1.0000000180025095e-35 0.45124090117685461 0.45124090117685461 1.0000000180025095e-35 -0.39631807819407994 -1.2939039658359379 -0.19685454760700036 3.0443835000000004 1.0000000180025095e-35 4.5000000000000009 -1.117930881447166 4.5000000000000009 1.0789096142264631 -1.2939039658359379 0.60099957474131782 0.99992663591547692 -0.59578160878115949 101.79632150000002 1.0000000180025095e-35 1.0789096142264631 -0.29658631290054016 0.50126780944777805 2.495903115318574 -1.4933674964230172 -1.4933674964230172 1.0000000180025095e-35 2.5000000000000004 101.79797650000002 0.40153604415423816 0.90019487062193726
decision_type=2 2 2 2 2 2 2 2 2 2 2 2 2 2 2 2 2 2 2 2 2 2 2 2 2 2 2 2 2 2
left_child=2 3 13 8 -3 11 24 14 -2 12 -10 -4 16 17 -6 -8 -7 -1 -15 -11 -14 28 -23 -13 -5 -24 -16 -28 -9 -12
right_child=1 4 5 6 7 9 15 21 10 19 29 23 20 18 26 -17 -18 -19 -20 -21 -22 22 25 -25 -26 -27 27 -29 -30 -31
leaf_value=0.00058495793861785704 0.01346927909997314 0.050625712485854818 0.012790313536077231 0.044990283650023985 0.031487681476529993 0.0035077459558773214 0.017999102458139019 0.035507082343194753 0.00037607608184280888 -0.0069207825511664808 0.0083649409153341743 0.0063100370538407046 -0.001627616344736591 -0.0086879384043667233 0.02188232329983078 0.012314589856488395 -0.00081981443796585909 -0.0059189008991235486 -0.0070031191449522225 -0.0038022694539859426 -0.0049025219664105037 0.030168438975234291 0.025106285473241931 -0.0022455849547563301 0.028863415631426848 0.041958242945211437 0.023954673740759647 0.032118141831196691 0.048567658681401338 0.004310959632287858
leaf_weight=810 945 570 838 69 818 1619 1219 405 3629 4154 1021 431 3238 22334 2065 2444 5371 1578 11346 4049 3701 2440 60 373 281 269 1011 321 88 2503
leaf_count=810 945 570 838 69 818 1619 1219 405 3629 4154 1021 431 3238 22334 2065 2444 5371 1578 11346 4049 3701 2440 60 373 281 269 1011 321 88 2503
internal_value=8.33709e-07 0.0166738 -0.00561552 0.00798358 0.0297525 -0.00225802 0.0157642 0.0281606 0.00412774 -0.00299494 0.00289343 0.00767431 -0.00158941 -0.00782858 0.025025 0.0142068 0.000182556 -0.00371289 -0.00812038 -0.00538155 -0.00337437 0.0322113 0.0312065 0.00234104 0.0320547 0.0388935 0.0234679 0.0259243 0.0378478 0.00548571
internal_weight=80000 20158 59842 12111 8047 23774 4013 7477 8098 22132 7153 1642 13929 36068 4215 3663 6990 2388 33680 8203 6939 3262 2769 804 350 329 3397 1332 493 3524
internal_count=80000 20158 59842 12111 8047 23774 4013 7477 8098 22132 7153 1642 13929 36068 4215 3663 6990 2388 33680 8203 6939 3262 2769 804 350 329 3397 1332 493 3524
is_linear=0
shrinkage=0.05


Tree=22
num_leaves=31
num_cat=0
split_feature=8 8 9 8 8 8 1 9 8 11 11 8 7 5 8 8 0 5 8 7 0 8 8 8 8 0 8 9 9 9
split_gain=9422.63 1596 1293.81 875.758 366.256 233.281 233.622 227.155 140.427 127.915 94.5911 90.3509 49.3682 42.1819 41.1731 32.9839 37.4618 61.2548 30.7568 30.0262 29.7779 28.1324 18.3041 18.102 17.1 27.872 16.9013 16.3915 16.2807 16.254
threshold=-1.3498324971027367 -0.89506054649508071 0.45124090117685461 -1.6257765967350701 -1.6257765967350701 -0.054502670187851793 1.5000000000000002 0.45124090117685461 -1.5025394260254843 101.79626950000001 101.79626950000001 -1.1489023274675425 0.30180427886069844 1.0000000180025095e-35 -1.1107255952368555 -0.61174900730945692 2.5000000000000004 1.0000000180025095e-35 -1.5025394260254843 -0.097122782313460637 1.5000000000000002 -1.5186138395962998 -1.700120759500092 -1.6739998374475167 0.23952514471164901 4.5000000000000009 -0.32575839919536381 -1.117930881447166 0.45124090117685461 -1.117930881447166
decision_type=2 2 2 2 2 2 2 2 2 2 2 2 2 2 2 2 2 2 2 2 2 2 2 2 2 2 2 2 2 2
left_child=2 7 4 12 9 6 -3 14 19 -1 21 -9 22 24 20 -8 26 -18 -12 -5 -2 -6 -4 -14 25 -7 -17 -11 -26 -20
right_child=1 5 3 8 10 13 15 11 -10 27 18 -13 23 -15 -16 16 17 -19 29 -21 -22 -23 -24 -25 28 -27 -28 -29 -30 -31
leaf_value=0.074798436330996018 0.015891165983089952 -0.011171557196597891 0.10595822259598048 0.058866173105224073 0.047982537815712975 -0.0099842514886646829 0.0036559788622577958 0.028440431629144836 0.046198866243738729 0.037885780554112604 0.02613326409271359 0.014068584306297208 0.12541711970380184 -0.017426517489898149 0.0014106444240375828 -0.0028319037381596798 0.0034451459837317438 -0.0096562777748663217 0.0086969345987519889 0.077502116832024487 0.0061811658118704751 0.030913814603822407 0.086270796746521591 0.10380207082959317 -0.010291752075627408 -0.0016825227522497277 -0.010943206371960298 0.05064249551341643 -0.012593930189661935 0.0194984975725917
leaf_weight=501 1191 7847 361 332 358 5168 4006 1995 1381 536 837 2421 443 2493 2894 1291 4002 1148 709 631 2343 745 181 129 19811 1257 1278 479 12547 685
leaf_count=501 1191 7847 361 332 358 5168 4006 1995 1381 536 837 2421 443 2493 2894 1291 4002 1148 709 631 2343 745 181 129 19811 1257 1278 479 12547 685
internal_value=8.20382e-07 -0.0058407 0.0504083 0.073776 0.0337463 -0.00899007 -0.00449412 0.011831 0.0564252 0.0541223 0.0244798 0.0205618 0.110276 -0.0111219 0.00583277 -2.51699e-05 -0.00193563 0.000524542 0.0185566 0.071084 0.00945391 0.0364576 0.0994008 0.120561 -0.0107166 -0.00836014 -0.0068673 0.0439103 -0.0111845 0.0140058
internal_weight=80000 71692 8308 3458 4850 60848 19572 10844 2344 1516 3334 4416 1114 41276 6428 11725 7719 5150 2231 963 3534 1103 542 572 38783 6425 2569 1015 32358 1394
internal_count=80000 71692 8308 3458 4850 60848 19572 10844 2344 1516 3334 4416 1114 41276 6428 11725 7719 5150 2231 963 3534 1103 542 572 38783 6425 2569 1015 32358 1394
is_linear=0
shrinkage=0.05


Tree=23
num_leaves=31
num_cat=0
split_feature=8 8 1 8 8 1 1 0 8 8 8 0 5 0 5 0 8 0 5 0 8 8 8 0 8 8 8 0 1 0
split_gain=8505.37 1521 1089.53 901.776 211.557 210.275 203.884 157.92 150.168 137.286 116.338 62.4932 42.9813 40.0851 35.6817 33.332 27.3706 46.9292 24.3184 27.1711 40.416 23.9245 20.3959 19.9747 18.8326 18.6025 17.1176 14.7419 14.0131 13.9436
threshold=-1.3625580745129657 -0.89506054649508071 1.5000000000000002 -1.6257765967350701 -0.17506077196896827 1.5000000000000002 1.5000000000000002 2.5000000000000004 -1.6257765967350701 -1.5025394260254843 -1.1489023274675425 2.5000000000000004 1.0000000180025095e-35 2.5000000000000004 1.0000000180025095e-35 2.5000000000000004 0.23952514471164901 4.5000000000000009 1.0000000180025095e-35 2.5000000000000004 -0.52869787052691009 -1.5025394260254843 -1.0444186392572414 2.5000000000000004 -1.700120759500092 -1.2620929896953685 -0.7021675836452943 3.5000000000000004 1.5000000000000002 3.5000000000000004
decision_type=2 2 2 2 2 2 2 2 2 2 2 2 2 2 2 2 2 2 2 2 2 2 2 2 2 2 2 2 2 2
left_child=2 6 8 7 5 -3 22 -4 27 11 15 -5 16 -11 -9 -8 17 -6 19 20 -7 -10 -2 -12 -16 -17 -20 -1 -18 -23
right_child=1 4 3 9 12 18 10 14 21 13 23 -13 -14 -15 24 25 28 -19 26 -21 -22 29 -24 -25 -26 -27 -28 -29 -30 -31
leaf_value=0.035991844913448513 0.0053634833835783579 -0.010633994613501639 0.070975441118140276 0.044354083609812474 -0.0092921455966159527 0.0057169146329695067 0.016689550346717801 0.087577413821686809 0.024826757029756299 0.029371851638700836 0.0054079432325357599 0.067530549051326258 -0.016358219541642832 0.044910100011465282 0.11456303210937502 0.032371933864725658 -0.0093654591349961198 -0.00022269372327655236 0.0023807913862936209 0.0047420267223353867 -0.0079822497468370474 0.0087533751755370925 -0.0020668150149216217 0.013365184149425944 0.098637218216366951 0.023013464985997788 -0.0053049664364108002 0.048103087765381941 -0.011484906050616769 0.019246977629816461
leaf_weight=536 3048 6642 503 418 7278 952 1073 240 837 624 1170 963 2789 1245 594 1021 13125 1774 1092 4572 1239 642 1325 2421 280 1110 2152 477 19233 625
leaf_count=536 3048 6642 503 418 7278 952 1073 240 837 624 1170 963 2789 1245 594 1021 13125 1774 1092 4572 1239 642 1325 2421 280 1110 2152 477 19233 625
internal_value=8.34814e-07 -0.00542753 0.0489644 0.0637457 -0.00854057 -0.00373687 0.0115335 0.0942584 0.0258829 0.0485621 0.0169531 0.0605192 -0.01035 0.0397242 0.104764 0.0238793 -0.00994533 -0.00751475 0.000841056 0.00254813 -0.00202991 0.0182664 0.00311214 0.0107728 0.109473 0.0274986 -0.00271778 0.041699 -0.0106253 0.0139309
internal_weight=80000 72016 7984 4867 60848 16649 11168 1617 3117 3250 6795 1381 44199 1869 1114 3204 41410 9052 10007 6763 2191 2104 4373 3591 874 2131 3244 1013 32358 1267
internal_count=80000 72016 7984 4867 60848 16649 11168 1617 3117 3250 6795 1381 44199 1869 1114 3204 41410 9052 10007 6763 2191 2104 4373 3591 874 2131 3244 1013 32358 1267
is_linear=0
shrinkage=0.05


Tree=24
num_leaves=31
num_cat=0
split_feature=7 1 3 1 3 0 7 0 3 10 7 0 7 3 7 0 10 7 7 0 7 7 7 10 7 7 7 7 0 7
split_gain=797.674 383.682 276.881 175.203 124.32 111.34 99.5507 61.0519 31.3248 27.2839 24.3781 17.0353 15.5114 15.4927 13.164 11.4056 11.1145 9.14697 7.84957 7.22383 6.81284 5.49788 4.82643 4.35237 4.06511 3.65562 3.70531 3.60731 3.32886 3.12131
threshold=0.60099957474131782 1.5000000000000002 4.5000000000000009 1.5000000000000002 4.5000000000000009 2.5000000000000004 -1.2939039658359379 2.5000000000000004 4.5000000000000009 3.0443835000000004 0.40153604415423816 4.5000000000000009 -1.4933674964230172 4.5000000000000009 1.8975125235573351 4.5000000000000009 3.0475755000000002 -1.2939039658359379 -0.69551337407469915 2.5000000000000004 0.30180427886069844 0.80046310532839737 0.30180427886069844 3.0462855000000002 0.99992663591547692 -0.8949769046617787 0.30180427886069844 -1.8922945575971761 4.5000000000000009 2.495903115318574
decision_type=2 2 2 2 2 2 2 2 2 2 2 2 2 2 2 2 2 2 2 2 2 2 2 2 2 2 2 2 2 2
left_child=3 8 5 13 6 -3 19 22 16 21 11 18 28 17 24 -14 -2 -1 -9 27 -19 -7 -8 -12 -11 -13 -27 -5 -6 -16
right_child=1 2 -4 4 12 9 7 10 -10 14 23 25 15 -15 29 -17 -18 20 -20 -21 -22 -23 -24 -25 -26 26 -28 -29 -30 -31
leaf_value=-0.00031821052848619033 0.0036669420536751436 0.010441911591392796 -0.0059192123447931247 0.01747246350415961 0.00030148079124382753 0.013977366023193993 -0.0033252315360561974 0.0071873665657829246 -0.0080725134945368437 0.020138862530803416 0.0083577350542166102 0.0038221563314992588 -0.0061948937237559457 -0.0077736900605537276 0.028287167452346464 -0.0028576079015143318 -0.00052005102037469726 -0.0057674308909866174 0.0029216036686730744 0.01639043640808565 -0.0024857434164285326 0.019718616072856649 0.00063932924710459157 0.016551399200151039 0.024912348647642784 -0.00039380274815817279 0.0048669585981794211 0.0068331857303363377 0.0078917501665590594 0.034519233366882847
leaf_weight=941 3153 3209 1377 100 424 483 7013 1319 973 686 822 652 7740 8097 532 3826 3187 13888 5913 1010 1785 3106 862 202 1294 6112 354 392 219 329
leaf_count=941 3153 3209 1377 100 424 483 7013 1319 973 686 822 652 7740 8097 532 3826 3187 13888 5913 1010 1785 3106 862 202 1294 6112 354 392 219 329
internal_value=8.38747e-07 0.00915898 0.0150531 -0.00272103 -0.000541909 0.0180492 0.00149475 0.00068873 0.000280239 0.0218455 0.00252251 0.00199061 -0.00467075 -0.0059803 0.0255071 -0.00509096 0.00156224 -0.00510623 0.0036997 0.01397 -0.0053937 0.0189464 -0.00289127 0.00997552 0.0232596 0.000254121 -0.000105716 0.00899875 0.00288748 0.0306723
internal_weight=80000 18329 11016 61671 36960 9639 24751 23249 7313 6430 15374 14350 12209 24711 2841 11566 6340 16614 7232 1502 15673 3589 7875 1024 1980 7118 6466 492 643 861
internal_count=80000 18329 11016 61671 36960 9639 24751 23249 7313 6430 15374 14350 12209 24711 2841 11566 6340 16614 7232 1502 15673 3589 7875 1024 1980 7118 6466 492 643 861
is_linear=0
shrinkage=0.05


Tree=25
num_leaves=31
num_cat=0
split_feature=8 8 9 8 8 9 8 1 11 8 8 11 8 8 0 8 0 8 6 8 6 6 8 8 6 8 9 9 0 6
split_gain=7582.16 1333.06 1010.92 667.724 279.177 181.256 179.5 174.746 101.751 100.129 80.5485 71.143 35.8499 32.175 37.0561 25.8157 23.9534 21.5605 21.5051 21.07 18.5708 16.7963 16.74 15.2913 14.2895 14.8018 13.1182 12.3364 11.9384 11.6398
threshold=-1.3625580745129657 -0.89506054649508071 0.45124090117685461 -1.6257765967350701 -1.6257765967350701 0.45124090117685461 0.013143820255996802 1.5000000000000002 101.79626950000001 -1.5025394260254843 -1.1489023274675425 101.79626950000001 -1.083934905952163 -0.28892120142891164 2.5000000000000004 -1.700120759500092 1.5000000000000002 -1.5025394260254843 2.5000000000000004 -1.5353580203992327 2.5000000000000004 2.5000000000000004 -1.2620929896953685 -0.7021675836452943 1.0000000180025095e-35 -1.5527719684342831 -1.117930881447166 -1.117930881447166 4.5000000000000009 1.0000000180025095e-35
decision_type=2 2 2 2 2 2 2 2 2 2 2 2 2 2 2 2 2 2 2 2 2 2 2 2 2 2 2 2 2 2
left_child=2 5 4 15 8 12 7 -3 -1 24 22 19 16 20 -15 18 -2 -13 -4 -6 23 -12 -7 -9 -5 -26 -10 -19 -16 -11
right_child=1 6 3 9 11 10 -8 13 26 29 21 17 -14 14 28 -17 -18 27 -20 -21 -22 -23 -24 -25 25 -27 -28 -29 -30 -31
leaf_value=0.067277644936540273 0.013724291814559413 -0.0098726368695331787 0.11286815705998743 0.072414490124963385 0.044705510061933747 0.030145596034965812 -0.010031716131627531 0.0061701366454821891 0.034338878445703214 0.047855991736371041 0.014646630228273755 0.023660660978696377 0.00078548369421782061 -0.010650464111158719 -0.0040340196715990713 0.088115943483344672 0.0056319045345873059 0.0084463079735085031 0.095627646335130725 0.028919004699873765 -0.0029944519368271896 0.0051240307800002093 0.021268276435277299 0.00086690361713525656 0.065227306575156116 0.049696303589535827 0.045751610228825755 0.018308766562122752 0.0023734252270849296 0.037987044775861553
leaf_weight=501 1380 8542 372 308 296 1021 39550 1965 536 507 1797 837 2525 1449 1469 376 2711 642 366 744 2025 624 1110 4409 404 251 479 627 1439 738
leaf_count=501 1380 8542 372 308 296 1021 39550 1965 536 507 1797 837 2525 1449 1469 376 2711 642 366 744 2025 624 1110 4409 404 251 479 627 1439 738
internal_value=8.09693e-07 -0.00512449 0.0462307 0.0673074 0.031211 0.0107542 -0.00803887 -0.00433815 0.0488368 0.0513808 0.0184335 0.0227161 0.00547044 -0.000631951 -0.00411842 0.0988672 0.00836194 0.0174309 0.104332 0.033416 0.00117669 0.0121925 0.0255228 0.00250187 0.0634908 0.0592842 0.0397288 0.0133203 -0.000863375 0.0420095
internal_weight=80000 72016 7984 3322 4662 11168 60848 21298 1516 2208 4552 3146 6616 12756 4357 1114 4091 2106 738 1040 8399 2421 2131 6374 963 655 1015 1269 2908 1245
internal_count=80000 72016 7984 3322 4662 11168 60848 21298 1516 2208 4552 3146 6616 12756 4357 1114 4091 2106 738 1040 8399 2421 2131 6374 963 655 1015 1269 2908 1245
is_linear=0
shrinkage=0.05


Tree=26
num_leaves=31
num_cat=0
split_feature=8 8 9 8 8 9 8 1 0 8 8 0 5 7 8 0 8 0 5 0 7 7 8 8 8 8 8 7 10 8
split_gain=6850.67 1332.38 874.815 534.686 214.179 183.766 168.312 161.808 91.5601 84.7235 72.2495 59.0748 42.1655 38.4634 33.4818 27.8189 27.775 28.573 58.5287 18.5992 17.2351 17.1528 15.5723 14.4722 14.3722 14.0209 13.9501 12.4549 12.2972 10.7921
threshold=-1.3900185310297755 -0.90845589113742709 0.45124090117685461 -1.6257765967350701 -1.6257765967350701 0.45124090117685461 -0.021014308581986097 1.5000000000000002 1.5000000000000002 -1.2111906800544525 -1.5353580203992327 1.5000000000000002 1.0000000180025095e-35 0.30180427886069844 -1.1107255952368555 1.5000000000000002 -0.6358606276656803 2.5000000000000004 1.0000000180025095e-35 3.5000000000000004 2.0969760541444149 -0.097122782313460637 -0.39474442410344723 -1.700120759500092 -1.5353580203992327 -1.0564744494353533 -1.6739998374475167 -0.8949769046617787 3.0437365000000005 0.38285533238475428
decision_type=2 2 2 2 2 2 2 2 2 2 2 2 2 2 2 2 2 2 2 2 2 2 2 2 2 2 2 2 2 2
left_child=2 5 4 13 8 14 7 -3 -1 27 21 24 29 23 15 -2 -9 22 -19 -13 -12 -5 -18 -4 -6 -11 -15 -7 -10 -8
right_child=1 6 3 10 11 9 12 16 28 25 20 19 -14 26 -16 -17 17 18 -20 -21 -22 -23 -24 -25 -26 -27 -28 -29 -30 -31
leaf_value=0.063836476509926729 0.014374349165534345 -0.0093394982792132149 0.090155552232685579 0.052644914506197772 0.042470989478339986 0.016716174988649392 -0.0074928446284101531 0.0032160148759163079 0.043827951523675253 0.016712105693797569 0.041377665156658194 0.012846068285409457 -0.015898140336384033 0.10726080259278373 0.001452450500417836 0.005670458056883626 -0.001302570670582809 0.0028503330756700579 -0.00924326889324102 0.022889395294633262 0.060072959015731078 0.069050464111299406 -0.0088713103364180309 0.072666333281717399 0.02904624838209376 0.0097443772780108819 0.088301403712016682 0.02898846558385549 0.032730387957250758 -0.0095173156642947253
leaf_weight=503 1384 8300 361 246 296 240 8475 3830 456 1512 1127 926 2401 443 2723 2727 1102 4456 1290 919 139 464 1773 181 616 1383 129 1514 557 29527
leaf_count=503 1384 8300 361 246 296 240 8475 3830 456 1512 1127 926 2401 443 2723 2727 1102 4456 1290 919 139 464 1773 181 616 1383 129 1514 557 29527
internal_value=8.25719e-07 -0.00465763 0.0459566 0.0662235 0.0312994 0.0109698 -0.00759204 -0.00393183 0.0463955 0.0186386 0.0506023 0.0229971 -0.00947191 0.0939252 0.00575271 0.00860097 -0.000326959 -0.00190099 0.000135157 0.0178496 0.0434349 0.0633745 -0.00597033 0.0843295 0.0334076 0.0133839 0.103001 0.0273103 0.0377298 -0.00906585
internal_weight=80000 72637 7363 3090 4273 11483 61154 20751 1516 4649 1976 2757 40403 1114 6834 4111 12451 8621 5746 1845 1266 710 2875 542 912 2895 572 1754 1013 38002
internal_count=80000 72637 7363 3090 4273 11483 61154 20751 1516 4649 1976 2757 40403 1114 6834 4111 12451 8621 5746 1845 1266 710 2875 542 912 2895 572 1754 1013 38002
is_linear=0
shrinkage=0.05


Tree=27
num_leaves=31
num_cat=0
split_feature=5 9 9 0 7 7 7 7 0 0 3 0 7 7 7 3 7 7 0 7 7 0 7 0 7 3 7 3 7 7
split_gain=1683.89 503.998 93.3076 78.8118 57.1212 29.3357 22.4769 20.4982 20.387 13.2062 13.0678 11.182 10.3421 10.1693 8.40783 7.84661 6.3262 6.22881 5.67256 4.5923 4.45278 3.96909 3.95906 3.75124 3.48664 3.39889 3.09417 2.88421 3.92539 2.79607
threshold=1.0000000180025095e-35 0.45124090117685461 0.45124090117685461 1.5000000000000002 -0.19685454760700036 -1.2939039658359379 -0.097122782313460637 0.10234074827361882 4.5000000000000009 3.5000000000000004 4.5000000000000009 4.5000000000000009 1.1993901665025566 2.495903115318574 0.50126780944777805 3.5000000000000004 0.99992663591547692 -1.2939039658359379 4.5000000000000009 -0.59578160878115949 -0.49604984348761971 1.5000000000000002 -0.29658631290054016 1.5000000000000002 -1.4933674964230172 1.0000000180025095e-35 0.90019487062193726 3.5000000000000004 2.8948301764927331 -0.49604984348761971
decision_type=2 2 2 2 2 2 2 2 2 2 2 2 2 2 2 2 2 2 2 2 2 2 2 2 2 2 2 2 2 2
left_child=2 3 17 6 19 15 24 29 13 -9 11 20 -10 14 -6 -4 -8 21 -12 -3 -7 -1 -13 -19 -2 -15 -11 28 -27 -5
right_child=1 4 5 7 8 10 16 9 12 26 18 22 -14 25 -16 -17 -18 23 -20 -21 -22 -23 -24 -25 -26 27 -28 -29 -30 -31
leaf_value=-0.00046154780491278506 0.033336737757891033 0.038826443642488495 0.0088175698340227284 0.012322660023472499 0.028669394440335366 0.0020241626094786697 0.013564711737643615 7.5985599319298994e-05 0.021266806092218069 0.006860486121508253 -0.0051372285537676921 -0.0014684724324822577 0.015922954398834503 0.020999777960532366 0.021576591598664555 0.0017896930331669952 0.0090975829278453126 -0.0052467616793845295 -0.0025072259514971346 0.030585970616802995 -0.0007345280397362485 -0.0047857546252865098 -0.0038624865664494811 -0.0063634200945196758 0.020934678738801411 0.03133735163699726 0.003500926398324253 0.025318308398318352 0.045063160862729885 0.0072601133191337597
leaf_weight=796 69 441 673 499 493 2084 1174 3549 1608 944 4154 3238 2078 65 2781 969 2444 11346 4049 279 4906 1592 3701 22334 326 139 2503 78 85 603
leaf_count=796 69 441 673 499 493 2084 1174 3549 1608 944 4154 3238 2078 65 2781 969 2444 11346 4049 279 4906 1592 3701 22334 326 139 2503 78 85 603
internal_value=8.38582e-07 0.0124994 -0.00420936 0.00605484 0.0221985 -0.00177751 0.0117844 0.0032154 0.0208774 0.00221693 -0.00225592 -0.00132353 0.0182547 0.0235319 0.0226455 0.00467054 0.0105475 -0.00581229 -0.00383911 0.035638 8.79657e-05 -0.00334443 -0.00274539 -0.00598726 0.023109 0.0314311 0.00442115 0.0336685 0.0365636 0.00955341
internal_weight=80000 20158 59842 12111 8047 23774 4013 8098 7327 6996 22132 13929 3686 3641 3274 1642 3618 36068 8203 720 6990 2388 6939 33680 395 367 3447 302 224 1102
internal_count=80000 20158 59842 12111 8047 23774 4013 8098 7327 6996 22132 13929 3686 3641 3274 1642 3618 36068 8203 720 6990 2388 6939 33680 395 367 3447 302 224 1102
is_linear=0
shrinkage=0.05


Tree=28
num_leaves=31
num_cat=0
split_feature=8 8 8 0 10 8 0 0 8 0 0 0 10 5 8 10 0 8 10 0 0 0 10 10 8 0 5 8 0 0
split_gain=6043.7 1154.11 620.206 191.226 154.034 152.479 151.92 117.866 90.6009 79.2626 74.9786 74.8837 55.3664 54.1212 48.3535 46.3082 68.983 32.1003 29.0856 48.0674 27.0631 47.4437 23.5868 45.3613 20.5543 35.6326 19.5007 28.4216 19.1396 18.3264
threshold=-1.3900185310297755 -0.93591634765423681 -1.6472091481628242 2.5000000000000004 3.0438415000000005 -0.17506077196896827 2.5000000000000004 4.5000000000000009 -1.5353580203992327 1.5000000000000002 1.5000000000000002 4.5000000000000009 3.0475565000000002 1.0000000180025095e-35 -1.1616279048777716 3.0438705000000006 4.5000000000000009 -1.2111906800544525 3.0438415000000005 4.5000000000000009 4.5000000000000009 3.5000000000000004 3.0475565000000002 3.0438705000000006 0.23952514471164901 4.5000000000000009 1.0000000180025095e-35 -0.50257694847433476 2.5000000000000004 2.5000000000000004
decision_type=2 2 2 2 2 2 2 2 2 2 2 2 2 2 2 2 2 2 2 2 2 2 2 2 2 2 2 2 2 2
left_child=2 11 3 9 7 12 10 -5 15 -1 -4 14 20 24 22 16 -8 -13 19 -10 21 26 23 -2 25 -7 27 -3 -29 -14
right_child=1 5 6 4 -6 13 8 -9 18 -11 -12 17 29 -15 -16 -17 -18 -19 -20 -21 -22 -23 -24 -25 -26 -27 -28 28 -30 -31
leaf_value=0.061869815603269367 0.0062744862078429487 0.005428842868721433 0.032312900672436223 0.042487348177100329 0.09370111035999408 -0.0075722133007788961 0.027965290876666066 0.082291395764397104 0.018814683705711668 0.032379474992326157 0.012771457327294539 0.026432420017570159 -0.0094984775645207183 -0.015325667498574608 0.0047366782410764854 0.062069086131193212 0.060426393075288493 0.01397855157313287 0.040550859357178587 0.040237569199951029 0.0022463476290689277 -0.0075819716197165878 0.0063997804849802997 0.018727641152983358 -0.0087189290902368651 0.00033059680372872187 -0.0043377407353008008 -0.0069291787304009006 0.0023552959302779626 0.00089699356400936591
leaf_weight=443 1114 2267 972 410 660 7278 373 341 612 470 992 869 3520 2789 4204 529 292 1280 811 458 3482 3489 1265 2129 32358 1774 2111 1170 1056 482
leaf_count=443 1114 2267 972 410 660 7278 373 341 612 470 992 869 3520 2789 4204 529 292 1280 811 458 3482 3489 1265 2129 32358 1774 2111 1170 1056 482
internal_value=8.1973e-07 -0.00437467 0.0431651 0.0645333 0.0760724 -0.00701733 0.033309 0.0605694 0.0402476 0.0466938 0.0224438 0.0106563 -0.00307818 -0.00858383 0.00859417 0.0510218 0.0422258 0.0190156 0.033406 0.0279874 -0.00155449 -0.00286575 0.0121913 0.0144502 -0.00812973 -0.00602344 -0.000374022 0.00148835 -0.00252478 -0.00824646
internal_weight=80000 72637 7363 2324 1411 61776 5039 751 3075 913 1964 10861 17577 44199 8712 1194 665 2149 1881 1070 13575 10093 4508 3243 41410 9052 6604 4493 2226 4002
internal_count=80000 72637 7363 2324 1411 61776 5039 751 3075 913 1964 10861 17577 44199 8712 1194 665 2149 1881 1070 13575 10093 4508 3243 41410 9052 6604 4493 2226 4002
is_linear=0
shrinkage=0.05


Tree=29
num_leaves=31
num_cat=0
split_feature=8 8 9 8 8 9 8 1 8 0 8 0 8 6 8 10 8 8 8 6 6 0 1 8 6 0 4 6 6 8
split_gain=5456.21 885.889 718.292 518.874 217.742 118.563 117.574 116.939 83.5176 72.3526 55.4504 52.1198 27.084 23.5056 21.6894 29.9281 20.2495 18.3657 17.8675 16.3338 15.0903 13.85 13.8448 14.3346 24.0241 25.1337 14.265 12.6785 12.3585 11.4228
threshold=-1.3498324971027367 -0.88300473631696907 0.45124090117685461 -1.6257765967350701 -1.6257765967350701 0.45124090117685461 0.025869397666225803 1.5000000000000002 -1.5025394260254843 1.5000000000000002 -1.1489023274675425 1.5000000000000002 -1.083934905952163 1.0000000180025095e-35 -0.26480958107268832 3.0441735000000003 -1.5025394260254843 -1.5353580203992327 -1.700120759500092 2.5000000000000004 2.5000000000000004 1.5000000000000002 1.5000000000000002 0.38285533238475428 1.0000000180025095e-35 2.5000000000000004 1.0000000180025095e-35 2.5000000000000004 1.0000000180025095e-35 -1.4308743321889319
decision_type=2 2 2 2 2 2 2 2 2 2 2 2 2 2 2 2 2 2 2 2 2 2 2 2 2 2 2 2 2 2
left_child=2 5 4 13 9 12 7 -3 28 -1 27 17 21 -4 20 -16 -13 -6 -15 -12 -9 -2 -8 24 25 -24 -25 -7 -5 -10
right_child=1 6 3 8 11 10 22 14 29 -11 19 16 -14 18 15 -17 -18 -19 -20 -21 -22 -23 23 26 -26 -27 -28 -29 -30 -31
leaf_value=0.057158793972687041 0.011072465208107583 -0.0083703275501342041 0.10071920457125252 0.062010681562558546 0.038338963755106696 0.023126694856357818 -0.0073141701944019382 0.0018125176305193568 0.039522511510995936 0.033951193988437205 0.012189441835148368 0.020542142537736834 0.00039390189667153926 0.08548497637477781 0.0021818636772541595 -0.006751880519980726 0.010699378905607583 0.023773127534618285 0.070622947180096138 0.0030272329261801841 -0.0030968847413957727 0.0047730151369788833 -0.014608101974906782 -0.011023023025903892 -0.0086161737955592708 0.0041037162816936314 -0.0081719430465752065 0.01360652026266297 0.04981153313380153 0.030370731720414535
leaf_weight=503 1317 8539 176 308 296 1542 15860 6506 627 1013 1891 837 2712 635 1411 2793 1392 809 303 655 2061 2586 231 10962 4052 803 7318 453 655 754
leaf_count=503 1317 8539 176 308 296 1542 15860 6506 627 1013 1891 837 2712 635 1411 2793 1392 809 303 655 2061 2586 231 10962 4052 803 7318 453 655 754
internal_value=8.18472e-07 -0.00444432 0.0383587 0.05577 0.0259438 0.00850286 -0.00683033 -0.00384069 0.0424146 0.0416546 0.0147241 0.0187989 0.00423204 0.083865 -0.000812022 -0.00375344 0.0143961 0.027678 0.0806922 0.00983253 0.000631419 0.00689889 -0.00845447 -0.00922843 -0.00688029 -7.75919e-05 -0.00988171 0.0209658 0.0537193 0.0345284
internal_weight=80000 71692 8308 3458 4850 11156 60536 21310 2344 1516 4541 3334 6615 1114 12771 4204 2229 1105 938 2546 8567 3903 39226 23366 5086 1034 18280 1995 963 1381
internal_count=80000 71692 8308 3458 4850 11156 60536 21310 2344 1516 4541 3334 6615 1114 12771 4204 2229 1105 938 2546 8567 3903 39226 23366 5086 1034 18280 1995 963 1381
is_linear=0
shrinkage=0.05


Tree=30
num_leaves=31
num_cat=0
split_feature=8 8 8 2 2 8 2 2 2 2 2 5 11 8 2 2 8 8 5 8 8 2 6 8 2 2 8 5 8 6
split_gain=4928.18 941.311 507.162 230.643 145.846 134.789 130.624 143.959 60.7851 70.1753 59.0355 49.3964 46.3683 44.0101 42.8105 80.6658 40.0323 32.8716 23.2605 25.2901 22.7594 19.6769 17.0753 17.0119 30.2428 16.3062 15.3305 13.8189 23.7119 17.1922
threshold=-1.3900185310297755 -0.96069773524257751 -1.6472091481628242 1.0000000180025095e-35 3.5000000000000004 -0.17506077196896827 1.0000000180025095e-35 3.5000000000000004 3.5000000000000004 1.5000000000000002 1.5000000000000002 1.0000000180025095e-35 101.79626950000001 -1.568176614772981 3.5000000000000004 1.5000000000000002 -1.2232464902325644 -1.5186138395962998 1.0000000180025095e-35 -0.50257694847433476 -1.2232464902325644 1.0000000180025095e-35 2.5000000000000004 0.23952514471164901 3.5000000000000004 2.5000000000000004 -1.5353580203992327 1.0000000180025095e-35 -0.7021675836452943 2.5000000000000004
decision_type=2 2 2 2 2 2 2 2 2 2 2 2 2 2 2 2 2 2 2 2 2 2 2 2 2 2 2 2 2 2
left_child=2 8 3 -1 10 14 13 12 9 16 -5 23 26 -4 15 18 -2 -9 19 22 -10 -21 -3 24 -7 -14 -8 29 -29 -16
right_child=1 5 6 4 -6 11 7 17 20 -11 -12 -13 25 -15 27 -17 -18 -19 -20 21 -22 -23 -24 -25 -26 -27 -28 28 -30 -31
leaf_value=0.085246620949188195 0.018848176827928997 0.0083615762289579749 0.060490674775491304 0.055919728787391834 0.075226354583178404 -0.0068243715037711516 0.037476486704331013 0.053525446802814791 0.024333485188142195 0.0034865255016285784 0.033533155765252731 -0.014188382083134461 0.011329351859312109 0.038735717974692357 0.0076802032959465806 -0.0075888030360573002 0.0088168811055928525 0.03439368534131302 -0.0042420443415093255 0.0025153309609836139 0.013512136891708255 -0.0065206683477752533 -4.8326485325098243e-05 -0.0078497679584735285 0.00045624555443554194 0.020411289666888346 0.0244182661706163 0.0063048952330991177 -0.0074408527099844753 -0.0014155991331243564
leaf_weight=592 1630 1617 319 443 408 7278 355 409 813 4039 881 2789 993 862 1517 7235 2552 500 2360 1233 1209 1178 963 32358 1774 985 616 527 775 790
leaf_count=592 1630 1617 319 443 408 7278 355 409 813 4039 881 2789 993 862 1517 7235 2552 500 2360 1233 1209 1178 963 32358 1774 985 616 527 775 790
internal_value=8.17013e-07 -0.00395029 0.0389786 0.0583015 0.0490872 -0.00625651 0.0300658 0.0256105 0.0100977 0.00818727 0.0410272 -0.00774757 0.020247 0.0446166 -0.00263443 -0.00384083 0.0127271 0.0430069 -0.000151954 0.0017821 0.0178641 -0.00189969 0.00522265 -0.00731374 -0.00539754 0.0158528 0.0291958 0.0022413 -0.00187704 0.00456555
internal_weight=80000 72637 7363 2324 1732 62394 5039 3858 10243 8221 1324 44199 2949 1181 18195 14586 4182 909 7351 4991 2022 2411 2580 41410 9052 1978 971 3609 1302 2307
internal_count=80000 72637 7363 2324 1732 62394 5039 3858 10243 8221 1324 44199 2949 1181 18195 14586 4182 909 7351 4991 2022 2411 2580 41410 9052 1978 971 3609 1302 2307
is_linear=0
shrinkage=0.05


Tree=31
num_leaves=31
num_cat=0
split_feature=8 8 8 9 9 9 8 9 11 8 8 11 8 8 8 8 6 0 8 6 6 9 6 9 8 8 6 0 4 8
split_gain=4450.99 686.817 606.404 432.975 183.842 94.7949 78.1054 88.4486 68.5166 66.3312 52.1847 33.1109 32.4667 29.8048 18.9235 18.5597 18.4033 17.4048 26.2167 16.4361 16.0971 15.4915 14.5107 13.1662 12.5854 11.3138 21.9789 21.9538 12.665 10.9026
threshold=-1.3371069196925081 -0.81669778033735496 -1.568176614772981 0.45124090117685461 0.45124090117685461 0.45124090117685461 0.039264742308572111 0.45124090117685461 101.79626950000001 -1.6739998374475167 -1.083934905952163 101.79624850000002 -1.459674323169976 -1.083934905952163 -1.6739998374475167 -1.6739998374475167 2.5000000000000004 1.5000000000000002 -0.44832580267283234 1.0000000180025095e-35 2.5000000000000004 -1.117930881447166 2.5000000000000004 1.0000000180025095e-35 -1.4308743321889319 0.38285533238475428 1.0000000180025095e-35 2.5000000000000004 1.0000000180025095e-35 -1.2620929896953685
decision_type=2 2 2 2 2 2 2 2 2 2 2 2 2 2 2 2 2 2 2 2 2 2 2 2 2 2 2 2 2 2
left_child=2 5 3 8 11 13 7 17 14 16 22 -4 19 -2 -1 -10 -5 18 -3 -6 -12 -15 29 -8 -13 26 27 -25 -27 -7
right_child=1 6 4 9 12 10 23 -9 15 -11 20 24 -14 21 -16 -17 -18 -19 -20 -21 -22 -23 -24 25 -26 28 -28 -29 -30 -31
leaf_value=0.054748597849664432 0.0061377812162355634 0.00091902233304072707 0.022507179339201391 0.085881183586649368 0.050075614561601138 0.024805843202442158 -0.0065369418539089012 0.00023325932385846808 0.033217481073617071 0.057804676488289436 0.0092453448474985565 0.014730994467891551 0.028594811336670269 -0.0048753419102692645 0.03797670276708745 0.021436503180821714 0.071246745220874583 -0.0078756869181696582 -0.0072610395971213389 0.036173060721577138 0.00022243794261444318 0.0020716022931394924 0.010085232013681129 -0.013779317107418696 0.0068154693709102784 -0.010057274723219687 -0.0079491384623517399 0.00440817208434683 -0.0073708683521928305 0.016620801689328821
leaf_weight=385 3712 1681 960 444 337 586 15742 8076 756 675 1854 1140 1123 1203 301 601 427 8022 2347 582 674 2410 579 212 898 10962 3895 762 7318 1336
leaf_count=385 3712 1681 960 444 337 586 15742 8076 756 675 1854 1140 1123 1203 301 601 427 8022 2347 582 674 2410 579 212 898 10962 3895 762 7318 1336
internal_value=8.11708e-07 -0.00410004 0.0339189 0.0496261 0.022733 0.00662041 -0.00634416 -0.0038156 0.034516 0.0695901 0.0119063 0.014851 0.0343037 0.00299126 0.0473961 0.0280018 0.0787158 -0.00652915 -0.00384733 0.0412761 0.00683982 -0.000241553 0.017027 -0.00765267 0.0112437 -0.00841136 -0.00626929 0.000448491 -0.00898188 0.0191175
internal_weight=80000 71371 8629 3589 5040 12354 59017 20126 2043 1546 5029 2998 2042 7325 686 1357 871 12050 4028 919 2528 3613 2501 38891 2038 23149 4869 974 18280 1922
internal_count=80000 71371 8629 3589 5040 12354 59017 20126 2043 1546 5029 2998 2042 7325 686 1357 871 12050 4028 919 2528 3613 2501 38891 2038 23149 4869 974 18280 1922
is_linear=0
shrinkage=0.05


Tree=32
num_leaves=31
num_cat=0
split_feature=5 2 2 6 2 6 2 2 6 6 3 6 6 7 7 6 6 7 2 7 6 11 6 6 10 10 10 6 10 10
split_gain=985.014 181.78 130.051 66.1555 46.7683 34.9514 27.5872 28.2725 26.1619 24.1863 21.7605 20.2189 19.4077 16.4576 10.7814 10.0216 8.29396 6.98072 6.8826 6.36063 6.01782 5.48243 4.94545 4.58351 4.56627 4.22025 3.92857 3.76571 3.6433 3.34624
threshold=1.0000000180025095e-35 1.0000000180025095e-35 3.5000000000000004 2.5000000000000004 1.5000000000000002 1.0000000180025095e-35 1.0000000180025095e-35 3.5000000000000004 1.0000000180025095e-35 2.5000000000000004 4.5000000000000009 1.0000000180025095e-35 1.0000000180025095e-35 2.495903115318574 1.8975125235573351 1.0000000180025095e-35 1.0000000180025095e-35 1.498585462383176 2.5000000000000004 0.10234074827361882 2.5000000000000004 101.79825250000002 1.5000000000000002 1.5000000000000002 3.0475935000000005 3.0473465000000002 3.0465015000000002 2.5000000000000004 3.0443075000000004 3.0445965000000004
decision_type=2 2 2 2 2 2 2 2 2 2 2 2 2 2 2 2 2 2 2 2 2 2 2 2 2 2 2 2 2 2
left_child=6 3 4 12 11 -4 10 -8 24 16 15 -3 13 17 28 -1 -9 -2 -10 -7 23 26 -18 -13 -6 -23 -5 -17 -14 -30
right_child=1 2 5 21 8 19 7 9 18 -11 -12 20 14 -15 -16 27 22 -19 -20 -21 -22 25 -24 -25 -26 -27 -28 -29 29 -31
leaf_value=-0.0011297510929826539 0.0083646212056144014 0.005530077991838616 0.010524724671779869 0.0331389224855052 0.001280389181678526 0.025204041440581654 -0.0044511361733523633 -0.0036838813040344603 0.0032591671173278695 0.0040909973507597267 -0.0037953804775452474 0.012833708423785528 0.010371284576046871 0.023834057284740008 0.032490316171908097 0.0015297718208789619 0.00045162658547752372 0.014665156882509424 0.0074624865240838101 0.018308005800524208 0.016708318483322642 0.052427718035953697 -0.0032563326658916142 0.0066666253889480932 -0.0020172466527971829 0.035555289196367156 0.021761544916859169 0.0051958956030721641 0.029403481576811236 0.019237198314855413
leaf_weight=3933 926 2044 2097 394 2158 433 36068 6159 1945 1596 4543 894 106 311 177 2507 2721 838 1951 1483 620 58 1343 455 2044 107 95 972 89 933
leaf_count=3933 926 2044 2097 394 2158 433 36068 6159 1945 1596 4543 894 106 311 177 2507 2721 838 1951 1483 620 58 1343 455 2044 107 95 972 89 933
internal_value=8.04259e-07 0.00956007 0.00718506 0.0190526 0.00460013 0.0149859 -0.00321928 -0.00375568 0.00241282 -0.00163332 -0.00107067 0.00901384 0.0162352 0.0132293 0.0210133 0.000599398 -0.00252703 0.0113584 0.0053642 0.0198677 0.0126298 0.0336089 -0.000773765 0.0107543 -0.000323706 0.0415144 0.0309335 0.00255417 0.0192097 0.0201253
internal_weight=80000 20158 16124 4034 12111 4013 59842 47887 8098 11819 11955 4013 3380 2075 1305 7412 10223 1764 3896 1916 1969 654 4064 1349 4202 165 489 3479 1128 1022
internal_count=80000 20158 16124 4034 12111 4013 59842 47887 8098 11819 11955 4013 3380 2075 1305 7412 10223 1764 3896 1916 1969 654 4064 1349 4202 165 489 3479 1128 1022
is_linear=0
shrinkage=0.05


Tree=33
num_leaves=31
num_cat=0
split_feature=7 9 6 4 9 6 9 4 4 1 6 7 7 7 6 4 6 6 7 1 6 6 7 7 7 4 7 7 1 6
split_gain=320.748 172.417 119.831 88.3881 70.3251 51.2452 40.2141 32.053 28.8266 26.202 23.5846 19.3951 17.3654 16.9189 14.2522 13.6704 11.5303 11.0164 16.6444 9.65079 12.4262 9.54514 11.1889 9.87326 9.4222 8.67862 14.7031 7.82106 7.82635 5.8548
threshold=0.60099957474131782 0.45124090117685461 2.5000000000000004 1.0000000180025095e-35 0.45124090117685461 1.0000000180025095e-35 0.45124090117685461 1.0000000180025095e-35 1.0000000180025095e-35 3.5000000000000004 1.0000000180025095e-35 0.90019487062193726 -0.39631807819407994 -0.097122782313460637 1.0000000180025095e-35 1.0000000180025095e-35 1.0000000180025095e-35 3.5000000000000004 -0.8949769046617787 2.5000000000000004 2.5000000000000004 3.5000000000000004 -0.59578160878115949 -0.39631807819407994 1.8975125235573351 1.0000000180025095e-35 0.30180427886069844 2.495903115318574 2.5000000000000004 1.5000000000000002
decision_type=2 2 2 2 2 2 2 2 2 2 2 2 2 2 2 2 2 2 2 2 2 2 2 2 2 2 2 2 2 2
left_child=2 8 6 5 15 11 -1 13 9 14 -8 -3 -12 17 -2 21 -11 18 -6 20 24 22 -4 -23 -7 26 29 -13 -29 -14
right_child=1 3 4 -5 7 19 10 -9 -10 16 12 27 25 -15 -16 -17 -18 -19 -20 -21 -22 23 -24 -25 -26 -27 -28 28 -30 -31
leaf_value=-0.0038307557042551958 -0.00075457556264962465 0.0025358365266959335 0.002662415461596325 -0.0030645378279603895 0.010490851949798211 0.018050800897801426 -0.0024338360753490568 0.0017269742434171378 -0.0046714246372137917 0.0042769967774527922 -0.00091687949529187815 0.010872756654244914 0.0051604130673512097 0.022055942040025381 0.0042068802782348428 -0.0036229206709331553 0.010509870416179169 0.0060745476563248838 0.025419083134394279 0.01651492029417026 0.033684083265990782 -0.0037141715002316869 0.014893966242081386 0.0033273976910877905 0.030866717463084472 -0.0014571726652150012 0.013122058353163185 0.022642737294970711 0.011034980225146171 0.00020788123028580015
leaf_weight=31118 4104 651 1842 884 1175 761 11804 1242 1466 2044 5012 2886 1588 328 2236 1920 1165 1044 222 1151 220 1248 208 828 177 688 448 311 273 956
leaf_count=31118 4104 651 1842 884 1175 761 11804 1242 1466 2044 5012 2886 1588 328 2236 1920 1165 1044 222 1151 220 1248 208 828 177 688 448 311 273 956
internal_value=7.8791e-07 0.00580812 -0.00172519 0.0117593 0.00326781 0.0137973 -0.00269809 0.00840105 0.00185645 0.00285868 -0.000978402 0.0104556 0.000998128 0.0113944 0.000995276 -0.000137732 0.00654005 0.00996101 0.0128648 0.0197606 0.0229849 0.00148412 0.00390414 -0.000905659 0.0204722 0.00360624 0.00477056 0.0119413 0.0172193 0.0032994
internal_weight=80000 18329 61671 7314 10057 6430 51614 4011 11015 9549 20496 4121 8692 2769 6340 6046 3209 2441 1397 2309 1158 4126 2050 2076 938 3680 2992 3470 584 2544
internal_count=80000 18329 61671 7314 10057 6430 51614 4011 11015 9549 20496 4121 8692 2769 6340 6046 3209 2441 1397 2309 1158 4126 2050 2076 938 3680 2992 3470 584 2544
is_linear=0
shrinkage=0.05


Tree=34
num_leaves=31
num_cat=0
split_feature=8 8 8 2 0 8 0 5 0 0 2 0 8 8 10 5 8 6 0 2 8 8 10 0 6 0 5 6 10 0
split_gain=3859.99 752.087 373.623 202.018 121.46 93.0423 84.6833 54.9843 50.7294 44.8232 52.894 42.0254 38.8989 36.2547 36.2343 28.0756 38.9827 25.8311 26.52 30.0852 31.4306 18.6085 17.1857 35.8356 15.6822 15.1571 15.0797 14.3285 12.7216 12.5108
threshold=-1.4034138756721219 -0.96069773524257751 -1.6257765967350701 1.0000000180025095e-35 4.5000000000000009 -0.12683753125652172 2.5000000000000004 1.0000000180025095e-35 1.5000000000000002 4.5000000000000009 1.5000000000000002 1.5000000000000002 -1.5353580203992327 -1.2620929896953685 3.0475755000000002 1.0000000180025095e-35 -0.72694897123363489 2.5000000000000004 4.5000000000000009 1.5000000000000002 -0.50257694847433476 -1.2111906800544525 3.0438705000000006 4.5000000000000009 1.0000000180025095e-35 1.5000000000000002 1.0000000180025095e-35 1.5000000000000002 3.0443835000000004 2.5000000000000004
decision_type=2 2 2 2 2 2 2 2 2 2 2 2 2 2 2 2 2 2 2 2 2 2 2 2 2 2 2 2 2 2
left_child=2 9 3 26 8 14 11 -7 -5 10 13 -4 22 -2 15 17 28 18 19 20 -3 -11 23 -8 -14 -18 -1 -15 -17 -22
right_child=1 5 6 4 -6 7 12 -9 -10 21 -12 -13 24 27 -16 16 25 -19 -20 -21 29 -23 -24 -25 -26 -27 -28 -29 -30 -31
leaf_value=0.059789027158147989 0.017855965488460003 0.0081680123748155854 0.025702277306735324 0.048393280072094397 0.064998447593472036 -0.0063389595778258799 0.022344859364860727 -0.013752971689771487 0.028960302161708182 0.020757970825882117 0.0032906165306521799 0.010086294428175623 0.033399670067462445 0.010492230918212329 -0.0066334451796941406 0.0051000265781163514 -0.0021557852664218784 -0.0036721957312458075 0.0072418809239901405 -0.0053487856402795958 -0.0052147909121258232 0.011252449969186217 0.046966939376424544 0.04774413821798746 0.023486184353000907 -0.010032833138415118 0.078108909808345894 0.0030464160461769617 -0.0034209022353906197 0.002697834838268855
leaf_weight=146 1386 1497 850 503 450 40347 307 2666 1013 931 4158 874 651 1960 4369 994 833 3196 1674 1745 1039 1153 453 254 1035 2289 518 964 783 962
leaf_count=146 1386 1497 850 503 450 40347 307 2666 1013 931 4158 874 651 1960 4369 994 833 3196 1674 1745 1039 1153 453 254 1035 2289 518 964 783 962
internal_value=7.63871e-07 -0.0034146 0.0353189 0.0502435 0.0421861 -0.00550246 0.0264455 -0.00679852 0.0354108 0.0089308 0.00731401 0.0177866 0.0319735 0.0111953 -0.00262603 -0.0014597 -0.00456637 4.52869e-05 0.00176298 1.35537e-05 0.00268867 0.0154997 0.0397146 0.0338512 0.0273157 -0.00793125 0.0740904 0.00803764 0.00134547 -0.00141078
internal_weight=80000 72946 7054 2630 1966 62394 4424 43013 1516 10552 8468 1724 2700 4310 19381 15012 4899 10113 6917 5243 3498 2084 1014 561 1686 3122 664 2924 1777 2001
internal_count=80000 72946 7054 2630 1966 62394 4424 43013 1516 10552 8468 1724 2700 4310 19381 15012 4899 10113 6917 5243 3498 2084 1014 561 1686 3122 664 2924 1777 2001
is_linear=0
shrinkage=0.05


Tree=35
num_leaves=31
num_cat=0
split_feature=8 8 9 8 8 8 9 9 0 8 11 8 6 6 8 6 8 8 6 0 8 4 6 8 8 0 9 8 10 4
split_gain=3483.71 679.84 423.691 256.38 109.49 91.9827 82.0877 80.883 36.9361 35.6308 35.3319 30.6315 22.1569 16.0286 16.7252 13.9673 13.6709 13.3397 13.2896 13.5446 13.1943 12.9227 11.5472 10.7401 10.2341 25.7717 17.2907 10.1793 9.52808 9.24893
threshold=-1.4034138756721219 -0.98882795899150466 0.45124090117685461 -1.6257765967350701 -1.6739998374475167 -0.17506077196896827 0.45124090117685461 1.0000000180025095e-35 1.5000000000000002 -1.2620929896953685 101.79626950000001 -1.5025394260254843 1.0000000180025095e-35 2.5000000000000004 -0.7021675836452943 1.0000000180025095e-35 -1.5186138395962998 -1.5353580203992327 2.5000000000000004 1.5000000000000002 -1.700120759500092 1.0000000180025095e-35 1.0000000180025095e-35 -0.73900478141174653 0.11963681016264981 4.5000000000000009 1.0000000180025095e-35 -1.186409292466112 3.0458985000000003 1.0000000180025095e-35
decision_type=2 2 2 2 2 2 2 2 2 2 2 2 2 2 2 2 2 2 2 2 2 2 2 2 2 2 2 2 2 2
left_child=2 6 4 12 8 7 18 23 -1 -8 17 22 28 14 -9 -11 -12 -6 19 27 -14 -16 -5 -3 25 -7 -26 -2 -4 -28
right_child=1 5 3 11 10 24 9 13 -10 15 16 -13 20 -15 21 -17 -18 -19 -20 -21 -22 -23 -24 -25 26 -27 29 -29 -30 -31
leaf_value=0.048865388615244532 0.01387908347476728 -0.003482798132071785 0.074703489711811386 0.050709400050032549 0.032699605144179085 -0.0061568021919404924 0.020927611931722229 0.0045746853866533745 0.02983998812549319 0.015354021788726755 0.018471339574205495 0.029809225028717041 0.067945003972909826 -0.0028941563621766742 -0.0012715765510697766 0.0079791784838441938 0.010168118903883798 0.020808650610852159 0.00065420180535668247 0.004468615425204654 0.055187605181601387 0.0047197630487016556 0.038935134927008307 -0.0075519823627659792 -0.0054339889498289749 0.0013620901054758735 -0.0084631627039781464 0.0057809941707567623 0.09958316948568563 -0.0063621191007884898
leaf_weight=386 852 2374 116 308 412 5839 1381 2915 755 1093 969 885 635 2742 4547 1557 1016 554 1282 3051 303 1122 655 5118 14985 1416 13325 713 60 8634
leaf_count=386 852 2374 116 308 412 5839 1381 2915 755 1093 969 885 635 2742 4547 1557 1016 554 1282 3051 303 1122 655 5118 14985 1416 13325 713 60 8634
internal_value=7.58417e-07 -0.00324387 0.0335533 0.0479563 0.0231268 -0.00515988 0.00891649 -0.00223225 0.03628 0.0144157 0.01804 0.0365316 0.0669036 0.000433835 0.00149692 0.0110214 0.0142222 0.025883 0.00515789 0.00640865 0.0638303 -8.57172e-05 0.0427058 -0.00626264 -0.00640633 -0.0046893 -0.0067435 0.0101903 0.0832369 -0.00763709
internal_weight=80000 72946 7054 2962 4092 63017 9929 18818 1141 4031 2951 1848 1114 11326 8584 2650 1985 966 5898 4616 938 5669 963 7492 44199 7255 36944 1565 176 21959
internal_count=80000 72946 7054 2962 4092 63017 9929 18818 1141 4031 2951 1848 1114 11326 8584 2650 1985 966 5898 4616 938 5669 963 7492 44199 7255 36944 1565 176 21959
is_linear=0
shrinkage=0.05


Tree=36
num_leaves=31
num_cat=0
split_feature=8 8 8 1 1 8 1 1 0 8 8 8 6 6 0 6 6 8 0 1 0 6 8 8 6 0 3 6 8 6
split_gain=3144.47 521.116 387.256 262.362 139.753 65.3454 65.458 61.2018 55.0913 43.1958 42.113 23.4284 17.2335 16.9158 15.8445 15.2804 14.7836 14.9346 14.288 12.8527 12.6414 10.8723 10.6337 10.4467 9.93001 9.72026 9.34504 9.06398 9.01783 19.932
threshold=-1.3625580745129657 -0.90845589113742709 -1.6043440453073161 1.5000000000000002 1.5000000000000002 0.025869397666225803 1.5000000000000002 1.5000000000000002 2.5000000000000004 -1.186409292466112 -1.5025394260254843 -1.700120759500092 2.5000000000000004 1.0000000180025095e-35 2.5000000000000004 2.5000000000000004 2.5000000000000004 -0.7021675836452943 2.5000000000000004 1.5000000000000002 4.5000000000000009 1.0000000180025095e-35 -0.28892120142891164 -1.5186138395962998 1.0000000180025095e-35 3.5000000000000004 4.5000000000000009 2.5000000000000004 0.38285533238475428 1.0000000180025095e-35
decision_type=2 2 2 2 2 2 2 2 2 2 2 2 2 2 2 2 2 2 2 2 2 2 2 2 2 2 2 2 2 2
left_child=2 7 3 25 23 6 -3 -2 -5 15 14 12 -10 -11 -6 -9 17 -8 -12 -7 22 -13 -19 -4 -20 -1 -22 -16 29 -21
right_child=1 5 4 8 10 19 16 9 11 13 18 21 -14 -15 27 -17 -18 20 24 28 26 -23 -24 -25 -26 -27 -28 -29 -30 -31
leaf_value=0.020847800167656496 0.002126103764412354 -0.0062493203933743427 0.016586877265732377 0.042844367669963586 0.026735726282326157 -0.0052157772522324541 0.0039740208695527744 0.016792639693900071 0.075079246862893856 0.010615842859308862 0.017211474226984668 0.067677071155838528 0.059719081707478097 0.0038994444579685313 0.042726252648088082 0.007655777185397364 -0.0038007449082170467 -9.3278734702909917e-05 0.031880362555487485 0.0009985402140923721 0.00043232881595529812 0.049832737866542319 -0.0044985487014067103 0.0086530223793139065 0.022779704115909405 0.030137830259293331 0.0074436358023299053 0.031143515923312333 -0.0075782437838804373 -0.0067788237579853097
leaf_weight=595 4267 8780 591 559 362 15860 2108 2055 372 1530 624 109 366 2421 577 589 2936 3007 507 1034 1953 412 2516 1394 738 537 628 241 18280 4052
leaf_count=595 4267 8780 591 559 362 15860 2108 2055 372 1530 624 109 366 2421 577 589 2936 3007 507 1034 1953 412 2516 1394 738 537 628 241 18280 4052
internal_value=7.58979e-07 -0.00329987 0.0297722 0.044157 0.0213418 -0.00509239 -0.00290636 0.00679216 0.0559233 0.00981104 0.0280637 0.0617265 0.0674707 0.00650053 0.0354606 0.0147576 -0.000673961 0.000225034 0.023392 -0.00631441 -0.000750184 0.0535783 -0.00210014 0.0110159 0.026488 0.0252571 0.00213852 0.039318 -0.0070601 -0.00519767
internal_weight=80000 72016 7984 2950 5034 61154 21928 10862 1818 6595 3049 1259 738 3951 1180 2644 13148 10212 1869 39226 8104 521 5523 1985 1245 1132 2581 818 23366 5086
internal_count=80000 72016 7984 2950 5034 61154 21928 10862 1818 6595 3049 1259 738 3951 1180 2644 13148 10212 1869 39226 8104 521 5523 1985 1245 1132 2581 818 23366 5086
is_linear=0
shrinkage=0.05


Tree=37
num_leaves=31
num_cat=0
split_feature=8 8 9 8 8 8 9 1 9 0 8 8 6 8 6 6 8 6 6 8 4 0 8 8 0 9 8 6 4 8
split_gain=2842.01 555.281 345.367 209.222 91.3683 74.611 68.8928 66.7719 30.5768 30.1633 29.1529 25.5519 18.8318 14.2817 12.4668 12.4606 12.641 11.8034 11.5409 10.3455 10.162 10.1111 9.20801 9.08888 27.55 17.0947 8.33412 25.1305 13.8949 8.31004
threshold=-1.4034138756721219 -0.98882795899150466 0.45124090117685461 -1.6257765967350701 -1.6739998374475167 -0.20051192678942623 0.45124090117685461 1.5000000000000002 -1.117930881447166 1.5000000000000002 -1.2620929896953685 -1.5353580203992327 1.0000000180025095e-35 -1.5353580203992327 1.0000000180025095e-35 2.5000000000000004 -0.7021675836452943 2.5000000000000004 2.5000000000000004 -1.700120759500092 1.0000000180025095e-35 1.5000000000000002 -0.73900478141174653 0.19799957632037568 4.5000000000000009 0.45124090117685461 0.45652972791765883 1.0000000180025095e-35 1.0000000180025095e-35 -1.2111906800544525
decision_type=2 2 2 2 2 2 2 2 2 2 2 2 2 2 2 2 2 2 2 2 2 2 2 2 2 2 2 2 2 2
left_child=2 6 4 12 9 7 18 22 -6 -1 -8 -5 -4 -10 -13 16 -9 -12 21 -14 -18 29 -3 24 -7 -25 27 -27 -28 -2
right_child=1 5 3 11 8 23 10 15 13 -11 17 14 19 -15 -16 -17 20 -19 -20 -21 -22 -23 -24 25 -26 26 28 -29 -30 -31
leaf_value=0.04428108863151306 0.012833257600492705 -0.0031274480082117899 0.075481626802229335 0.040436510684041554 0.0091833738280154079 -0.0057243901164327898 0.018988380391168961 0.0041062489694426449 0.024826873733162915 0.027088170558493052 0.011918512080661865 0.034875393660173698 0.061237510481350434 0.016167775526360641 0.024138245573541394 -0.0024793665307732537 -0.0010482161243600644 0.0041375396369181484 0.00041997805760213465 0.049938320501973887 0.0044396800571532644 0.0041062674535118863 -0.0069233286402507754 -0.0052570888144493795 0.00095711847393148669 0.0038178851077033619 -0.0095828910794423326 -0.0078797534096159121 -0.0060031209972011999 0.0055401775930737397
leaf_weight=386 753 2374 176 710 1009 7836 1381 2915 840 755 2006 445 635 1102 693 2658 4339 644 1282 303 1047 3051 4887 21482 1921 620 6536 1769 4633 812
leaf_count=386 753 2374 176 710 1009 7836 1381 2915 840 755 2006 445 635 1102 693 2658 4339 644 1282 303 1047 3051 4887 21482 1921 620 6536 1769 4633 812
internal_value=7.56262e-07 -0.00292985 0.030306 0.0433097 0.0208924 -0.00466146 0.0080602 -0.00196375 0.0162456 0.0329079 0.0130981 0.0329891 0.060426 0.0199143 0.0283396 0.000500059 0.0014541 0.0100278 0.00461691 0.0575933 1.86544e-05 0.00578249 -0.00568232 -0.00575867 -0.00440891 -0.00613451 -0.00752468 -0.00484392 -0.00809804 0.00904984
internal_weight=80000 72946 7054 2962 4092 63017 9929 18220 2951 1141 4031 1848 1114 1942 1138 10959 8301 2650 5898 938 5386 4616 7261 44797 9757 35040 13558 2389 11169 1565
internal_count=80000 72946 7054 2962 4092 63017 9929 18220 2951 1141 4031 1848 1114 1942 1138 10959 8301 2650 5898 938 5386 4616 7261 44797 9757 35040 13558 2389 11169 1565
is_linear=0
shrinkage=0.05


Tree=38
num_leaves=31
num_cat=0
split_feature=8 8 8 9 1 9 8 9 11 8 8 8 8 1 0 9 8 8 8 4 0 8 0 4 0 8 8 0 8 11
split_gain=2565.91 379.25 359.021 236.636 113.271 49.3228 39.8463 55.164 38.2448 33.4289 31.5692 27.8638 18.5374 13.2692 11.6987 10.9966 10.2083 9.2759 9.19859 8.90141 8.61506 8.41312 9.18358 7.96255 7.88221 7.55449 6.81809 10.2428 6.73796 10.0695
threshold=-1.3371069196925081 -0.81669778033735496 -1.5835812611116793 0.45124090117685461 1.5000000000000002 0.45124090117685461 0.11963681016264981 0.45124090117685461 101.79626950000001 -1.459674323169976 -1.0712093285419342 -1.6739998374475167 -1.083934905952163 1.5000000000000002 2.5000000000000004 -1.117930881447166 -1.6739998374475167 -1.4878045469189034 -1.6739998374475167 1.0000000180025095e-35 2.5000000000000004 -0.17506077196896827 4.5000000000000009 1.0000000180025095e-35 3.5000000000000004 -1.2620929896953685 -0.64925597230802645 1.5000000000000002 0.44045531434684321 101.79632150000002
decision_type=2 2 2 2 2 2 2 2 2 2 2 2 2 2 2 2 2 2 2 2 2 2 2 2 2 2 2 2 2 2
left_child=2 5 3 8 17 12 7 26 18 14 25 -5 -2 -8 -6 -14 -10 -4 -1 -9 -11 -21 -23 28 -19 -7 27 -3 29 -15
right_child=1 6 4 11 9 10 13 19 16 20 -12 -13 15 23 -16 -17 -18 24 -20 21 -22 22 -24 -25 -26 -27 -28 -29 -30 -31
leaf_value=0.042076854301281358 0.0047170828005964971 0.002005489465379766 0.013366526987959577 0.059812311853643309 0.022597802778225821 0.016667718773457001 -0.0046375382016002565 -0.0010098342614155362 0.025750834293469627 0.013767407608339725 0.0045098095169586678 0.045301992252628244 -0.0042180384540771399 -0.0086114704294517775 0.031963453316256725 0.0016349483368931818 0.016500580878323255 0.0027098042649150423 0.029297229768030949 0.0051921760425156791 0.021351584263610966 -0.0053507853171303023 0.0039847588043524949 -0.0053845401690014432 0.010238156524887332 0.010744405400779386 -0.0056792232020930278 -0.0049881034543732376 -0.0079261064121612136 -0.0026488101404074449
leaf_weight=385 3712 773 739 871 489 755 14985 6461 756 563 2394 537 1203 1237 1057 2410 494 703 224 1338 1123 538 516 8634 688 1880 10825 1622 10432 1656
leaf_count=385 3712 773 739 871 489 755 14985 6461 756 563 2394 537 1203 1237 1057 2410 494 703 224 1338 1123 538 516 8634 688 1880 10825 1622 10432 1656
internal_value=7.45372e-07 -0.00311288 0.0257535 0.0388193 0.0177921 0.00485339 -0.00478046 -0.00309964 0.0271058 0.0236916 0.00866622 0.0542818 0.00223559 -0.0057847 0.0290028 -0.00031395 0.0220967 0.00883965 0.0373819 -4.51495e-05 0.01882 0.00256048 -0.000780499 -0.00656751 0.00643386 0.0124422 -0.00514511 -0.00273089 -0.00733397 -0.00519856
internal_weight=80000 71371 8629 3267 5362 12354 59017 22073 1859 3232 5029 1408 7325 36944 1546 3613 1250 2130 609 8853 1686 2392 1054 21959 1391 2635 13220 2395 13325 2893
internal_count=80000 71371 8629 3267 5362 12354 59017 22073 1859 3232 5029 1408 7325 36944 1546 3613 1250 2130 609 8853 1686 2392 1054 21959 1391 2635 13220 2395 13325 2893
is_linear=0
shrinkage=0.05


Tree=39
num_leaves=31
num_cat=0
split_feature=7 1 6 6 1 7 1 0 1 6 7 0 7 7 6 10 6 7 0 7 7 6 0 6 11 6 7 0 11 6
split_gain=162.491 80.4603 44.3822 34.0872 33.4836 24.5477 17.3196 14.6817 13.2094 10.7979 11.0599 9.1519 7.50454 6.37629 6.32474 7.22077 6.0837 5.90856 5.40749 4.96351 4.37682 3.99066 3.95111 3.83866 3.60505 3.58856 9.46393 3.40599 3.12953 3.07689
threshold=0.60099957474131782 1.5000000000000002 2.5000000000000004 1.0000000180025095e-35 1.5000000000000002 1.498585462383176 1.5000000000000002 2.5000000000000004 2.5000000000000004 1.0000000180025095e-35 0.30180427886069844 2.5000000000000004 0.20207251356715863 2.495903115318574 2.5000000000000004 3.0449245000000005 1.0000000180025095e-35 1.8975125235573351 4.5000000000000009 -0.39631807819407994 0.80046310532839737 1.5000000000000002 4.5000000000000009 3.5000000000000004 101.79784650000002 3.5000000000000004 -0.8949769046617787 2.5000000000000004 101.79779750000002 1.5000000000000002
decision_type=2 2 2 2 2 2 2 2 2 2 2 2 2 2 2 2 2 2 2 2 2 2 2 2 2 2 2 2 2 2
left_child=2 16 6 5 -4 20 -1 -5 13 24 19 23 25 -7 17 -16 -2 21 -19 -11 -3 -9 -10 -6 -8 26 -13 -21 -18 -12
right_child=1 3 4 7 11 8 9 14 22 10 29 12 -14 -15 15 -17 28 18 -20 27 -22 -23 -24 -25 -26 -27 -28 -29 -30 -31
leaf_value=-0.0029406740530800255 -0.00096134112760022433 -0.0008127983136841662 -0.001706311450968245 0.0063083557784564667 0.003739422905845822 0.0099049489262854236 -0.002452327838475498 0.012410642689893251 0.0036051031659346307 -0.0011877058501639651 0.0073495965141013161 0.005103292833033915 0.014467411440945764 0.018251606077714963 0.013009424127544203 0.025851208092981921 -0.00020375915351387433 0.023779039947055217 0.011409024159486587 -0.00099927138080576033 0.0030309746584831145 0.0074233759846831088 0.0076723733623127524 -0.00064808647921521479 -0.0010013357841907016 0.0034287236142498297 0.015057449851931715 0.0018698017798269612 0.0034707078827968668 0.0016056963745198537
leaf_weight=20666 4844 1029 4045 1272 941 868 10704 1045 1194 7515 601 1691 223 311 269 185 929 177 177 1566 2642 652 1195 1060 7134 1819 278 3047 1540 381
leaf_count=20666 4844 1029 4045 1272 941 868 10704 1045 1194 7515 601 1691 223 311 269 185 929 177 177 1566 2642 652 1195 1060 7134 1819 278 3047 1540 381
internal_value=7.28958e-07 0.00413414 -0.00122775 0.00683328 0.00181091 0.00482413 -0.00181984 0.0106838 0.00777744 -0.00107138 1.8044e-05 0.00417735 0.00555522 0.012108 0.0129052 0.0182469 6.82463e-05 0.011722 0.017599 -0.000395216 0.00195355 0.010495 0.00563983 0.00141529 -0.00187204 0.00503019 0.0065094 0.000895821 0.00208818 0.00512145
internal_weight=80000 18329 61671 11016 10057 7239 51614 3777 3568 30948 13110 6012 4011 1179 2505 454 7313 2051 354 12128 3671 1697 2389 2001 17838 3788 1969 4613 2469 982
internal_count=80000 18329 61671 11016 10057 7239 51614 3777 3568 30948 13110 6012 4011 1179 2505 454 7313 2051 354 12128 3671 1697 2389 2001 17838 3788 1969 4613 2469 982
is_linear=0
shrinkage=0.05


Tree=40
num_leaves=31
num_cat=0
split_feature=8 8 1 8 8 1 5 1 5 0 8 7 8 8 7 0 8 7 8 8 7 0 0 7 5 1 0 7 0 8
split_gain=2289.85 442.061 261.648 206.039 57.0149 49.6553 49.6099 46.7593 43.7758 38.758 36.5999 30.4931 29.857 21.4522 21.4171 21.3867 20.3735 20.0034 16.0319 12.3804 12.181 12.0392 10.3361 9.90602 9.56534 8.99293 8.43177 8.30411 7.77921 7.23389
threshold=-1.4034138756721219 -0.98882795899150466 1.5000000000000002 -1.6043440453073161 0.025869397666225803 1.5000000000000002 1.0000000180025095e-35 1.5000000000000002 1.0000000180025095e-35 2.5000000000000004 -1.6739998374475167 1.498585462383176 -1.2232464902325644 -0.28892120142891164 -0.49604984348761971 2.5000000000000004 -1.5025394260254843 -1.194172200542398 -1.700120759500092 -0.67604666159271909 -0.59578160878115949 2.5000000000000004 2.5000000000000004 0.10234074827361882 1.0000000180025095e-35 1.5000000000000002 1.5000000000000002 -0.99470866995531859 2.5000000000000004 0.61325526023311017
decision_type=2 2 2 2 2 2 2 2 2 2 2 2 2 2 2 2 2 2 2 2 2 2 2 2 2 2 2 2 2 2
left_child=2 7 10 9 5 -3 25 -2 13 23 -1 18 27 17 -5 -15 22 -7 20 -10 -11 -21 -16 -4 -12 -6 -8 -9 -29 -28
right_child=1 4 3 14 6 8 26 12 19 11 24 -13 -14 15 16 -17 -18 -19 -20 21 -22 -23 -24 -25 -26 -27 29 28 -30 -31
leaf_value=0.024484983528702129 0.0029105651413238536 -0.005039469203099561 0.029203746774155104 0.016883411548367006 -0.0039561519314786128 -0.0022101489885061397 -0.018388064500517037 0.0063258101624501205 -0.0016528933859614417 0.044719676973659604 0.005848706929953212 0.069028325527032169 0.0068369577745358654 -0.0066104665546931549 0.0255803312223159 0.0011383109486829029 0.023217864719939297 0.0047332114159024455 0.041406787399812829 -0.0022195170501704744 0.059535878406265723 -0.0098172232056150423 0.037096067618395422 0.042640620345917896 0.013664214971123943 -0.0055463136333914068 -0.0086260213120536566 0.010875755657257674 0.017021493573531814 -0.015313131571095692
leaf_weight=755 3901 9524 247 555 14899 1321 482 316 1831 221 537 230 3395 1341 285 2650 1033 4829 426 801 382 1494 624 312 1447 22055 1172 774 1543 618
leaf_count=755 3901 9524 247 555 14899 1321 482 316 1831 221 537 230 3395 1341 285 2650 1033 4829 426 801 382 1494 624 312 1447 22055 1172 774 1543 618
internal_value=7.04152e-07 -0.00262985 0.0272032 0.0348753 -0.00417487 -0.00224371 -0.00534614 0.00717597 -0.000377366 0.0476802 0.0151157 0.0525479 0.00993622 0.00138926 0.0255508 -0.00146543 0.0280269 0.00324179 0.0488578 -0.00471937 0.054114 -0.00716569 0.0334887 0.0367097 0.0115492 -0.00490521 -0.0125173 0.013932 0.0149691 -0.0109355
internal_weight=80000 72946 7054 4315 63017 23791 39226 9929 14267 1818 2739 1259 6028 10141 2497 3991 1942 6150 1029 4126 603 2295 909 559 1984 36954 2272 2633 2317 1790
internal_count=80000 72946 7054 4315 63017 23791 39226 9929 14267 1818 2739 1259 6028 10141 2497 3991 1942 6150 1029 4126 603 2295 909 559 1984 36954 2272 2633 2317 1790
is_linear=0
shrinkage=0.05


Tree=41
num_leaves=31
num_cat=0
split_feature=8 8 9 8 8 8 5 9 9 5 9 2 8 6 6 8 6 6 5 8 6 6 8 8 9 8 2 9 10 8
split_gain=2066.63 398.962 247.236 152.917 67.956 51.647 55.1323 48.0537 46.6739 44.5894 23.2341 22.0865 20.9703 20.4031 19.3446 18.9913 16.6569 14.1444 11.6836 11.378 11.3668 10.3868 10.1634 9.62736 17.0538 9.14587 19.9909 15.3371 8.38113 7.52109
threshold=-1.4034138756721219 -0.98882795899150466 0.45124090117685461 -1.6257765967350701 -1.6739998374475167 -0.20051192678942623 1.0000000180025095e-35 0.45124090117685461 1.0000000180025095e-35 1.0000000180025095e-35 -1.117930881447166 1.5000000000000002 -1.2620929896953685 2.5000000000000004 1.0000000180025095e-35 -1.5527719684342831 1.0000000180025095e-35 1.0000000180025095e-35 1.0000000180025095e-35 -1.5353580203992327 1.0000000180025095e-35 2.5000000000000004 -0.76579547069643916 -0.44832580267283234 0.45124090117685461 0.19799957632037568 3.5000000000000004 0.45124090117685461 3.0458985000000003 -0.73900478141174653
decision_type=2 2 2 2 2 2 2 2 2 2 2 2 2 2 2 2 2 2 2 2 2 2 2 2 2 2 2 2 2 2
left_child=2 7 4 16 11 8 25 21 29 13 -6 -1 -9 23 22 -5 28 -17 -18 -12 -14 -2 -11 -10 -25 26 -7 -27 -4 -3
right_child=1 5 3 15 10 6 -8 12 9 14 19 -13 20 -15 -16 17 18 -19 -20 -21 -22 -23 -24 24 -26 27 -28 -29 -30 -31
leaf_value=0.037973031528512141 0.0050472055246563851 -0.0025216308057071733 0.057665606213029255 0.035587253564485409 0.0077150253707399226 -0.0041662220732336646 -0.011580759344033076 0.016020413840994865 0.0063410604779942387 0.0039901756690799359 0.021453766329345345 0.023260896389290381 0.012329107007753861 -0.0012146729326715253 -0.0087656412759283386 0.031222939240959088 0.038869098784902072 0.020412543070310391 0.051968454897324656 0.013725258030552396 0.0056764638628865527 -4.0056215237684322e-05 -0.0033362512482180045 -0.004518552081716678 0.0051810042173898001 -0.003942011058223927 0.001851365506045263 -0.0061464806484210809 0.080902975364069082 -0.0059522025480996674
leaf_weight=386 4616 2374 116 573 1009 6984 2872 1381 2870 651 840 755 1093 2317 1385 496 226 779 712 1102 1557 1282 1734 693 1309 20323 1720 12898 60 4887
leaf_count=386 4616 2374 116 573 1009 6984 2872 1381 2870 651 840 755 1093 2317 1385 496 226 779 712 1102 1557 1282 1734 693 1309 20323 1720 12898 60 4887
internal_value=6.94128e-07 -0.00249836 0.0258433 0.0368456 0.0178786 -0.00396614 -0.00487901 0.0068172 -0.00172165 0.000338251 0.0138711 0.0282409 0.0110247 0.00264784 -0.00406585 0.0280224 0.0514786 0.0246201 0.0488168 0.0170691 0.00842073 0.00394145 -0.00133638 0.00448474 0.00182341 -0.0044199 -0.00297708 -0.00479791 0.0656289 -0.00483062
internal_weight=80000 72946 7054 2962 4092 63017 44797 9929 18220 10959 2951 1141 4031 7189 3770 1848 1114 1275 938 1942 2650 5898 2385 4872 2002 41925 8704 33221 176 7261
internal_count=80000 72946 7054 2962 4092 63017 44797 9929 18220 10959 2951 1141 4031 7189 3770 1848 1114 1275 938 1942 2650 5898 2385 4872 2002 41925 8704 33221 176 7261
is_linear=0
shrinkage=0.05


Tree=42
num_leaves=31
num_cat=0
split_feature=8 8 8 1 1 8 1 8 8 1 7 8 1 7 7 7 1 8 7 1 1 3 10 8 7 7 2 10 1 7
split_gain=1867.8 273.203 265.533 165.042 72.7091 37.6439 34.3301 29.6321 27.1095 31.9462 26.973 19.0203 16.9351 16.7871 16.5875 15.9854 19.6062 18.4472 15.3953 11.2078 9.648 9.42283 9.11812 9.09415 13.2018 8.15105 7.78197 7.28129 6.80637 6.63846
threshold=-1.3371069196925081 -0.81669778033735496 -1.568176614772981 1.5000000000000002 1.5000000000000002 -1.6739998374475167 1.5000000000000002 -1.1489023274675425 0.11963681016264981 1.5000000000000002 -0.39631807819407994 -1.459674323169976 2.5000000000000004 1.0996584012090167 -0.49604984348761971 0.70073134003485771 3.5000000000000004 -0.44832580267283234 -0.59578160878115949 3.5000000000000004 1.5000000000000002 4.5000000000000009 3.0437365000000005 -1.0444186392572414 0.40153604415423816 -1.0944404352488581 1.5000000000000002 3.0436855000000005 3.5000000000000004 -1.2939039658359379
decision_type=2 2 2 2 2 2 2 2 2 2 2 2 2 2 2 2 2 2 2 2 2 2 2 2 2 2 2 2 2 2
left_child=2 6 3 22 27 10 23 25 9 -3 28 14 -12 20 -6 16 29 -18 -7 -20 -10 26 -1 -2 -25 -8 -15 -4 -5 -11
right_child=1 8 4 5 11 18 7 -9 13 15 12 -13 -14 21 -16 -17 17 -19 19 -21 -22 -23 -24 24 -26 -27 -28 -29 -30 -31
leaf_value=0.023051122274729451 0.0027157019123995509 -0.0050255029891737996 0.010452643351111762 0.040745650349786687 0.013535540897489465 0.021442619369355223 0.0026713750517446131 0.003784381225763766 -0.0036318260707313837 -0.0033067285645594943 0.059828646084313111 0.015958882489202242 0.045333460810269802 -0.016367956146071533 0.026949269337033704 -0.0044864101120624155 0.0020231917331876362 -0.0057736352014240936 0.040828600402824912 0.027824626367047862 -0.0053260713739861441 -0.0038962515612947658 0.014814638775199639 -0.0047795284309012772 0.0033799781998461219 0.011229957770737329 -0.0087407249997017121 0.0044380764321132046 0.027391255787000385 0.0018067976127218986
leaf_weight=622 2787 8779 941 293 297 213 313 4652 14097 706 365 1686 456 518 1034 2812 1112 2387 519 245 20807 577 733 1290 805 2507 945 1082 143 6277
leaf_count=622 2787 8779 941 293 297 213 313 4652 14097 706 365 1686 456 518 1034 2812 1112 2387 519 245 20807 577 733 1290 805 2507 945 1082 143 6277
internal_value=6.86013e-07 -0.00265582 0.0219726 0.0323664 0.0145706 0.0407169 0.00410556 0.00623605 -0.00407118 -0.00268478 0.046442 0.0194882 0.0517842 -0.00489951 0.0239574 -0.001139 -0.000240952 -0.00329578 0.033347 0.0366627 -0.00464181 -0.00930818 0.0185969 0.000844736 -0.00164424 0.0102801 -0.0114422 0.00723614 0.0363729 0.00128977
internal_weight=80000 71371 8629 3589 5040 2234 12354 7472 59017 22073 1257 3017 821 36944 1331 13294 10482 3499 977 764 34904 2040 1355 4882 2095 2820 1463 2023 436 6983
internal_count=80000 71371 8629 3589 5040 2234 12354 7472 59017 22073 1257 3017 821 36944 1331 13294 10482 3499 977 764 34904 2040 1355 4882 2095 2820 1463 2023 436 6983
is_linear=0
shrinkage=0.05


Tree=43
num_leaves=31
num_cat=0
split_feature=8 8 1 8 8 1 1 0 8 8 8 3 0 10 8 0 3 10 8 10 8 0 0 8 8 1 0 1 0 0
split_gain=1687.13 343.72 190.184 139.294 42.3391 38.8833 38.5352 28.7607 25.782 25.7102 17.8002 9.32575 8.79706 8.41465 8.16215 7.45095 7.16351 6.39815 6.32368 6.9268 6.20137 5.76131 5.33515 4.92075 4.87408 14.0164 11.4054 9.8473 7.61239 3.36095
threshold=-1.416809220314468 -0.98882795899150466 1.5000000000000002 -1.6257765967350701 -0.20051192678942623 1.5000000000000002 1.5000000000000002 2.5000000000000004 -1.2620929896953685 -1.6739998374475167 -1.5353580203992327 4.5000000000000009 2.5000000000000004 3.0437365000000005 -0.7021675836452943 2.5000000000000004 4.5000000000000009 3.0437365000000005 -0.73900478141174653 3.0438415000000005 -1.5186138395962998 2.5000000000000004 2.5000000000000004 -1.700120759500092 0.38285533238475428 1.5000000000000002 1.5000000000000002 1.5000000000000002 2.5000000000000004 3.5000000000000004
decision_type=2 2 2 2 2 2 2 2 2 2 2 2 2 2 2 2 2 2 2 2 2 2 2 2 2 2 2 2 2 2
left_child=2 5 9 7 6 -2 18 -4 22 17 15 14 -12 -9 -8 -5 24 -1 19 -3 -11 -10 -7 -15 26 -26 -6 -28 -27 -22
right_child=1 4 3 10 16 8 11 13 21 20 12 -13 -14 23 -16 -17 -18 -19 -20 -21 29 -23 -24 -25 25 28 27 -29 -30 -31
leaf_value=0.026232407444386204 0.0024643182251129683 0.00044771763977980382 0.032137164844905683 0.021718502346154495 -0.007536185073688955 0.0095662185793711132 0.0015151199289020448 0.040323429277777628 0.0036171008100889753 0.012997983427340307 0.014360651308204311 0.0030998358325175514 0.022496714492003578 0.052385522454313785 -0.001656364638107883 0.031180373923690163 -0.0036035730233349426 0.016974100559459301 -0.0054033284906299219 -0.004953785181720979 0.0042883125316342235 0.0076750904790571011 0.014731898906510258 0.043560775334189006 -0.0037370736696503873 -0.0047665415853333287 -0.004922547148453609 -0.0012296326907277784 -0.0075084118684486754 0.010442242212549531
leaf_weight=342 4027 1185 503 296 1778 747 3284 367 1306 968 498 2368 1003 512 5307 710 17090 413 4887 1189 467 2650 1516 235 7746 3969 3590 3631 6993 423
leaf_count=342 4027 1185 503 296 1778 747 3284 367 1306 968 498 2368 1003 512 5307 710 17090 413 4887 1189 467 2650 1516 235 7746 3969 3590 3631 6993 423
internal_value=6.72884e-07 -0.0022012 0.0239451 0.0306322 -0.00358216 0.00629216 -0.00154997 0.0420745 0.00877072 0.0133905 0.0232506 0.000321745 0.0197985 0.0465582 -0.000444028 0.0283988 -0.00440869 0.0211708 -0.0043749 -0.00225768 0.0102279 0.00633555 0.0130272 0.0496155 -0.00490528 -0.00536525 -0.003949 -0.00306565 -0.00651572 0.007214
internal_weight=80000 73263 6737 4124 63017 10246 18220 1617 6219 2613 2507 10959 1501 1114 8591 1006 44797 755 7261 2374 1858 3956 2263 747 27707 18708 8999 7221 10962 890
internal_count=80000 73263 6737 4124 63017 10246 18220 1617 6219 2613 2507 10959 1501 1114 8591 1006 44797 755 7261 2374 1858 3956 2263 747 27707 18708 8999 7221 10962 890
is_linear=0
shrinkage=0.05


Tree=44
num_leaves=31
num_cat=0
split_feature=8 8 8 0 5 10 8 6 0 10 11 8 0 8 6 7 8 0 8 0 5 6 6 8 6 8 8 6 7 6
split_gain=1523.35 222.789 216.81 66.8235 57.1064 48.5185 39.4543 37.5954 34.6157 31.8972 30.8216 26.6716 21.0613 18.7048 17.1891 16.6221 15.9737 13.3052 12.9889 10.9727 10.4549 10.1268 9.39264 8.03846 7.76825 11.0413 7.38708 7.24799 7.17951 6.82801
threshold=-1.3371069196925081 -0.79124662551689706 -1.5527719684342831 2.5000000000000004 1.0000000180025095e-35 3.0438705000000006 -0.054502670187851793 1.0000000180025095e-35 4.5000000000000009 3.0475215000000007 101.79626950000001 -1.6257765967350701 4.5000000000000009 -0.54343274963349086 2.5000000000000004 -0.59578160878115949 -1.0444186392572414 4.5000000000000009 -1.4308743321889319 2.5000000000000004 1.0000000180025095e-35 2.5000000000000004 2.5000000000000004 -1.6739998374475167 1.0000000180025095e-35 0.47126460702423967 -0.44832580267283234 1.0000000180025095e-35 1.6980489929702556 1.0000000180025095e-35
decision_type=2 2 2 2 2 2 2 2 2 2 2 2 2 2 2 2 2 2 2 2 2 2 2 2 2 2 2 2 2 2
left_child=2 7 3 10 6 8 12 17 -5 14 23 15 22 29 18 -7 20 -2 27 -11 -9 -14 26 -1 25 -15 -3 -4 -13 -6
right_child=1 4 9 5 13 11 -8 16 -10 19 -12 28 21 24 -16 -17 -18 -19 -20 -21 -22 -23 -24 -25 -26 -27 -28 -29 -30 -31
leaf_value=0.032539378804735349 0.0056006337344921787 0.0014976040093682553 0.02376961897555677 0.019914330583981458 -0.0027209177583022957 0.03440466590753171 -0.0039075968612442254 0.0063963092054340857 0.036276956254544947 0.0033281951078209223 0.01317023840398119 0.027354580598138212 0.0057811986585151976 -0.0063802164933645412 0.0086026663622639134 0.051600353685332334 -0.00091765638879151481 0.012010523885405341 0.013266276262076319 0.018443511768069628 0.0012328806290220773 -0.001335821624166384 -0.0041431671812707429 0.022043455570463472 -0.012704718303676477 -0.012502742077742199 -0.0018707763597199387 0.016670218162566353 0.045567365059961604 -0.0087407256983538673
leaf_weight=385 4114 2478 695 725 1808 192 38783 1807 584 967 757 307 1629 2302 832 534 3894 1008 1351 137 2143 721 2762 349 1459 1083 4743 748 66 637
leaf_count=385 4114 2478 695 725 1808 192 38783 1807 584 967 757 307 1629 2302 832 534 3894 1008 1351 137 2143 721 2762 349 1459 1083 4743 748 66 637
internal_value=6.59667e-07 -0.00239843 0.0198434 0.0285728 -0.00371466 0.033724 -0.00312426 0.00353051 0.0272166 0.0126473 0.0202518 0.0414716 -0.000660906 -0.00785494 0.0149129 0.0470581 0.00135484 0.0068623 0.0167916 0.00520542 0.00359509 0.00359767 -0.0016634 0.0275525 -0.00965444 -0.00833937 -0.000714859 0.020091 0.0305886 -0.00428956
internal_weight=80000 71371 8629 3899 58405 2408 51116 12966 1309 4730 1491 1099 12333 7289 3626 726 7844 5122 2794 1104 3950 2350 9983 734 4844 3385 7221 1443 373 2445
internal_count=80000 71371 8629 3899 58405 2408 51116 12966 1309 4730 1491 1099 12333 7289 3626 726 7844 5122 2794 1104 3950 2350 9983 734 4844 3385 7221 1443 373 2445
is_linear=0
shrinkage=0.05


Tree=45
num_leaves=31
num_cat=0
split_feature=5 1 0 6 1 7 0 0 6 0 0 7 7 4 0 0 6 7 0 11 11 11 7 6 0 7 6 6 7 7
split_gain=239.649 72.5914 19.0805 15.1498 11.7752 6.78549 6.37886 6.29495 4.96557 4.93156 3.57953 3.26153 2.83729 2.78339 4.52949 3.46005 4.42922 2.56245 3.29941 2.52544 2.9637 2.40339 2.18897 2.17198 1.74502 1.70738 1.57372 1.45135 2.01674 3.25068
threshold=1.0000000180025095e-35 1.5000000000000002 2.5000000000000004 1.0000000180025095e-35 1.5000000000000002 2.495903115318574 2.5000000000000004 3.5000000000000004 2.5000000000000004 4.5000000000000009 4.5000000000000009 0.40153604415423816 -0.99470866995531859 1.0000000180025095e-35 4.5000000000000009 4.5000000000000009 1.0000000180025095e-35 1.8975125235573351 4.5000000000000009 101.79825250000002 101.79820850000002 101.79824450000001 1.498585462383176 1.0000000180025095e-35 4.5000000000000009 1.0000000180025095e-35 1.0000000180025095e-35 1.5000000000000002 0.70073134003485771 0.40153604415423816
decision_type=2 2 2 2 2 2 2 2 2 2 2 2 2 2 2 2 2 2 2 2 2 2 2 2 2 2 2 2 2 2
left_child=4 7 11 5 -1 22 -6 26 17 12 -7 -3 -10 14 -8 -15 -17 27 21 20 25 -19 24 -9 -4 -14 -2 -5 29 -29
right_child=1 2 3 8 6 10 13 23 9 -11 -12 -13 19 15 -16 16 -18 18 -20 -21 -22 -23 -24 -25 -26 -27 -28 28 -30 -31
leaf_value=-0.0024469840937283134 -0.0012557764973149487 0.0073214864815322137 0.0029432444122282336 0.0098143183468600761 -0.0019475946943312485 0.015153653175963436 0.00075584232557964577 0.0013282331464729113 0.0097940983544236235 0.010190207797817792 0.0073035920014159379 0.0036721525927155435 0.022808908404209762 -0.0022031266097214839 -0.00099553126990964045 -0.001777598906871472 0.0013733285373672727 0.02201536465597425 0.0086973903980638572 0.023845259534894064 0.0072488613816028254 0.0090484605756348483 0.0069518555563818172 0.0036586765693955138 0.006010890994005709 0.015151644163614381 0.0007067838334439535 0.0053038161580402626 0.0053490422305829122 0.017829596194572497
leaf_weight=23926 2151 754 926 1540 12142 311 7412 2051 130 620 273 3259 121 4543 7355 2290 2174 127 177 139 78 50 1733 1951 929 186 1945 110 499 98
leaf_count=23926 2151 754 926 1540 12142 311 7412 2051 130 620 273 3259 121 4543 7355 2290 2174 127 177 139 78 50 1733 1951 929 186 1945 110 499 98
internal_value=6.4821e-07 0.00471575 0.00717443 0.0085789 -0.00158766 0.00648777 -0.0010152 0.0010541 0.0108301 0.0133883 0.0114859 0.00435799 0.0164181 -0.00053899 -0.000116465 -0.00123171 -0.000243078 0.00957655 0.0135323 0.0180593 0.0159647 0.0183596 0.00567396 0.0024644 0.00447979 0.0181761 -0.000323853 0.00895277 0.00707501 0.0112111
internal_weight=80000 20158 12060 8047 59842 4172 35916 8098 3875 1274 584 4013 654 23774 14767 9007 4464 2601 354 524 385 177 3588 4002 1855 307 4096 2247 707 208
internal_count=80000 20158 12060 8047 59842 4172 35916 8098 3875 1274 584 4013 654 23774 14767 9007 4464 2601 354 524 385 177 3588 4002 1855 307 4096 2247 707 208
is_linear=0
shrinkage=0.05


Tree=46
num_leaves=31
num_cat=0
split_feature=8 8 9 8 8 9 5 8 8 1 8 0 9 9 5 8 5 5 8 8 1 1 8 0 5 8 8 0 8 9
split_gain=1351.56 286.982 158.516 82.4819 40.3936 38.4238 32.8471 49.7043 46.2055 43.4119 18.4944 15.9926 14.554 13.7098 11.5818 7.90549 7.89785 7.81098 8.24018 7.16284 9.77179 7.55208 6.17765 7.27302 6.76791 5.74452 5.6767 17.3302 5.60993 14.3763
threshold=-1.4308743321889319 -0.98882795899150466 0.45124090117685461 -1.6257765967350701 -1.6739998374475167 0.45124090117685461 1.0000000180025095e-35 -0.6619815497182554 -0.16233519455873927 1.5000000000000002 -1.286204610051592 3.5000000000000004 -1.117930881447166 -1.117930881447166 1.0000000180025095e-35 -1.5527719684342831 1.0000000180025095e-35 1.0000000180025095e-35 -1.1736837150558832 0.61325526023311017 1.5000000000000002 2.5000000000000004 -1.1616279048777716 1.5000000000000002 1.0000000180025095e-35 -0.26480958107268832 -0.62447458471968587 2.5000000000000004 0.23952514471164901 0.45124090117685461
decision_type=2 2 2 2 2 2 2 2 2 2 2 2 2 2 2 2 2 2 2 2 2 2 2 2 2 2 2 2 2 2
left_child=2 5 4 14 12 22 8 11 9 -3 -7 -8 -1 -6 -4 -5 -15 -12 -19 21 -21 -9 23 -2 -25 -23 -11 -28 -10 -30
right_child=1 6 3 15 13 10 7 19 28 26 17 -13 -14 16 -16 -17 -18 18 -20 20 -22 25 -24 24 -26 -27 27 -29 29 -31
leaf_value=0.015453228333649628 0.0074425579431184954 -0.0037215708540792496 0.031879895022815817 0.028595251140424074 0.0067649163077743608 0.014079856422576682 -0.003850767845209436 -0.009597671519511311 -0.0024159713565862118 0.0039794836070627714 0.0098835632374589324 0.0032966706699569231 0.027288803253918466 0.0087367558628134636 0.044315303854375591 0.021241829671710247 0.01648711512258217 0.0089066363499012285 0.0015510681669993261 -0.0068100388426091596 -0.018149749149692165 -0.0034992878580388451 0.0011739602216206113 0.0062548080609203908 0.0009684075225698612 -0.0086771785646697509 -0.0031445124119280701 0.0033323453684348742 -0.0030020145349222106 -0.0051650728702974137
leaf_weight=401 1323 4963 240 573 880 1397 1946 3041 8785 2996 1333 1309 740 446 874 1017 1254 661 898 340 431 1237 2331 952 1663 945 1543 3123 19811 12547
leaf_count=401 1323 4963 240 573 880 1397 1946 3041 8785 2996 1333 1309 740 446 874 1017 1254 661 898 340 431 1237 2331 952 1663 945 1543 3123 19811 12547
internal_value=6.29148e-07 -0.00191988 0.0219928 0.0312057 0.0152972 0.00570913 -0.00319807 -0.00595042 -0.00272461 -7.86249e-05 0.00935579 -0.000976409 0.023131 0.011832 0.0416393 0.0238935 0.0144544 0.0070734 0.00467012 -0.00865146 -0.0131506 -0.00798707 0.00321412 0.00442168 0.00289311 -0.00574207 0.00228108 0.00119049 -0.00353655 -0.00384077
internal_weight=80000 73575 6425 2704 3721 10558 63017 9249 53768 12625 4289 3255 1141 2580 1114 1590 1700 2892 1559 5994 771 5223 6269 3938 2615 2182 7662 4666 41143 32358
internal_count=80000 73575 6425 2704 3721 10558 63017 9249 53768 12625 4289 3255 1141 2580 1114 1590 1700 2892 1559 5994 771 5223 6269 3938 2615 2182 7662 4666 41143 32358
is_linear=0
shrinkage=0.05


Tree=47
num_leaves=31
num_cat=0
split_feature=5 1 0 6 1 7 0 0 6 10 10 7 7 0 10 11 11 7 11 0 10 7 7 10 7 6 6 6 10 7
split_gain=196.134 59.1522 15.228 10.2636 9.66512 6.07416 5.45397 4.97103 3.36786 4.3513 3.33614 2.45832 2.31357 2.82495 2.23089 1.99656 2.62043 2.06074 2.35258 1.9267 2.05277 1.67168 1.69245 1.49526 1.84309 1.40157 1.27787 1.12998 1.85678 1.81178
threshold=1.0000000180025095e-35 1.5000000000000002 2.5000000000000004 1.0000000180025095e-35 1.5000000000000002 2.495903115318574 2.5000000000000004 3.5000000000000004 2.5000000000000004 3.0470605000000002 3.0437895000000004 0.40153604415423816 1.8975125235573351 4.5000000000000009 3.0468465000000005 101.79830750000001 101.79832350000001 1.498585462383176 101.79800750000001 4.5000000000000009 3.0465015000000002 -0.99470866995531859 1.0000000180025095e-35 3.0473465000000002 0.30180427886069844 1.0000000180025095e-35 2.5000000000000004 1.5000000000000002 3.0474155000000005 0.70073134003485771
decision_type=2 2 2 2 2 2 2 2 2 2 2 2 2 2 2 2 2 2 2 2 2 2 2 2 2 2 2 2 2 2
left_child=4 7 11 5 -1 15 -6 -2 12 19 -7 -3 27 14 -14 17 -17 18 -4 20 21 -10 -23 -11 -25 -9 -8 28 -5 -29
right_child=1 2 3 8 6 10 26 25 9 23 -12 -13 13 -15 -16 16 -18 -19 -20 -21 -22 22 -24 24 -26 -27 -28 29 -30 -31
leaf_value=-0.0022148123868744479 -0.00026367212343446329 0.0065424208885023318 0.0055613841279423737 0.0092376798437090249 -0.0017797937823805917 0.0059358146599339887 -0.00062163976455419318 0.0013013834672328992 0.0085599546128542515 0.025858992936608306 0.01371815386825613 0.0033741136093297232 0.020755143773645027 0.0078457318137032141 0.0088258099958124104 0.016325620397105899 0.0061627247213663586 0.0061842956691169782 0.0018364350500515289 0.0087203822836326127 0.0063543876370901588 0.020925165783661614 0.013263267995957499 0.0096183097448310911 0.022794027550670202 0.0031734636439124278 0.00045369179309671893 0.010231435775098064 0.0028066048558792263 0.0046755252132514883
leaf_weight=23926 4096 754 837 1418 12142 223 20583 2051 91 57 361 3259 118 177 59 89 221 1582 859 620 96 120 183 57 50 1951 3191 208 122 499
leaf_count=23926 4096 754 837 1418 12142 223 20583 2051 91 57 361 3259 118 177 59 89 221 1582 859 620 96 120 183 57 50 1951 3191 208 122 499
internal_value=6.09798e-07 0.0042662 0.00648565 0.00774035 -0.00143628 0.00601912 -0.000917637 0.000960841 0.00959329 0.0117003 0.010748 0.00396955 0.00856085 0.0123193 0.0167859 0.00524915 0.00908478 0.00488615 0.00367497 0.0105753 0.01292 0.0145177 0.0163036 0.0193037 0.0157907 0.00221409 -0.000477305 0.00796821 0.00872842 0.00631129
internal_weight=80000 20158 12060 8047 59842 4172 35916 8098 3875 1274 584 4013 2601 354 177 3588 310 3278 1696 1110 490 394 303 164 107 4002 23774 2247 1540 707
internal_count=80000 20158 12060 8047 59842 4172 35916 8098 3875 1274 584 4013 2601 354 177 3588 310 3278 1696 1110 490 394 303 164 107 4002 23774 2247 1540 707
is_linear=0
shrinkage=0.05


Tree=48
num_leaves=31
num_cat=0
split_feature=1 3 11 6 10 0 6 10 3 10 10 6 6 11 3 11 10 6 11 11 10 6 10 10 10 6 10 10 10 10
split_gain=38.4562 37.02 16.1135 6.56421 4.64857 3.77083 3.46065 3.05967 3.16848 2.55719 1.63852 1.43073 1.39634 1.39318 1.50997 1.21026 1.19487 1.13323 1.05792 1.00895 0.943915 0.939994 1.40892 0.934193 0.906003 1.25099 0.877182 1.19782 0.872425 0.871074
threshold=1.5000000000000002 4.5000000000000009 101.79799550000001 2.5000000000000004 3.0443075000000004 4.5000000000000009 1.0000000180025095e-35 3.0437625000000006 4.5000000000000009 3.0472355000000007 3.0475565000000002 3.5000000000000004 1.0000000180025095e-35 101.79822450000002 3.5000000000000004 101.79824450000001 3.0419265000000002 2.5000000000000004 101.79823650000002 101.79851150000002 3.0455415000000006 3.5000000000000004 3.0469165000000005 3.0478215000000004 3.0422145000000005 1.0000000180025095e-35 3.0477175000000005 3.0479115000000006 3.0439395000000005 3.0478125000000005
decision_type=2 2 2 2 2 2 2 2 2 2 2 2 2 2 2 2 2 2 2 2 2 2 2 2 2 2 2 2 2 2
left_child=7 2 4 12 11 -3 -7 8 -1 13 -11 24 26 14 -5 16 -14 -6 -15 23 -19 -20 -23 -17 -2 -26 -4 -28 -18 -12
right_child=1 5 3 9 17 6 -8 -9 -10 10 29 -13 15 18 -16 19 28 20 21 -21 -22 22 -24 -25 25 -27 27 -29 -30 -31
leaf_value=-0.00037753524963903364 9.6079518916644097e-05 -0.0018962399738062866 0.0020793348710616611 0.0068217712219959432 5.8364638547891658e-05 -0.0014791604483273281 0.0013060243817658301 -0.0018096135033247214 -0.0019698591670250561 0.013791124899554081 0.0032801361902172997 0.0039007445427011651 0.00027179637873671461 -0.0032753820367983112 0.0023255809066151396 0.0011570267360349179 0.010302348501608417 -0.00010983678858497667 0.00084366456202366897 0.0065185889109188383 0.0024022535090265831 0.002555610379204154 0.011589893817760146 0.0046375525823343896 0.0011942743395548785 0.0024714717567488422 0.0064507318853926372 0.001689598362259374 0.0041069161907947458 0.01032564840052503
leaf_weight=10964 935 9122 6352 927 10155 2290 2174 16691 4369 148 92 710 204 66 234 1072 58 589 160 123 1024 110 71 235 4464 3361 279 251 2686 84
leaf_count=10964 935 9122 6352 927 10155 2290 2174 16691 4369 148 92 710 204 66 234 1072 58 589 160 123 1024 110 71 235 4464 3361 279 251 2686 84
internal_value=5.94689e-07 0.000896235 0.00176922 0.00314455 0.000917508 -0.00131353 -0.000122757 -0.00134119 -0.000831263 0.00586957 0.00991346 0.00174211 0.00268662 0.00503339 0.00591584 0.00338476 0.00396378 0.000253919 0.00251531 0.00219088 0.00148499 0.00363672 0.00610389 0.00178314 0.00156711 0.00174288 0.00224246 0.00419668 0.00423824 0.00664672
internal_weight=80000 47976 34390 13152 21238 13586 4464 32024 15333 1892 324 9470 11260 1568 1161 4378 2948 11768 407 1430 1613 341 181 1307 8760 7825 6882 530 2744 176
internal_count=80000 47976 34390 13152 21238 13586 4464 32024 15333 1892 324 9470 11260 1568 1161 4378 2948 11768 407 1430 1613 341 181 1307 8760 7825 6882 530 2744 176
is_linear=0
shrinkage=0.05


Tree=49
num_leaves=31
num_cat=0
split_feature=8 8 1 8 8 1 6 1 7 7 8 8 8 7 6 7 6 8 0 7 3 1 6 8 0 7 1 0 8 0
split_gain=1193.78 235.41 130.449 100.901 26.8678 25.3877 24.9525 23.2326 23.1854 21.6985 19.9191 17.165 16.1126 15.7188 21.3567 15.5645 13.2962 12.3112 16.9418 10.1754 9.87773 8.15819 7.90592 34.3729 9.16776 7.46935 6.55337 6.25926 6.04522 5.86507
threshold=-1.416809220314468 -0.98882795899150466 1.5000000000000002 -1.6472091481628242 0.025869397666225803 1.5000000000000002 2.5000000000000004 1.5000000000000002 -0.49604984348761971 -0.39631807819407994 -1.6472091481628242 -1.5186138395962998 -1.2373116021070281 0.50126780944777805 2.5000000000000004 0.99992663591547692 1.0000000180025095e-35 -0.44832580267283234 2.5000000000000004 1.6980489929702556 4.5000000000000009 1.5000000000000002 1.0000000180025095e-35 0.47126460702423967 2.5000000000000004 0.30180427886069844 2.5000000000000004 2.5000000000000004 -0.76579547069643916 2.5000000000000004
decision_type=2 2 2 2 2 2 2 2 2 2 2 2 2 2 2 2 2 2 2 2 2 2 2 2 2 2 2 2 2 2
left_child=2 5 10 9 7 -2 12 -3 -5 29 -1 27 -7 14 17 21 28 -9 -19 26 -17 -6 23 24 -23 -12 -11 -10 -15 -4
right_child=1 4 3 8 15 6 -8 13 11 19 25 -13 -14 16 -16 20 -18 18 -20 -21 -22 22 -24 -25 -26 -27 -28 -29 -30 -31
leaf_value=0.017521651079667869 0.0020843122293728329 -0.0035810967987552631 0.019825310805655787 0.011388948549292038 -0.0026296517848067185 0.0122157580527457 0.0013523381026360091 0.0045220626497008759 0.021212417937927143 0.043855889622902516 0.0043177327342676999 0.01786152984774329 0.0063694624414670151 0.003133640136856779 -0.0028837780532534538 -0.0097049820315610307 -0.0073402483459766915 -0.0040961897302821083 0.0025944397677445889 0.05169976541172288 -0.0029391125869707591 -0.0056712181280877015 -0.0054297563082352394 -0.0040946787298983857 0.0080651755453969385 0.011003564028480642 0.034475711055354963 0.029581433112300187 -0.0024354513239781637 0.031556239422439895
leaf_weight=881 4027 9524 158 612 14780 2079 1418 3048 326 316 704 1023 2722 642 3052 1735 1252 1421 2831 174 783 144 7781 13229 774 1028 463 720 2021 332
leaf_count=881 4027 9524 158 612 14780 2079 1418 3048 326 316 704 1023 2722 642 3052 1735 1252 1421 2831 174 783 144 7781 13229 774 1028 463 720 2021 332
internal_value=5.70534e-07 -0.00185159 0.0201421 0.0256803 -0.00299444 0.00517734 0.00718011 -0.00166875 0.0199412 0.036341 0.0114007 0.0224702 0.00890131 -0.000392144 0.000628485 -0.00379848 -0.00309083 0.00209692 0.000358417 0.0407402 -0.00760126 -0.00353761 -0.00414958 -0.00344543 0.00591006 0.0082864 0.0382859 0.0269754 -0.00109278 0.0277784
internal_weight=80000 73263 6737 4124 63017 10246 6219 23791 2681 1443 2613 2069 4801 14267 10352 39226 3915 7300 4252 953 2518 36708 21928 14147 918 1732 779 1046 2663 490
internal_count=80000 73263 6737 4124 63017 10246 6219 23791 2681 1443 2613 2069 4801 14267 10352 39226 3915 7300 4252 953 2518 36708 21928 14147 918 1732 779 1046 2663 490
is_linear=0
shrinkage=0.05


Tree=50
num_leaves=31
num_cat=0
split_feature=8 8 9 8 8 9 8 9 6 7 7 6 7 6 7 9 6 8 2 8 6 4 2 2 9 8 6 4 7 7
split_gain=1078.26 224.337 122.942 66.46 32.9924 30.1937 22.2183 19.7719 18.1628 17.5908 13.7895 19.5799 13.6698 13.0686 12.6522 11.7384 11.026 9.93836 14.569 9.60688 9.58322 8.92455 8.90719 8.25338 8.11205 12.2459 33.7101 8.06236 7.72192 7.57752
threshold=-1.4308743321889319 -0.96069773524257751 0.45124090117685461 -1.6257765967350701 -1.6739998374475167 0.45124090117685461 0.039264742308572111 1.0000000180025095e-35 1.0000000180025095e-35 1.498585462383176 0.70073134003485771 2.5000000000000004 0.99992663591547692 1.0000000180025095e-35 1.0000000180025095e-35 -1.117930881447166 1.0000000180025095e-35 -0.39474442410344723 3.5000000000000004 -1.286204610051592 2.5000000000000004 1.0000000180025095e-35 1.5000000000000002 1.5000000000000002 0.45124090117685461 0.44045531434684321 1.0000000180025095e-35 1.0000000180025095e-35 -0.29658631290054016 -0.59578160878115949
decision_type=2 2 2 2 2 2 2 2 2 2 2 2 2 2 2 2 2 2 2 2 2 2 2 2 2 2 2 2 2 2
left_child=2 5 4 9 15 20 7 -3 -7 29 11 17 24 -5 -6 -1 -12 -9 -19 -10 -2 23 -16 -14 -8 26 -26 -27 -17 -4
right_child=1 6 3 13 14 8 12 10 19 -11 16 -13 21 -15 22 28 -18 18 -20 -21 -22 -23 -24 -25 25 27 -28 -29 -30 -31
leaf_value=0.013931639843586228 0.0036746989881318633 -0.0034485361122341624 0.02782366122245546 0.027403325543970555 0.0058509485123454941 0.011737870218546042 -0.0027731114005611216 0.0036871870066234602 0.0098672471342667635 0.050446733672782629 -0.0014361584747640088 -0.0030071227500565105 -0.013834246272766502 0.01787982636189818 0.018369422259218247 0.018275896608021574 -0.0077367823641588786 -0.0019349899609812889 0.0043609737402830187 0.0033174977318816933 -0.00090169496756871577 -0.002761521916886642 0.010620715531580324 -0.006609730449578387 0.0081826593889831167 -0.0062923598983367288 -0.0041556197914162148 -0.0035068056110526564 0.028722407797217988 0.037454062300495632
leaf_weight=401 5194 9385 313 553 905 1868 22156 3510 803 203 2353 3054 618 1037 555 295 985 2863 1353 1849 1467 780 1120 1098 688 6296 2832 4423 445 598
leaf_count=401 5194 9385 313 553 905 1868 22156 3510 803 203 2353 3054 618 1037 555 295 985 2863 1353 1849 1467 780 1120 1098 688 6296 2832 4423 445 598
internal_value=5.59743e-07 -0.00171482 0.0196437 0.0277573 0.0137471 0.00480723 -0.00288358 -0.00166985 0.00796139 0.0371229 -0.000487447 0.000382103 -0.00361706 0.0211936 0.0106154 0.0208269 -0.00329557 0.00172185 8.55681e-05 0.005301 0.00266681 -0.00719657 0.0131891 -0.00921222 -0.00337156 -0.00430272 -0.00174388 -0.005143 0.024561 0.0341487
internal_weight=80000 73575 6425 2704 3721 11181 62394 23503 4520 1114 14118 10780 38891 1590 2580 1141 3338 7726 4216 2652 6661 2496 1675 1716 36395 14239 3520 10719 740 911
internal_count=80000 73575 6425 2704 3721 11181 62394 23503 4520 1114 14118 10780 38891 1590 2580 1141 3338 7726 4216 2652 6661 2496 1675 1716 36395 14239 3520 10719 740 911
is_linear=0
shrinkage=0.05


Tree=51
num_leaves=31
num_cat=0
split_feature=8 8 8 9 9 6 9 6 0 8 9 8 8 9 1 3 8 6 3 6 6 3 8 6 6 8 0 0 3 8
split_gain=974.652 154.462 128.021 77.9739 45.1733 27.1165 17.1926 15.3477 14.5506 14.127 18.6542 11.279 10.5886 10.2 9.93481 9.80585 10.2562 9.79244 7.37075 6.94504 6.46911 6.42494 5.72053 5.63541 5.49865 19.7884 16.0803 5.80408 5.24342 5.45886
threshold=-1.3625580745129657 -0.85420474533592461 -1.6043440453073161 0.45124090117685461 0.45124090117685461 1.0000000180025095e-35 0.45124090117685461 1.0000000180025095e-35 1.5000000000000002 0.11963681016264981 0.45124090117685461 -1.4878045469189034 -1.1616279048777716 -1.117930881447166 1.5000000000000002 4.5000000000000009 -1.6739998374475167 2.5000000000000004 4.5000000000000009 2.5000000000000004 1.0000000180025095e-35 4.5000000000000009 -1.2620929896953685 1.0000000180025095e-35 1.0000000180025095e-35 0.47126460702423967 2.5000000000000004 2.5000000000000004 4.5000000000000009 -0.17506077196896827
decision_type=2 2 2 2 2 2 2 2 2 2 2 2 2 2 2 2 2 2 2 2 2 2 2 2 2 2 2 2 2 2
left_child=2 5 3 8 13 6 -2 -5 -1 10 -3 19 -7 -4 -11 16 -9 28 -19 -6 -13 24 -8 -15 25 26 -16 -27 -12 -30
right_child=1 9 4 7 11 12 22 15 -10 14 17 20 -14 23 21 -17 -18 18 -20 -21 -22 -23 -24 -25 -26 27 -28 -29 29 -31
leaf_value=0.02443160825225596 0.0037775105549253162 -0.0030698166062051767 0.003611005377840096 0.046548402121857881 0.024205925307866801 0.0038115361232897759 0.014837752704506914 0.036039924137481555 0.014568563190276669 -0.0024898198041508166 -5.965734950274392e-05 0.01850264382497626 -0.00014175068729911359 0.013377047607060918 -0.01170935832925978 0.010367593876543636 0.024719028915780813 -0.0058071688317163309 0.00049401777558335375 0.014702720385338878 0.010813237279120716 -0.0030971807773899052 0.0083636193586070808 0.0078358000877127767 -0.0064085615534047111 -0.0032048671004579893 0.0056365173805940083 -0.0059412339997576748 0.005952717879112529 0.0002660566996045578
leaf_weight=559 2949 13762 982 212 667 2735 441 717 1132 14985 5595 471 4449 719 161 51 279 1175 767 271 654 8634 1511 1270 3966 3027 783 5388 847 841
leaf_count=559 2949 13762 982 212 667 2735 441 717 1132 14985 5595 471 4449 719 161 51 279 1175 767 271 654 8634 1511 1270 3966 3027 783 5388 847 841
internal_value=5.46958e-07 -0.00183704 0.0165755 0.0248462 0.0117283 0.0033196 0.00618707 0.0342673 0.0178303 -0.00287687 -0.00190366 0.0174123 0.00136333 0.00778097 -0.00348241 0.0317764 0.0328715 -0.000163955 -0.00331859 0.0214622 0.0140339 -0.00415974 0.00982695 0.00983947 -0.00484821 -0.00418692 0.00267724 -0.00495697 0.000677258 0.00311968
internal_weight=80000 72016 7984 2950 5034 12085 4901 1259 1691 59931 22987 2063 7184 2971 36944 1047 996 9225 1942 938 1125 21959 1952 1989 13325 9359 944 8415 7283 1688
internal_count=80000 72016 7984 2950 5034 12085 4901 1259 1691 59931 22987 2063 7184 2971 36944 1047 996 9225 1942 938 1125 21959 1952 1989 13325 9359 944 8415 7283 1688
is_linear=0
shrinkage=0.05


Tree=52
num_leaves=31
num_cat=0
split_feature=5 1 0 1 6 7 0 0 10 7 10 10 10 10 6 10 10 10 10 10 7 7 6 7 10 10 10 10 7 6
split_gain=113.823 35.9036 8.55328 6.15046 5.66067 5.42623 3.88645 3.25357 2.54399 1.75368 2.3059 1.65919 1.85075 1.52788 4.54244 3.92673 2.72904 2.07296 1.5593 1.50608 1.37267 1.36805 1.34302 1.26363 1.01665 1.01422 1.57667 2.03305 1.24162 0.936634
threshold=1.0000000180025095e-35 1.5000000000000002 2.5000000000000004 1.5000000000000002 1.0000000180025095e-35 2.495903115318574 3.5000000000000004 2.5000000000000004 3.0437895000000004 1.498585462383176 3.0434815000000004 3.0478215000000004 3.0476875000000003 3.0443835000000004 3.5000000000000004 3.0474155000000005 3.0469165000000005 3.0472355000000007 3.0452175000000006 3.0477175000000005 2.0969760541444149 0.30180427886069844 2.5000000000000004 1.1993901665025566 3.0435325000000004 3.0467435000000003 3.0462115000000005 3.0465365000000006 1.7977807582637952 1.5000000000000002
decision_type=2 2 2 2 2 2 2 2 2 2 2 2 2 2 2 2 2 2 2 2 2 2 2 2 2 2 2 2 2 2
left_child=3 6 21 22 5 9 -2 -5 -7 10 -4 12 13 20 15 17 18 -15 -16 25 23 -3 -1 24 -6 26 -11 -28 -27 -13
right_child=1 2 4 7 11 8 -8 -9 -10 19 -12 29 -14 14 16 -17 -18 -19 -20 -21 -22 -23 -24 -25 -26 28 27 -29 -30 -31
leaf_value=-0.0015684543004862398 -0.00040781743654646498 0.0051686721358376484 0.0052591738573469979 -0.00134625286415567 0.0078157997994613964 0.0049086488298704448 0.0017830325038405096 -0.00034025314307516841 0.011704253259412037 0.0047321536386498936 0.0015575508613385922 0.0085583554394907686 -0.0012404134732380671 0.0072509470000560322 0.017399073002152654 -0.0033069578320615335 0.021033565655890468 0.015695773626745665 0.0083651404679656073 0.011984878998143121 0.011050097563836642 0.0026826311047910903 -0.0026719699346738285 0.0039775236223488324 0.0050751676308023463 -0.0042085614874000903 0.017261981288863065 0.0035545114425946018 0.0041750982840378249 0.017992540118018312
leaf_weight=20746 4096 663 645 12142 931 223 4002 23774 361 1350 1210 51 65 1063 66 85 91 78 174 75 148 3350 3180 535 533 66 59 50 133 55
leaf_count=20746 4096 663 645 12142 931 223 4002 23774 361 1350 1210 51 65 1063 66 85 91 78 174 75 148 3350 3180 535 533 66 59 50 133 55
internal_value=5.35298e-07 0.00325005 0.00497918 -0.00109408 0.00591952 0.00464125 0.000674901 -0.000680351 0.00911064 0.00391355 0.00284485 0.00729561 0.00712173 0.0072685 0.00846157 0.00705725 0.0136593 0.00782957 0.0108557 0.00505726 0.00640294 0.00309348 -0.00171513 0.00605834 0.00681843 0.00474318 0.00519988 0.0109832 0.00139387 0.0134658
internal_weight=80000 20158 12060 59842 8047 4172 8098 35916 584 3588 1855 3875 3769 3704 1557 1226 331 1141 240 1733 2147 4013 23926 1999 1464 1658 1459 109 199 106
internal_count=80000 20158 12060 59842 8047 4172 8098 35916 584 3588 1855 3875 3769 3704 1557 1226 331 1141 240 1733 2147 4013 23926 1999 1464 1658 1459 109 199 106
is_linear=0
shrinkage=0.05


Tree=53
num_leaves=31
num_cat=0
split_feature=5 9 9 9 6 10 10 10 6 10 6 10 11 10 10 11 9 6 10 10 6 10 11 10 10 11 10 10 6 11
split_gain=102.728 34.4578 8.09159 7.93182 5.10908 1.90679 1.49798 1.67039 1.40442 1.37912 4.10037 3.54407 2.52672 1.8713 3.0315 1.30268 0.935522 1.32308 0.878428 2.89972 0.845462 0.813648 0.779546 0.672583 0.636201 1.00197 1.0818 0.923903 0.539776 0.661484
threshold=1.0000000180025095e-35 0.45124090117685461 0.45124090117685461 -1.117930881447166 1.0000000180025095e-35 3.0448165000000005 3.0478215000000004 3.0476875000000003 2.5000000000000004 3.0443835000000004 3.5000000000000004 3.0474155000000005 101.79824850000001 3.0472355000000007 3.0470265000000003 101.79820850000002 -1.117930881447166 2.5000000000000004 3.0477175000000005 3.0479115000000006 1.5000000000000002 3.0441405000000006 101.79589850000001 3.0452175000000006 3.0423975000000003 101.79782250000001 3.0422405000000006 3.0425555000000002 1.0000000180025095e-35 101.79844450000002
decision_type=2 2 2 2 2 2 2 2 2 2 2 2 2 2 2 2 2 2 2 2 2 2 2 2 2 2 2 2 2 2
left_child=2 3 16 -2 18 28 7 9 -7 21 11 13 15 14 -11 23 17 -1 -3 -20 -8 24 -10 -12 25 26 -6 -26 29 -5
right_child=1 4 -4 5 6 8 20 -9 22 10 12 -13 -14 -15 -16 -17 -18 -19 19 -21 -22 -23 -24 -25 27 -27 -28 -29 -30 -31
leaf_value=-0.0016646803033468515 -0.00038742707279563294 0.0042540918363203331 -0.00032324055783939786 0.00060578229535322616 -0.0014905881806770772 0.0027756441639066962 0.0081312754018316065 -0.001178487875504554 0.0043115130454329268 0.0076397773468615572 0.016530435480199949 -0.0031418042253597818 0.020715791383626225 0.014911989913582589 -0.002597318760688189 0.00369493742287497 -0.0013322179509276527 -0.003200857707101757 0.014112837603428166 0.001492051855657397 0.017094545906406241 0.0034469728901060726 0.0084907940717159243 0.01030840442374887 0.011502672635448734 0.0065723448312720078 0.0057267624079006514 0.0066667265972290592 0.0022072596187336286 0.0024851220273544861
leaf_weight=10322 4096 3990 23774 1708 99 2906 51 65 370 985 66 85 80 78 78 55 24124 1622 91 91 55 258 160 130 108 400 109 1173 2226 645
leaf_count=10322 4096 3990 23774 1708 99 2906 51 65 370 985 66 85 80 78 78 55 24124 1622 91 91 55 258 160 130 108 400 109 1173 2226 645
internal_value=5.20032e-07 0.00308759 -0.00103938 0.00140251 0.00562366 0.00231723 0.00693099 0.00676577 0.00320752 0.00690521 0.0080387 0.00670447 0.0129771 0.00743819 0.00688843 0.0105033 -0.00151141 -0.00187332 0.00440926 0.00780673 0.0127938 0.00608286 0.00557455 0.0124109 0.00644267 0.00510881 0.00229252 0.00707531 0.00164912 0.00112103
internal_weight=80000 20158 59842 12111 8047 8015 3875 3769 3436 3704 1557 1226 331 1141 1063 251 36068 11944 4172 182 106 2147 530 196 1889 608 208 1281 4579 2353
internal_count=80000 20158 59842 12111 8047 8015 3875 3769 3436 3704 1557 1226 331 1141 1063 251 36068 11944 4172 182 106 2147 530 196 1889 608 208 1281 4579 2353
is_linear=0
shrinkage=0.05


Tree=54
num_leaves=31
num_cat=0
split_feature=5 9 9 9 6 7 10 10 7 10 7 2 6 10 10 11 11 11 7 11 10 6 7 10 10 10 7 9 6 10
split_gain=92.7138 31.0995 7.30267 7.15854 4.61147 4.90287 2.2899 1.72092 1.57942 2.09391 1.54566 2.29414 1.82973 2.48361 1.48179 1.40033 1.80496 1.49516 1.39618 1.28407 1.27602 1.2676 0.985515 0.91541 1.42356 1.8353 1.12067 0.844315 1.19409 0.8251
threshold=1.0000000180025095e-35 0.45124090117685461 0.45124090117685461 -1.117930881447166 1.0000000180025095e-35 2.495903115318574 3.0437895000000004 3.0448165000000005 1.498585462383176 3.0434815000000004 1.8975125235573351 3.5000000000000004 2.5000000000000004 3.0469165000000005 3.0468465000000005 101.79822450000002 101.79800750000001 101.79805650000002 -0.097122782313460637 101.79818450000002 3.0477175000000005 2.5000000000000004 0.60099957474131782 3.0467435000000003 3.0462115000000005 3.0465365000000006 1.7977807582637952 -1.117930881447166 2.5000000000000004 3.0471305000000002
decision_type=2 2 2 2 2 2 2 2 2 2 2 2 2 2 2 2 2 2 2 2 2 2 2 2 2 2 2 2 2 2
left_child=2 3 27 -2 5 8 -7 22 9 -3 12 14 -6 15 -12 16 -14 -18 -15 -19 23 -9 -5 24 -10 -26 -25 28 -1 -28
right_child=1 4 -4 7 10 6 -8 21 20 -11 11 -13 13 18 -16 -17 17 19 -20 -21 -22 -23 -24 26 25 -27 29 -29 -30 -31
leaf_value=-0.0015814471142156618 -0.00036805618915965659 0.0047835842809757388 -0.00030707861784837654 0.0027906135512693227 0.005397203808409131 0.0044507170688813441 0.010897824946946712 0.0026368666939783629 0.0042828746559364804 0.0012562574012593215 0.01640715050376405 0.0057366879470739937 0.0054734738246203108 0.0084891596305509669 0.0072610753563395122 0.0011939576514042713 0.01554759936846801 0.0064817249204540024 0.01723542234055303 0.0135761772141939 0.010959018011591069 0.0052959399137825517 0.0011270075467106273 -0.0042108346076904831 0.016187997937892672 0.0031648605268173469 -0.00093558289452089151 -0.0012656073159832909 -0.0030408246941407702 0.0070576447611626972
leaf_weight=10322 4096 645 23774 1210 2247 223 361 2906 1350 1210 132 199 522 86 67 99 91 248 98 86 75 530 3369 66 59 50 55 24124 1622 78
leaf_count=10322 4096 645 23774 1210 2247 223 361 2906 1350 1210 132 199 522 86 67 99 91 248 98 86 75 530 3369 66 59 50 55 24124 1622 78
internal_value=5.0392e-07 0.00293325 -0.000987407 0.00133239 0.00534256 0.00418882 0.00843718 0.00220138 0.00349712 0.00248293 0.0065846 0.00953725 0.00624636 0.00779704 0.013333 0.00685349 0.00744495 0.00986453 0.0131543 0.00831196 0.00458249 0.00304717 0.00156667 0.0042934 0.00472728 0.0102225 0.00111158 -0.00143584 -0.00177965 0.00375396
internal_weight=80000 20158 59842 12111 8047 4172 584 8015 3588 1855 3875 398 3477 1230 199 1046 947 425 184 334 1733 3436 4579 1658 1459 109 199 36068 11944 133
internal_count=80000 20158 59842 12111 8047 4172 584 8015 3588 1855 3875 398 3477 1230 199 1046 947 425 184 334 1733 3436 4579 1658 1459 109 199 36068 11944 133
is_linear=0
shrinkage=0.05


Tree=55
num_leaves=31
num_cat=0
split_feature=7 1 1 3 3 0 6 7 7 0 10 7 6 1 0 6 6 0 0 10 10 6 0 6 10 3 10 3 7 0
split_gain=32.9171 15.6967 9.43228 6.26399 6.12738 6.01713 5.21053 4.84103 3.53608 3.43919 3.41687 2.92645 3.10273 2.71168 2.67632 2.68972 2.32407 1.73956 1.59431 1.51392 1.41532 1.4068 2.05343 2.0239 2.47863 1.80031 1.3162 1.29276 1.93457 1.28787
threshold=0.99992663591547692 1.5000000000000002 1.5000000000000002 4.5000000000000009 4.5000000000000009 2.5000000000000004 2.5000000000000004 0.20207251356715863 2.495903115318574 4.5000000000000009 3.0453955000000006 0.40153604415423816 1.0000000180025095e-35 2.5000000000000004 4.5000000000000009 1.0000000180025095e-35 1.0000000180025095e-35 2.5000000000000004 2.5000000000000004 3.0436855000000005 3.0431645000000005 1.5000000000000002 4.5000000000000009 3.5000000000000004 3.0451795000000006 2.5000000000000004 3.0445605000000007 3.5000000000000004 -0.8949769046617787 4.5000000000000009
decision_type=2 2 2 2 2 2 2 2 2 2 2 2 2 2 2 2 2 2 2 2 2 2 2 2 2 2 2 2 2 2
left_child=2 19 -1 5 6 -3 11 17 16 26 -9 13 -13 -4 -6 -16 -7 -8 -12 -2 -18 22 -22 24 -23 -25 -10 28 -19 -14
right_child=1 3 4 -5 14 8 7 10 9 -11 18 12 29 -15 15 -17 20 27 -20 -21 21 23 -24 25 -26 -27 -28 -29 -30 -31
leaf_value=-0.001177757145894412 0.0011042972432808854 0.0020708960194759842 0.0007583312037638039 -0.0013079413244463187 -0.0013608809641933548 0.0036902414028242695 -6.4345739945439442e-05 0.002788232535851838 0.019109098608972017 0.0046412111465842162 0.0069589972692910163 0.00036614892661940979 0.0023425657767315185 -0.00050434173841702181 -0.0010839430286720805 0.0014176201849711552 0.0037876157981365263 0.0014201462272787927 0.015153707469949526 -0.00059420658263550376 0.011033476696676703 0.0072093479135443466 0.0039254739845249456 0.006120944402640458 -0.0012334073778210849 0.016732105260060949 0.010512118984571821 3.4541460966971056e-05 0.0045224063077136277 0.0057312206642814193
leaf_weight=26730 2399 2454 6367 580 8708 2706 1289 272 52 320 121 2234 848 12800 2154 2144 442 1163 117 2895 365 180 141 120 168 60 315 552 885 419
leaf_count=26730 2399 2454 6367 580 8708 2706 1289 272 52 320 121 2234 848 12800 2154 2144 442 1163 117 2895 365 180 141 120 168 60 315 552 885 419
internal_value=4.89099e-07 0.00228238 -0.000450303 0.00369371 3.49347e-05 0.00408986 0.000463516 0.00203828 0.00510737 0.00843197 0.00661814 0.000157907 0.00148716 -8.48983e-05 -0.000856989 0.000163932 0.00456103 0.00143752 0.0109922 0.000175484 0.00615711 0.00716952 0.00905396 0.00536223 0.00313435 0.00966532 0.0117351 0.00218208 0.00276088 0.00346357
internal_weight=80000 13197 66803 7903 40073 7323 27067 4399 4869 687 510 22668 3501 19167 13006 4298 4182 3889 238 5294 1476 1034 506 528 348 180 367 2600 2048 1267
internal_count=80000 13197 66803 7903 40073 7323 27067 4399 4869 687 510 22668 3501 19167 13006 4298 4182 3889 238 5294 1476 1034 506 528 348 180 367 2600 2048 1267
is_linear=0
shrinkage=0.05


Tree=56
num_leaves=31
num_cat=0
split_feature=9 3 9 3 6 0 6 0 0 6 6 6 6 3 6 3 6 3 3 0 6 6 3 3 3 6 3 6 6 3
split_gain=21.712 14.7998 3.7612 3.37124 2.98901 2.45472 2.48191 1.80853 1.06409 0.680084 0.670076 1.63281 0.629653 0.5619 0.509555 0.335836 0.329163 0.308289 0.661919 0.286241 0.295016 0.594674 0.324835 0.291293 0.252865 0.325341 0.24866 0.233384 0.205112 0.2044
threshold=0.45124090117685461 4.5000000000000009 -1.117930881447166 4.5000000000000009 3.5000000000000004 4.5000000000000009 1.0000000180025095e-35 4.5000000000000009 4.5000000000000009 1.0000000180025095e-35 2.5000000000000004 1.5000000000000002 1.0000000180025095e-35 3.5000000000000004 1.0000000180025095e-35 2.5000000000000004 2.5000000000000004 1.5000000000000002 1.0000000180025095e-35 3.5000000000000004 1.5000000000000002 2.5000000000000004 3.5000000000000004 1.5000000000000002 3.5000000000000004 1.0000000180025095e-35 1.5000000000000002 3.5000000000000004 1.5000000000000002 2.5000000000000004
decision_type=2 2 2 2 2 2 2 2 2 2 2 2 2 2 2 2 2 2 2 2 2 2 2 2 2 2 2 2 2 2
left_child=2 4 16 14 7 12 -7 9 13 26 11 -8 -3 17 -4 -10 -1 18 -6 20 -16 23 -23 -22 -9 -26 -2 -14 -27 -28
right_child=1 5 3 -5 8 6 10 24 15 -11 -12 -13 27 -15 19 -17 -18 -19 -20 -21 21 22 -24 -25 25 28 29 -29 -30 -31
leaf_value=-0.0012030436133747867 0.0012413374998976009 -0.00095136725846434601 -0.00025910010104936414 -0.0011692355794495105 0.006731882857710635 -0.0010181000374635285 0.0019352247180659818 0.00093875367210384704 0.0016467684314451616 0.0024489730175332024 0.0027055199558021019 -0.0015132418648997911 -0.0019022361028555399 0.0024696137299436128 0.00085113367903259763 0.0036529656888042907 -0.0018566722538043681 0.006593764836603528 0.0023674156639900733 -4.5312583066734857e-05 -0.0015490944927280157 0.0011243885447488834 -0.00068627825193046479 -4.6408118885887741e-05 0.00099796064528976563 0.0029215167244661059 0.0024216706483478519 -0.0033013149430335606 0.0014188135953819932 0.0016293916057764622
leaf_weight=13801 2380 2349 12014 9139 169 2290 1021 8408 533 4551 636 517 1838 189 2614 343 2239 350 179 5447 543 1281 307 794 1163 513 1235 356 408 2393
leaf_count=13801 2380 2349 12014 9139 169 2290 1021 8408 533 4551 636 517 1838 189 2614 343 2239 350 179 5447 543 1281 307 794 1163 513 1235 356 408 2393
internal_value=4.72399e-07 0.00101402 -0.000668953 -0.000356854 0.00169156 -0.000702109 0.000130595 0.00152592 0.00366915 0.00198789 0.00134057 0.000775997 -0.00152032 0.00488992 -3.40518e-05 0.00243263 -0.00129429 0.00554483 0.00448827 0.000212055 0.000465144 0.000120178 0.00077432 -0.000656769 0.00106098 0.00155404 0.00163859 -0.00212939 0.00225605 0.00189915
internal_weight=80000 31821 48179 32139 22814 9007 4464 21051 1763 10559 2174 1538 4543 887 23000 876 16040 698 348 10986 5539 2925 1588 1337 10492 2084 6008 2194 921 3628
internal_count=80000 31821 48179 32139 22814 9007 4464 21051 1763 10559 2174 1538 4543 887 23000 876 16040 698 348 10986 5539 2925 1588 1337 10492 2084 6008 2194 921 3628
is_linear=0
shrinkage=0.05


Tree=57
num_leaves=31
num_cat=0
split_feature=5 9 9 9 10 11 3 10 10 10 3 0 0 10 10 10 11 10 9 10 3 10 11 10 10 10 11 11 3 11
split_gain=77.1816 23.9017 5.69142 5.11721 1.39276 0.97806 0.973597 0.754947 0.927733 0.767233 0.653236 2.21541 2.10891 0.636351 0.704254 1.60644 0.62588 1.01774 0.606834 0.571965 1.3708 0.861601 0.605415 0.564835 0.381316 0.997513 0.375325 0.370427 0.316666 0.329126
threshold=1.0000000180025095e-35 0.45124090117685461 -1.117930881447166 0.45124090117685461 3.0454655000000002 101.79539250000002 2.5000000000000004 3.0477455000000004 3.0479115000000006 3.0478575000000006 4.5000000000000009 4.5000000000000009 4.5000000000000009 3.0476775000000003 3.0476125000000005 3.0475215000000007 101.79494050000001 3.0440025000000004 -1.117930881447166 3.0472355000000007 3.5000000000000004 3.0471305000000002 101.79828350000001 3.0480195000000005 3.0451795000000006 3.0448165000000005 101.79528450000002 101.79502750000002 1.0000000180025095e-35 101.79816850000002
decision_type=2 2 2 2 2 2 2 2 2 2 2 2 2 2 2 2 2 2 2 2 2 2 2 2 2 2 2 2 2 2
left_child=3 2 -2 18 24 6 26 13 9 -9 12 -12 -5 14 15 19 -8 -18 -1 21 22 -7 -21 -10 25 28 -3 -27 -4 -30
right_child=1 5 4 10 -6 7 16 8 23 -11 11 -13 -14 -15 -16 -17 17 -19 -20 20 -22 -23 -24 -25 -26 27 -28 -29 29 -31
leaf_value=-0.0015677808457150036 -0.00024336663347287866 0.0019345029626335127 0.0023086851298746969 0.00046849020574367883 0.0029911007735710527 0.0048983401562004434 0.0096796824514512256 0.0076530895560312151 0.0023268569785742962 0.015227909482450423 -0.0014443086015214662 0.00012406801869827182 -0.00072655106472478616 -0.00041930100166168708 0.01051866360931588 -0.0028044163767746194 0.0093719186513763243 0.0014289756176233952 -0.0011319799725418376 0.0034527490147383852 0.013751602388686713 0.0006396697501903424 0.0089874875550466273 0.0084253159365144329 1.7531524644358633e-05 0.0071871525235034225 -0.0024158132361805987 0.0033126685541495209 0.00063247243882808826 0.0016234372742301292
leaf_weight=11944 4096 308 921 7412 2629 6532 61 102 98 50 4543 4464 7355 57 55 68 58 132 24124 149 61 121 74 62 361 74 59 372 1300 2358
leaf_count=11944 4096 308 921 7412 2629 6532 61 102 98 50 4543 4464 7355 57 55 68 58 132 24124 149 61 121 74 62 361 74 59 372 1300 2358
internal_value=4.50564e-07 0.00267629 0.00127285 -0.000900919 0.0020477 0.00478847 0.00287648 0.00494748 0.0073559 0.0101532 -0.000331417 -0.000667006 -0.000126725 0.0048418 0.00488428 0.00483989 0.00527561 0.00385732 -0.0012763 0.00491487 0.00711369 0.0048209 0.00529259 0.0046938 0.00158716 0.00169992 0.00123467 0.00395699 0.00147999 0.00127129
internal_weight=80000 20158 12111 59842 8015 8047 618 7429 312 152 23774 9007 14767 7117 7060 7005 251 190 36068 6937 284 6653 223 160 5386 5025 367 446 4579 3658
internal_count=80000 20158 12111 59842 8015 8047 618 7429 312 152 23774 9007 14767 7117 7060 7005 251 190 36068 6937 284 6653 223 160 5386 5025 367 446 4579 3658
is_linear=0
shrinkage=0.05


Tree=58
num_leaves=31
num_cat=0
split_feature=5 0 0 0 0 7 6 7 0 6 7 7 7 6 6 0 3 0 6 7 6 3 7 7 7 7 7 6 7 3
split_gain=69.6576 11.4888 5.75664 4.30842 6.22127 5.72307 6.45236 2.72848 2.64257 2.04109 1.92429 1.29422 1.1921 0.826838 3.02684 0.819219 3.72034 1.27016 1.44083 0.796342 0.719715 0.727337 0.871273 0.978799 0.711105 0.699614 2.12244 2.67281 1.38469 0.999164
threshold=1.0000000180025095e-35 2.5000000000000004 1.5000000000000002 3.5000000000000004 4.5000000000000009 2.495903115318574 2.5000000000000004 1.498585462383176 2.5000000000000004 1.0000000180025095e-35 -0.99470866995531859 1.1993901665025566 0.30180427886069844 1.0000000180025095e-35 1.5000000000000002 3.5000000000000004 4.5000000000000009 4.5000000000000009 3.5000000000000004 2.8948301764927331 1.0000000180025095e-35 2.5000000000000004 -0.8949769046617787 -0.19685454760700036 -0.69551337407469915 0.70073134003485771 0.99992663591547692 1.5000000000000002 0.60099957474131782 3.5000000000000004
decision_type=2 2 2 2 2 2 2 2 2 2 2 2 2 2 2 2 2 2 2 2 2 2 2 2 2 2 2 2 2 2
left_child=8 2 12 5 -5 6 7 9 -1 -3 -8 20 -2 -9 -15 16 -10 -17 -19 -7 -6 -22 -23 -24 -12 28 -27 -28 29 -11
right_child=1 3 -4 4 11 19 10 13 15 25 24 -13 -14 14 -16 17 -18 18 -20 -21 21 22 23 -25 -26 26 27 -29 -30 -31
leaf_value=-0.0012607026426600621 0.0043704157526441353 0.00044705756704386027 -0.0002311985853922457 0.0014559251410388102 0.0038093562589488687 0.0089592711817949346 0.0033377928633907157 0.0044318731962667609 0.00044506605876523794 0.0027619904758406661 0.015758324972419489 0.0033752037294801003 0.0020498390916052654 0.011981173419519958 0.001689367272878549 -0.0011155512663309863 -0.0013720947445312918 -0.00053693454175277749 0.0016210154423281652 0.013760221302958141 0.0048505159006987444 0.012422301124718498 0.00039450224080618323 0.0073367958517057772 0.0095284790419353678 -0.001359877070321586 0.0085610407701603181 -0.001198292705148569 0.012252599665718449 0.0090145861854002748
leaf_weight=24086 663 926 4096 4002 646 226 130 838 7412 302 51 2078 3350 165 126 11982 4543 10987 832 141 752 71 58 408 468 212 200 108 60 81
leaf_count=24086 663 926 4096 4002 646 226 130 838 7412 302 51 2078 3350 165 126 11982 4543 10987 832 141 752 71 58 408 468 212 200 108 60 81
internal_value=4.34673e-07 0.0025425 0.00108744 0.00352174 0.00285091 0.00485449 0.00425847 0.00328566 -0.000855873 0.00212322 0.00878105 0.00424201 0.00243333 0.00523025 0.00752704 -0.000583169 -0.000245476 -0.000752787 -0.000385013 0.010807 0.00517265 0.00585553 0.00726176 0.006473 0.0101436 0.00373477 0.0024901 0.00513966 0.0051949 0.00408635
internal_weight=80000 20158 8109 12049 8015 4034 3667 3018 59842 1889 649 4013 4013 1129 291 35756 11955 23801 11819 367 1935 1289 537 466 519 963 520 308 443 383
internal_count=80000 20158 8109 12049 8015 4034 3667 3018 59842 1889 649 4013 4013 1129 291 35756 11955 23801 11819 367 1935 1289 537 466 519 963 520 308 443 383
is_linear=0
shrinkage=0.05


Tree=59
num_leaves=31
num_cat=0
split_feature=5 9 9 9 6 10 10 10 6 11 6 10 10 10 11 10 10 3 6 10 10 3 10 10 6 10 6 10 6 10
split_gain=62.8673 19.4697 4.63577 4.168 3.49479 1.21618 1.56676 1.19094 1.2285 0.932901 0.994491 3.3465 1.65636 1.58436 1.11748 0.751023 1.80969 1.32162 0.731281 0.674479 1.043 0.66764 0.642424 2.53376 0.630809 0.829338 0.572247 0.523198 0.492709 0.620042
threshold=1.0000000180025095e-35 0.45124090117685461 -1.117930881447166 0.45124090117685461 1.0000000180025095e-35 3.0478215000000004 3.0476875000000003 3.0454655000000002 2.5000000000000004 101.79507050000001 2.5000000000000004 3.0472355000000007 3.0469915000000003 3.0465365000000006 101.79822050000001 3.0440715000000007 3.0447035000000002 1.5000000000000002 1.5000000000000002 3.0471975000000007 3.0474155000000005 2.5000000000000004 3.0477175000000005 3.0479115000000006 2.5000000000000004 3.0476395000000003 1.0000000180025095e-35 3.0423715000000002 1.0000000180025095e-35 3.0476305000000004
decision_type=2 2 2 2 2 2 2 2 2 2 2 2 2 2 2 2 2 2 2 2 2 2 2 2 2 2 2 2 2 2
left_child=3 2 28 24 22 6 9 26 -9 21 12 15 13 27 -15 17 -17 -12 -7 -14 -21 -6 -3 -24 -1 -26 -4 -11 -2 -30
right_child=1 4 7 -5 5 18 -8 8 -10 10 11 -13 19 14 -16 16 -18 -19 -20 20 -22 -23 23 -25 25 -27 -28 -29 29 -31
leaf_value=-0.0010701342115138873 -0.00074108793138938931 0.0031846956171863979 0.00092147768485951662 -0.00029910428476114729 -0.0016973529617086284 0.0063528777491993873 -0.0024382033150717507 0.0022623868693343939 0.0052717342354657287 0.0033407897046799327 0.0018689318695873322 0.016879816139398363 -0.0037584169016230528 0.016292838983004456 0.0072619857897469817 0.013586005253883236 0.0059866429978301097 0.0067207624255626224 0.014682753714724377 0.0065657361368280298 -0.0017713397275019443 0.0054165538703784639 0.012117209677655011 0.00032103631829967651 -0.0012665151127530358 -0.0027190490054992441 0.0019527263530914546 0.0053836499942657564 -0.0019995466166845897 0.00069518575158473051
leaf_weight=31289 2151 3990 2771 23774 78 51 65 2229 400 388 231 76 60 51 105 97 408 358 55 77 73 57 91 91 3396 1383 2615 1645 244 1701
leaf_count=31289 2151 3990 2771 23774 78 51 65 2229 400 388 231 76 60 51 105 97 408 358 55 77 73 57 91 91 3396 1383 2615 1645 244 1701
internal_value=4.21552e-07 0.00241541 0.00114876 -0.00081308 0.00432173 0.00540296 0.00525414 0.00184806 0.00272044 0.00538919 0.00554352 0.00673918 0.00496013 0.00536705 0.0102229 0.00603324 0.00744872 0.00481856 0.0106847 0.000718003 0.00250988 0.00130808 0.00331736 0.00622254 -0.00115186 -0.00168691 0.00142219 0.00499395 -0.000219639 0.000357047
internal_weight=80000 20158 12111 59842 8047 3875 3769 8015 2629 3704 3569 1170 2399 2189 156 1094 505 589 106 210 150 135 4172 182 36068 4779 5386 2033 4096 1945
internal_count=80000 20158 12111 59842 8047 3875 3769 8015 2629 3704 3569 1170 2399 2189 156 1094 505 589 106 210 150 135 4172 182 36068 4779 5386 2033 4096 1945
is_linear=0
shrinkage=0.05


Tree=60
num_leaves=31
num_cat=0
split_feature=8 8 1 8 7 8 3 8 6 6 1 6 6 1 8 8 6 8 10 7 1 7 6 8 1 7 1 6 3 8
split_gain=805.892 154.808 77.5111 64.6591 26.54 26.1645 23.8636 20.7709 21.2121 18.5529 18.2086 17.175 17.1658 15.2402 13.764 11.9421 11.78 9.89967 8.44512 7.9077 7.88309 7.37452 6.9652 24.3953 8.79313 6.37386 6.10346 6.02759 5.89497 5.66658
threshold=-1.4308743321889319 -1.0156186482761971 1.5000000000000002 -1.6472091481628242 0.60099957474131782 -0.73900478141174653 4.5000000000000009 -0.12683753125652172 2.5000000000000004 2.5000000000000004 1.5000000000000002 1.0000000180025095e-35 2.5000000000000004 1.5000000000000002 -1.6739998374475167 -1.2111906800544525 1.0000000180025095e-35 -1.5527719684342831 3.0442735000000005 0.10234074827361882 1.5000000000000002 1.6980489929702556 1.0000000180025095e-35 0.50140413246951887 3.5000000000000004 -0.59578160878115949 3.5000000000000004 3.5000000000000004 4.5000000000000009 -0.54343274963349086
decision_type=2 2 2 2 2 2 2 2 2 2 2 2 2 2 2 2 2 2 2 2 2 2 2 2 2 2 2 2 2 2
left_child=2 9 14 12 7 18 16 8 10 13 -3 -5 21 -2 -1 -15 -7 25 -6 -17 -9 -4 23 24 -22 -13 -25 -14 -10 -12
right_child=1 4 3 11 5 6 -8 20 28 -11 29 17 27 15 -16 19 -18 -19 -20 -21 22 -23 -24 26 -26 -27 -28 -29 -30 -31
leaf_value=0.015713276527211495 0.0027392119696249108 -0.0016752623462933172 0.03250570125108164 0.022310278624810026 0.0039110312889893148 -0.006340584409984357 -0.0013768843620129961 -0.0016686223371385383 -0.0044725928761902766 0.00027692136268020424 0.0044130771708101851 0.010693825564915931 0.020067966827585965 0.0096087497770943001 0.0076249570353521924 0.0084951718860770738 -0.011644390579036918 0.01018179381470978 -0.0023577258060929391 0.0022061508337363508 0.0056711160586780177 0.044925898447543446 -0.0042221010946543978 -0.0039853235721784902 -0.0033423841438493321 0.021094907282090774 -0.0016489257821787895 0.029580893043658324 -0.00083721777107113491 0.0013303095020754231
leaf_weight=755 3076 3909 606 837 904 5108 2183 15399 2923 2210 2691 210 400 2518 1735 793 1317 949 1324 1352 1158 150 8928 7982 353 496 4302 287 1803 3342
leaf_count=755 3076 3909 606 837 904 5108 2183 15399 2923 2210 2691 210 400 2518 1735 793 1317 949 1324 1352 1158 150 8928 7982 353 496 4302 287 1803 3342
internal_value=4.07921e-07 -0.00148258 0.0169824 0.021351 -0.00238951 -0.00464346 -0.00589341 -0.00192684 -0.000327932 0.00431741 0.000983021 0.0164726 0.0297741 0.00547122 0.010078 0.00727333 -0.00742793 0.0135191 0.000185853 0.00453147 -0.00254205 0.0349756 -0.00313394 -0.00242967 0.0035653 0.0180031 -0.00316711 0.0240458 -0.00308572 0.00270542
internal_weight=80000 73575 6425 3935 63626 10836 8608 52790 14668 9949 9942 2492 1443 7739 2490 4663 6425 1655 2228 2145 38122 756 22723 13795 1511 706 12284 687 4726 6033
internal_count=80000 73575 6425 3935 63626 10836 8608 52790 14668 9949 9942 2492 1443 7739 2490 4663 6425 1655 2228 2145 38122 756 22723 13795 1511 706 12284 687 4726 6033
is_linear=0
shrinkage=0.05


Tree=61
num_leaves=31
num_cat=0
split_feature=8 8 9 8 8 7 8 8 3 9 9 7 7 7 8 7 7 9 2 2 8 9 7 8 8 9 9 3 2 8
split_gain=727.331 140.018 73.6742 47.1467 24.1008 23.3148 25.7395 19.8913 19.5839 18.6532 14.2634 12.9608 9.95577 9.3669 8.73501 8.27675 8.00891 7.32038 7.15972 5.91419 5.62348 5.44248 5.35514 5.92443 5.27859 7.65822 7.03401 5.25857 5.08914 5.03015
threshold=-1.4308743321889319 -1.0444186392572414 0.45124090117685461 -1.6257765967350701 -1.6739998374475167 0.70073134003485771 -0.73900478141174653 -0.13822357420251608 4.5000000000000009 1.0000000180025095e-35 0.45124090117685461 1.498585462383176 1.9972442888508748 1.0000000180025095e-35 -1.286204610051592 -1.3936357311294776 -0.29658631290054016 1.0000000180025095e-35 1.0000000180025095e-35 2.5000000000000004 -0.59902342989922797 -1.117930881447166 -0.49604984348761971 -1.5025394260254843 0.28372978203139171 0.45124090117685461 0.45124090117685461 4.5000000000000009 1.5000000000000002 -1.700120759500092
decision_type=2 2 2 2 2 2 2 2 2 2 2 2 2 2 2 2 2 2 2 2 2 2 2 2 2 2 2 2 2 2
left_child=2 10 4 11 16 7 19 9 18 -3 -2 29 22 -6 -12 -11 -1 -9 -8 -7 -20 -18 -5 -24 25 -19 -26 -28 -15 -4
right_child=1 5 3 12 13 6 8 17 -10 15 14 -13 -14 28 -16 -17 21 24 20 -21 -22 -23 23 -25 26 -27 27 -29 -30 -31
leaf_value=0.012609622365596915 0.0026993329086505312 -0.0024579092766584165 0.030410347062545175 0.01004128198711482 0.0047926631229830204 -0.0018719119209150579 -0.011058806434392218 -0.0015953900917371753 -0.001303730351872734 -0.002984884596728141 0.0098210379013846157 0.041737636494171018 0.026787545572050743 0.015022550304363511 0.0048434718561352497 0.0016754793351584894 0.014795952833684765 -0.0042768520553359357 -0.0029752594516479023 0.0033082963234610666 -0.0072918802396527279 0.024337663002326256 0.020321608816906613 0.012527542006792111 -0.0020469971546679877 -0.00031780655777787951 -0.0049973039859471241 -0.0028264014514329037 0.0091649179896498602 0.022533497708347523
leaf_weight=470 5546 6016 603 358 905 1401 1024 15763 1805 1080 1397 203 219 555 2389 8078 226 1831 936 908 3895 445 602 411 6198 3669 7001 4638 1120 308
leaf_count=470 5546 6016 603 358 905 1401 1024 15763 1805 1080 1397 203 219 555 2389 8078 226 1831 936 908 3895 445 602 411 6198 3669 7001 4638 1120 308
internal_value=4.00634e-07 -0.00140845 0.0161334 0.0224143 0.0115687 -0.00223978 -0.00446228 -0.00183154 -0.00585716 -0.000294997 0.00431449 0.0303025 0.0168861 0.00889209 0.00668036 0.00112586 0.0176197 -0.00242784 -0.00726086 0.000165228 -0.00645562 0.0211266 0.0153027 0.0171609 -0.00299012 -0.00163586 -0.00340769 -0.00413226 0.0111066 0.02775
internal_weight=80000 73575 6425 2704 3721 64243 9969 54274 7660 15174 9332 1114 1590 2580 3786 9158 1141 39100 5855 2309 4831 671 1371 1013 23337 5500 17837 11639 1675 911
internal_count=80000 73575 6425 2704 3721 64243 9969 54274 7660 15174 9332 1114 1590 2580 3786 9158 1141 39100 5855 2309 4831 671 1371 1013 23337 5500 17837 11639 1675 911
is_linear=0
shrinkage=0.05


Tree=62
num_leaves=31
num_cat=0
split_feature=8 8 1 8 7 8 4 6 7 8 6 1 6 8 6 1 0 7 8 1 6 8 0 6 7 8 6 0 4 8
split_gain=656.432 126.373 63.8941 53.5428 22.3026 20.2689 19.5641 18.109 17.2707 16.452 17.9641 14.2643 12.188 11.2104 10.6207 9.89386 7.41072 7.14704 6.67785 6.41555 6.55015 21.7371 7.30767 6.2768 7.43588 6.25231 5.3399 5.23499 5.16231 5.05706
threshold=-1.4308743321889319 -1.0022233036338508 1.5000000000000002 -1.6043440453073161 0.60099957474131782 -0.73900478141174653 1.0000000180025095e-35 1.0000000180025095e-35 0.30180427886069844 -0.12683753125652172 2.5000000000000004 1.5000000000000002 2.5000000000000004 -1.6472091481628242 1.0000000180025095e-35 1.5000000000000002 3.5000000000000004 2.2964395847314942 -1.700120759500092 1.5000000000000002 1.0000000180025095e-35 0.54895760594984822 2.5000000000000004 2.5000000000000004 0.10234074827361882 -1.2111906800544525 2.5000000000000004 2.5000000000000004 1.0000000180025095e-35 0.47126460702423967
decision_type=2 2 2 2 2 2 2 2 2 2 2 2 2 2 2 2 2 2 2 2 2 2 2 2 2 2 2 2 2 2
left_child=2 7 13 8 9 16 14 15 18 10 11 -3 -5 -1 29 -2 -6 -10 26 -11 21 22 -21 24 -9 -17 -4 -23 -12 -7
right_child=1 4 3 12 5 6 -8 23 17 19 28 -13 -14 -15 -16 25 -18 -19 -20 20 -22 27 -24 -25 -26 -27 -28 -29 -30 -31
leaf_value=0.013592173183656096 0.0033508822597109705 -0.0014692421838455275 0.032662770553234348 0.016140567046326312 -0.0022709525993395443 -0.0046573573682697272 -0.0012380130883182187 0.0060662869844943174 0.028987875536795906 -0.0015054227827433842 -0.0041824061517331387 0.0024322978952823725 0.0074973483407694864 0.006575091650013614 -0.010720477678715144 0.010438470851849657 0.0037799767301464507 0.044825653601008521 0.015027078227523756 -0.0028998019079124401 -0.0038825668443342636 -0.0014642793723014947 0.0050917436175418494 -6.8072192867340244e-05 0.0013897099788924897 0.0055701536233457114 0.021137455486412021 -0.0036357539731094075 -0.00075705724035043617 -0.0080949017957700452
leaf_weight=881 1801 3859 134 1565 1270 3582 2183 1435 860 15399 2874 5962 552 1609 1317 1406 841 78 338 370 8928 4285 1260 2287 2085 1243 408 7880 1782 1526
leaf_count=881 1801 3859 134 1565 1270 3582 2183 1435 860 15399 2874 5962 552 1609 1317 1406 841 78 338 370 8928 4285 1260 2287 2085 1243 408 7880 1782 1526
internal_value=3.94445e-07 -0.00133803 0.015327 0.0192933 -0.00217206 -0.00425077 -0.00532747 0.00381051 0.0255873 -0.00174843 -0.000313471 0.000899253 0.0138873 0.00905829 -0.00671689 0.00621044 0.000139738 0.0303095 0.020551 -0.00229337 -0.00282733 -0.00214437 0.00327765 0.00197133 0.00329633 0.00815439 0.0239924 -0.00287089 -0.00287146 -0.00568445
internal_weight=80000 73575 6425 3935 63318 10719 8608 10257 1818 52599 14477 9821 2117 2490 6425 4450 2111 938 880 38122 22723 13795 1630 5807 3520 2649 542 12165 4656 5108
internal_count=80000 73575 6425 3935 63318 10719 8608 10257 1818 52599 14477 9821 2117 2490 6425 4450 2111 938 880 38122 22723 13795 1630 5807 3520 2649 542 12165 4656 5108
is_linear=0
shrinkage=0.05


Tree=63
num_leaves=31
num_cat=0
split_feature=8 8 8 9 9 8 3 9 9 8 8 9 8 9 8 10 10 10 10 10 10 11 3 3 11 3 9 8 8 0
split_gain=592.904 100.986 67.2732 38.1295 27.9718 16.0278 14.1975 10.479 9.11815 8.39581 7.58057 8.14267 6.96483 6.69186 5.99299 4.05717 3.54058 3.33832 4.27595 3.68309 2.88272 2.80947 3.11811 2.78105 2.56047 2.34137 2.11097 22.3136 5.38839 3.00334
threshold=-1.4034138756721219 -1.0444186392572414 -1.6472091481628242 0.45124090117685461 0.45124090117685461 -0.67604666159271909 4.5000000000000009 0.45124090117685461 -1.117930881447166 -1.5527719684342831 -0.17506077196896827 0.45124090117685461 -1.5186138395962998 -1.117930881447166 -1.286204610051592 3.0437365000000005 3.0475215000000007 3.0453275000000004 3.0449245000000005 3.0472355000000007 3.0456485000000004 101.79822050000001 2.5000000000000004 4.5000000000000009 101.79626950000001 4.5000000000000009 0.45124090117685461 0.47126460702423967 0.74586917219233861 4.5000000000000009
decision_type=2 2 2 2 2 2 2 2 2 2 2 2 2 2 2 2 2 2 2 2 2 2 2 2 2 2 2 2 2 2
left_child=2 7 3 13 12 8 26 23 -3 -6 11 -8 24 -1 -9 -5 -14 18 -17 21 -15 22 -19 -2 -4 -16 28 -28 -7 -29
right_child=1 5 4 15 9 6 10 14 -10 -11 -12 -13 16 20 25 17 -18 19 -20 -21 -22 -23 -24 -25 -26 -27 27 29 -30 -31
leaf_value=0.010444987659976347 0.0018794541579960303 -0.003270176718647442 0.013131513216764312 0.023610026896819448 0.019443402996184009 -0.0032647571978123508 -0.00097608289720039077 0.0088021150446906792 0.00079606831312462815 0.012583421462773057 -0.0016556855941080131 0.0045550156550755432 0.0066875561535432075 0.015864236246068059 0.0038399317269256642 0.03166740041448473 0.0016256139590756715 0.032350768582405084 0.047916626242862435 0.035061251156276063 0.022088340921185799 0.017375289298700036 0.01914761413200574 0.0056075812723255904 0.0083383353351840269 0.0088161011194101187 -0.0015533744077773179 -0.0068047994597150779 -0.0016673450224030295 -0.0046265316698600916
leaf_weight=470 4614 1723 417 329 687 13070 1733 1139 6897 1275 16901 1080 972 578 2123 206 536 134 51 119 276 93 68 561 843 266 7517 2769 8857 3696
leaf_count=470 4614 1723 417 329 687 13070 1733 1139 6897 1275 16901 1080 972 578 2123 206 536 134 51 119 276 93 68 561 843 266 7517 2769 8857 3696
internal_value=3.85828e-07 -0.00133817 0.0138423 0.0208084 0.0104193 -0.0020229 -0.0023338 0.00371631 -1.67375e-05 0.0149863 -0.00125568 0.00114757 0.0071817 0.0152405 0.00581758 0.0281781 0.00488858 0.030414 0.0349093 0.0276156 0.0178781 0.0246013 0.0279178 0.00228371 0.00992557 0.00439434 -0.00292568 -0.00340579 -0.00261952 -0.00555959
internal_weight=80000 72946 7054 2324 4730 64243 55623 8703 8620 1962 19714 2813 2768 1324 3528 1000 1508 671 257 414 854 295 202 5175 1260 2389 35909 13982 21927 6465
internal_count=80000 72946 7054 2324 4730 64243 55623 8703 8620 1962 19714 2813 2768 1324 3528 1000 1508 671 257 414 854 295 202 5175 1260 2389 35909 13982 21927 6465
is_linear=0
shrinkage=0.05


Tree=64
num_leaves=31
num_cat=0
split_feature=8 8 5 1 8 8 8 1 6 5 6 7 6 6 6 8 1 1 7 8 1 2 8 8 6 6 1 8 6 6
split_gain=535.431 116.745 50.296 49.932 36.0989 35.9863 30.1689 25.6982 16.1021 14.5349 14.176 14.1424 13.7728 12.1293 9.73687 8.66792 8.50677 8.34458 8.00817 7.8119 10.1273 7.6712 7.33268 6.70563 6.36048 5.88949 5.49867 5.58546 8.71933 7.03011
threshold=-1.459674323169976 -1.083934905952163 1.0000000180025095e-35 1.5000000000000002 -1.6739998374475167 -0.59902342989922797 -0.17506077196896827 1.5000000000000002 1.0000000180025095e-35 1.0000000180025095e-35 2.5000000000000004 -0.49604984348761971 2.5000000000000004 2.5000000000000004 1.0000000180025095e-35 -0.6358606276656803 3.5000000000000004 1.5000000000000002 -0.69551337407469915 0.61325526023311017 1.5000000000000002 1.5000000000000002 -1.6739998374475167 -0.73900478141174653 1.0000000180025095e-35 1.0000000180025095e-35 1.5000000000000002 0.28372978203139171 1.0000000180025095e-35 1.0000000180025095e-35
decision_type=2 2 2 2 2 2 2 2 2 2 2 2 2 2 2 2 2 2 2 2 2 2 2 2 2 2 2 2 2 2
left_child=3 8 6 22 10 13 7 -3 17 -10 -5 -6 15 21 19 -9 -17 -2 -11 -7 -21 24 -1 -23 -4 -13 -8 28 -28 -29
right_child=1 2 5 4 11 14 26 12 9 18 -12 25 -14 -15 -16 16 -18 -19 -20 20 -22 23 -24 -25 -26 -27 27 29 -30 -31
leaf_value=0.012772787898485866 0.0037814321067768872 -0.0019463718585216385 -0.0015005925942950273 0.03039591964228501 0.0075307097762191402 -0.0054111581330086207 -0.0012499984776640123 0.0063448790373452166 0.0053464481360939566 -0.0087871592681046089 0.019767257582848852 0.020310414429045919 -0.00045430476251578846 -0.0092924236637151707 -0.011249279451116926 0.0040935642107338202 -0.0012688792307536945 0.0084226944873536796 0.00073925268070709608 -0.0045861718771154254 -0.016175467008409366 0.0021472047080783904 0.0067102982376992196 -0.003279782241713445 -0.007860343414799317 0.014409226299044642 0.0022943420274255922 -0.0022714755209067784 -0.0021698056748286044 -0.0044743475658975259
leaf_weight=755 1630 5289 1096 634 542 3002 16714 2231 2198 241 623 705 2637 512 1569 2236 1105 2387 2595 337 428 1876 1471 817 613 1061 1441 13806 4539 4910
leaf_count=755 1630 5289 1096 634 542 3002 16714 2231 2198 241 623 705 2637 512 1569 2236 1105 2387 2595 337 428 1876 1471 817 613 1061 1441 13806 4539 4910
internal_value=3.87023e-07 -0.0011423 -0.00188144 0.0146432 0.0183119 -0.00509663 -0.00128123 0.000771578 0.0041787 0.00229473 0.0251301 0.0145977 0.00252274 -0.00200935 -0.00793966 0.00393163 0.00232001 0.00653953 -7.05721e-05 -0.0065609 -0.0110714 -0.00116206 0.00876701 0.000500709 -0.00378209 0.016766 -0.00195037 -0.00242436 -0.00109406 -0.0028494
internal_weight=80000 74209 65158 5791 3565 10250 54908 13498 9051 5034 1257 2308 8209 4914 5336 5572 3341 4017 2836 3767 765 4402 2226 2693 1709 1766 41410 24696 5980 18716
internal_count=80000 74209 65158 5791 3565 10250 54908 13498 9051 5034 1257 2308 8209 4914 5336 5572 3341 4017 2836 3767 765 4402 2226 2693 1709 1766 41410 24696 5980 18716
is_linear=0
shrinkage=0.05


Tree=65
num_leaves=31
num_cat=0
split_feature=5 9 9 9 10 10 10 10 10 10 10 10 10 10 10 4 10 0 10 10 10 10 10 10 10 10 10 10 10 10
split_gain=25.678 8.97337 3.15387 2.6878 0.581307 0.560257 0.644307 0.491641 0.550849 0.438376 1.10671 1.19316 0.429799 0.422974 0.415057 0.32546 1.82363 1.08081 0.325044 0.565301 0.3576 0.331694 0.299128 0.7775 0.530155 0.301764 0.835455 0.762638 0.709486 0.894214
threshold=1.0000000180025095e-35 0.45124090117685461 0.45124090117685461 -1.117930881447166 3.0477455000000004 3.0479305000000005 3.0480195000000005 3.0462115000000005 3.0460735000000003 3.0475215000000007 3.0476205000000003 3.0476875000000003 3.0455415000000006 3.0475935000000005 3.0478575000000006 1.0000000180025095e-35 3.0442375000000004 4.5000000000000009 3.0451795000000006 3.0448165000000005 3.0453275000000004 3.0432145000000004 3.0472355000000007 3.0471305000000002 3.0473095000000003 3.0466735000000003 3.0469165000000005 3.0462485000000004 3.0463955000000005 3.0463245000000003
decision_type=2 2 2 2 2 2 2 2 2 2 2 2 2 2 2 2 2 2 2 2 2 2 2 2 2 2 2 2 2 2
left_child=2 3 13 -2 9 14 -7 8 12 22 -11 -12 18 -1 -6 17 -17 -4 19 21 -20 -5 23 25 -24 27 -27 -3 29 -29
right_child=1 4 15 7 5 6 -8 -9 -10 10 11 -13 -14 -15 -16 16 -18 -19 20 -21 -22 -23 24 -25 -26 26 -28 28 -30 -31
leaf_value=-0.00069777743189487545 -0.00035807834044858703 0.0027608031345939957 0.00049814654180667817 0.0012194527321942367 0.0050200153612892035 -4.1580948514605094e-05 0.0066256674288527597 0.0019825659022957198 -0.0016348780525249598 -0.0042693644343494742 0.0090118918586665347 -0.0016912925130291709 0.0022777100558916802 -0.0010659986201453405 0.010242377757666399 0.00036826462447957345 -0.0010563267885113146 -0.00035737151536864825 -0.0019550196200778104 0.0027650130136258077 0.00088101693145556229 0.00033281156465591287 0.0080405100284574142 -0.0012252618659450731 0.0031180908914533768 -0.00034710831933991952 0.003833540861095048 0.0040010055502614746 0.0034963004248161457 0.011838863348686663
leaf_weight=24661 4096 6231 7412 2931 102 87 62 1660 190 76 52 52 686 11407 61 4723 4284 7355 194 446 260 1648 74 121 210 256 224 76 293 70
leaf_count=24661 4096 6231 7412 2931 102 87 62 1660 190 76 52 52 686 11407 61 4723 4284 7355 194 446 260 1648 74 121 210 256 224 76 293 70
internal_value=3.71621e-07 0.00154379 -0.000519537 0.000683875 0.00283797 0.00495413 0.00273529 0.00121635 0.00101618 0.00275255 0.00031374 0.00366382 0.00109791 -0.000814235 0.00697948 -7.24423e-05 -0.000309318 7.20391e-05 0.000950156 0.00106591 -0.000331021 0.000900361 0.00281065 0.00274839 0.00440307 0.00281565 0.00160425 0.0029028 0.00491721 0.00776441
internal_weight=80000 20158 59842 12111 8047 312 149 8015 6355 7735 180 104 6165 36068 163 23774 9007 14767 5479 5025 454 4579 7555 7271 284 7150 480 6670 439 146
internal_count=80000 20158 59842 12111 8047 312 149 8015 6355 7735 180 104 6165 36068 163 23774 9007 14767 5479 5025 454 4579 7555 7271 284 7150 480 6670 439 146
is_linear=0
shrinkage=0.05


Tree=66
num_leaves=31
num_cat=0
split_feature=5 9 7 9 9 9 11 7 11 3 11 7 3 11 3 10 11 3 10 10 10 7 11 10 3 7 10 11 3 3
split_gain=23.1748 8.09874 3.32084 2.84637 2.42576 2.01918 1.01031 0.776187 0.749218 0.941289 0.858983 1.57742 0.78194 0.772376 2.7328 1.71483 0.931729 1.25748 2.2782 1.01847 0.866262 1.4981 1.19482 1.19089 0.847259 0.809258 0.771964 0.842998 0.966252 0.909396
threshold=1.0000000180025095e-35 0.45124090117685461 2.495903115318574 0.45124090117685461 -1.117930881447166 1.0789096142264631 101.79806050000002 -1.4933674964230172 101.79831150000001 3.5000000000000004 101.79832750000001 1.1993901665025566 2.5000000000000004 101.79822050000001 3.5000000000000004 3.0472355000000007 101.79818450000002 2.5000000000000004 3.0464335000000005 3.0465695000000004 3.0459375000000004 1.2991219317960965 101.79815650000002 3.0419025000000004 1.5000000000000002 0.30180427886069844 3.0475215000000007 101.79824050000002 1.5000000000000002 1.5000000000000002
decision_type=2 2 2 2 2 2 2 2 2 2 2 2 2 2 2 2 2 2 2 2 2 2 2 2 2 2 2 2 2 2
left_child=3 4 8 7 -2 6 -4 -1 13 10 11 -10 -12 16 25 -16 20 19 -19 24 22 -22 23 -3 -18 -15 27 28 -27 -29
right_child=1 2 5 -5 -6 -7 -8 -9 9 -11 12 -13 -14 14 15 -17 17 18 -20 -21 21 -23 -24 -25 -26 26 -28 29 -30 -31
leaf_value=-0.0019200809434897631 -0.00034017486715680795 -0.0036734172341708927 0.0140534782325425 -6.8820289439872062e-05 0.0011555406071828576 0.0031161684324429247 0.0072958468924585107 -0.00072659699391009738 0.0034074951933097276 0.00021052361658745384 0.0023018098818052501 0.014571074932540912 0.0080200706599406566 -0.0037503681747238851 0.0023028460809764425 0.011444012115866667 0.0030193610536599349 0.0080620944822896879 -0.0036199716169186928 0.012519562295397833 -0.0039168797234225578 0.004034095162966332 0.0091551710276030433 0.0024357549913560368 0.0098034493623776076 -0.0055502634653820208 -0.0030501168243212999 0.0046340466220766196 0.0022812043910521852 -0.00012805381344780116
leaf_weight=1418 4096 81 68 23774 8015 320 299 34650 67 119 228 60 81 141 125 87 147 72 99 60 143 101 65 4925 67 84 131 216 74 187
leaf_count=1418 4096 81 68 23774 8015 320 299 34650 67 119 228 60 81 141 125 87 147 72 99 60 143 101 65 4925 67 84 131 216 74 187
internal_value=3.57012e-07 0.00146662 0.00269611 -0.00049356 0.000649684 0.00602054 0.00855143 -0.000773524 0.00238572 0.00415224 0.00522778 0.00868894 0.00380288 0.00224159 0.000990844 0.0060578 0.00246848 0.00466619 0.00130063 0.00676536 0.00228439 -0.000625393 0.00242441 0.00233683 0.00514694 -0.000299278 0.000404347 0.0012114 -0.00188324 0.00242485
internal_weight=80000 20158 8047 59842 12111 687 367 36068 7360 555 436 127 309 6805 1045 212 5760 445 171 274 5315 244 5071 5006 214 833 692 561 158 403
internal_count=80000 20158 8047 59842 12111 687 367 36068 7360 555 436 127 309 6805 1045 212 5760 445 171 274 5315 244 5071 5006 214 833 692 561 158 403
is_linear=0
shrinkage=0.05


Tree=67
num_leaves=31
num_cat=0
split_feature=5 9 7 9 9 0 6 7 10 7 10 10 6 10 10 10 10 10 7 3 10 10 7 7 10 6 10 7 10 3
split_gain=20.9158 7.30958 2.99728 2.56885 2.18925 1.82248 1.24187 1.39467 1.11458 1.57421 1.62236 1.18824 0.981117 0.913583 0.911992 1.58842 1.66755 1.32152 1.11068 2.22719 0.770259 1.20088 0.976423 0.758835 0.676701 0.641938 0.627751 0.61904 0.949689 0.609448
threshold=1.0000000180025095e-35 0.45124090117685461 2.495903115318574 0.45124090117685461 -1.117930881447166 4.5000000000000009 1.0000000180025095e-35 0.20207251356715863 3.0437365000000005 1.9972442888508748 3.0477175000000005 3.0479115000000006 2.5000000000000004 3.0445605000000007 3.0478215000000004 3.0474155000000005 3.0472355000000007 3.0471305000000002 1.8975125235573351 2.5000000000000004 3.0442035000000005 3.0452175000000006 2.0969760541444149 -1.6928310270100968 3.0474155000000005 1.5000000000000002 3.0476395000000003 0.40153604415423816 3.0476305000000004 2.5000000000000004
decision_type=2 2 2 2 2 2 2 2 2 2 2 2 2 2 2 2 2 2 2 2 2 2 2 2 2 2 2 2 2 2
left_child=3 4 6 12 -2 13 7 29 -9 10 -10 -12 -1 -4 15 16 17 18 23 -20 -11 -22 -23 -8 -15 -16 -14 -17 -29 -3
right_child=1 2 5 -5 -6 -7 14 8 9 20 11 -13 26 24 25 27 -18 -19 19 -21 21 22 -24 -25 -26 -27 -28 28 -30 -31
leaf_value=-0.00063292803420481785 -0.0003231665222664728 -0.0001593239150495024 0.014264144511060384 -6.5379298744803755e-05 0.0010977643008247644 0.0029604086692476112 -0.0019776129221804133 0.0029005028603005505 -6.0158190229016678e-05 -0.00073384193724283884 0.011312456744830515 0.0010148981675744695 -0.0010363574861441676 0.0060835185140438851 0.0034600478285329453 -0.0056971361840907463 0.0095319582607702891 -0.0050846668340814539 0.0025391134453934812 0.012223940782098538 0.0090947427618719382 0.0075669235181864527 0.00074489557113466894 0.0028111687310191221 0.012378781904519305 0.011288446412110175 -0.0023000796767261833 0.004888913118127153 -0.0044465689775096016 -0.0070859924807616676
leaf_weight=31289 4096 65 52 23774 8015 320 85 1366 1546 79 56 56 3396 264 51 66 95 52 161 94 109 75 174 3005 51 54 1383 57 52 62
leaf_count=31289 4096 65 52 23774 8015 320 85 1366 1546 79 56 56 3396 264 51 66 95 52 161 94 109 75 174 3005 51 54 1383 57 52 62
internal_value=3.45225e-07 0.00139331 0.00256136 -0.000468882 0.0006172 0.00571969 0.00226648 0.00160048 0.00178934 0.00106473 0.000360988 0.00616918 -0.000734848 0.00812415 0.00289994 0.00276823 0.00300119 0.00281827 0.00294128 0.0061126 0.00373405 0.00471991 0.00280194 0.00267938 0.00710636 0.00749299 -0.00140211 -0.00187944 0.000435295 -0.00354376
internal_weight=80000 20158 8047 59842 12111 687 7360 3588 3461 2095 1658 112 36068 367 3772 3667 3492 3397 3345 255 437 358 249 3090 315 105 4779 175 109 127
internal_count=80000 20158 8047 59842 12111 687 7360 3588 3461 2095 1658 112 36068 367 3772 3667 3492 3397 3345 255 437 358 249 3090 315 105 4779 175 109 127
is_linear=0
shrinkage=0.05


Tree=68
num_leaves=31
num_cat=0
split_feature=8 8 5 8 1 8 8 5 1 6 1 7 6 2 6 6 8 1 6 6 7 6 8 8 1 1 1 8 8 6
split_gain=472.54 78.0259 55.0808 54.6797 33.5885 27.9912 22.6657 22.3673 18.4004 15.3529 15.0976 14.1137 10.4529 10.2959 10.2288 8.84042 7.00089 9.52046 6.85895 6.56749 6.15101 6.14104 5.70613 5.62612 8.90961 5.60931 5.56756 5.13052 5.09213 13.1291
threshold=-1.4034138756721219 -1.0022233036338508 1.0000000180025095e-35 -1.6043440453073161 1.5000000000000002 -0.59902342989922797 -0.17506077196896827 1.0000000180025095e-35 1.5000000000000002 1.0000000180025095e-35 1.5000000000000002 0.30180427886069844 2.5000000000000004 2.5000000000000004 2.5000000000000004 1.0000000180025095e-35 0.59718084666229476 1.5000000000000002 2.5000000000000004 2.5000000000000004 2.2964395847314942 2.5000000000000004 -1.5186138395962998 -0.55749786150795455 3.5000000000000004 1.5000000000000002 1.5000000000000002 -1.700120759500092 0.38285533238475428 1.0000000180025095e-35
decision_type=2 2 2 2 2 2 2 2 2 2 2 2 2 2 2 2 2 2 2 2 2 2 2 2 2 2 2 2 2 2
left_child=3 7 6 4 -1 13 8 19 -3 -9 -5 27 22 18 23 16 -7 -18 -4 26 -13 -11 -12 -10 -25 -8 -2 -6 29 -27
right_child=1 2 5 10 11 15 25 9 14 21 12 20 -14 -15 -16 -17 17 -19 -20 -21 -22 -23 -24 24 -26 28 -28 -29 -30 -31
leaf_value=0.010787178136189259 0.0044262228948339184 -0.0017361670870332533 -0.0034555077071167042 0.0048443143686566501 0.020223921310523633 -0.0053073421753137649 -0.0010733277285623107 0.0037293277724307567 0.0053175739795362706 -2.8403399914644137e-05 0.016503041720900027 0.024803156949267435 0.0054698376611484658 0.00080108771346079502 -0.00048964611246092354 -0.010899639920928995 -0.004421480789578624 -0.015372183323038333 -0.012535319635639306 0.0027961098482832242 0.039490579494307058 -0.0049849269955258985 0.010792888642378828 0.0039500267084375618 -0.0019091540979489742 0.0028498686996354422 0.0089490227886291837 0.012366503093637881 -0.002719165835212211 -0.0022842274432027928
leaf_weight=1132 1136 4918 2167 1607 542 2961 16714 2595 2259 2039 700 860 627 1654 2427 1569 354 452 230 1259 78 901 1170 1943 974 1603 1698 338 17515 5578
leaf_count=1132 1136 4918 2167 1607 542 2961 16714 2595 2259 2039 700 860 627 1654 2427 1569 354 452 230 1259 78 901 1170 1943 974 1603 1698 338 17515 5578
internal_value=3.33377e-07 -0.00119465 -0.00183232 0.0123576 0.0175499 -0.00536708 -0.00121707 0.0029989 0.000647024 0.000926477 0.00862503 0.02176 0.0110579 -0.0022334 0.00218859 -0.00774603 -0.00643226 -0.0105637 -0.00432723 0.00580136 0.0260286 -0.00154751 0.0129311 0.00344439 0.00199362 -0.00178071 0.00713629 0.0172077 -0.00225945 -0.00113813
internal_weight=80000 72946 63318 7054 2950 9387 53931 9628 12521 5535 4104 1818 2497 4051 7603 5336 3767 806 2397 4093 938 2940 1870 5176 2917 41410 2834 880 24696 7181
internal_count=80000 72946 63318 7054 2950 9387 53931 9628 12521 5535 4104 1818 2497 4051 7603 5336 3767 806 2397 4093 938 2940 1870 5176 2917 41410 2834 880 24696 7181
is_linear=0
shrinkage=0.05


Tree=69
num_leaves=31
num_cat=0
split_feature=7 9 9 7 0 3 3 0 6 6 7 9 6 11 6 9 11 7 6 7 3 0 3 11 0 11 11 3 11 7
split_gain=8.6874 4.9149 3.07242 2.58887 1.53127 0.960066 0.917528 1.69614 1.5951 0.973096 0.893942 0.881671 0.827054 0.814719 0.748342 0.6927 0.660413 0.640324 0.888207 0.80729 2.41999 1.52657 0.952761 1.0627 0.778113 0.759398 0.621387 0.640929 0.718904 0.699118
threshold=1.0996584012090167 0.45124090117685461 0.45124090117685461 2.495903115318574 4.5000000000000009 4.5000000000000009 4.5000000000000009 4.5000000000000009 1.0000000180025095e-35 3.5000000000000004 -1.5930992617165571 -1.117930881447166 1.0000000180025095e-35 101.79806050000002 2.5000000000000004 -1.117930881447166 101.79808850000002 0.30180427886069844 1.0000000180025095e-35 0.70073134003485771 1.0000000180025095e-35 4.5000000000000009 1.5000000000000002 101.79804050000001 4.5000000000000009 101.79808850000002 101.79828350000001 3.5000000000000004 101.79823650000002 2.7950984111991932
decision_type=2 2 2 2 2 2 2 2 2 2 2 2 2 2 2 2 2 2 2 2 2 2 2 2 2 2 2 2 2 2
left_child=2 15 11 5 13 -3 9 12 -9 10 -4 14 -8 -5 -1 -2 -6 -12 -19 22 21 -21 23 -20 -22 -24 27 28 29 -15
right_child=1 3 6 4 16 -7 7 8 -10 -11 17 -13 -14 26 -16 -17 -18 18 19 20 24 -23 25 -25 -26 -27 -28 -29 -30 -31
leaf_value=-0.00066114370810379456 -0.00026399532052015409 0.0022063098801186408 -0.0017732349315725997 0.012465446712189354 0.0037688780548244521 -0.00089416988486879466 -0.00024050576260458941 -0.00047691194417138745 0.001440000518619252 0.001603346378209819 0.00019209196569048553 -0.00032889546099616984 -0.0016117463108062447 0.012381323142457649 -0.0016794982802067267 0.0007671648224431408 -0.002482987834352576 0.00037364083445995302 0.0025740149754549468 -0.012490451261549891 0.00030789557615330018 -0.00020153580940603742 0.0035200608695372775 0.0090369825363143929 0.0045648038819233417 -0.0011876907459843686 0.011422709923204757 0.00059688889747739054 0.0019979219181926341 0.0051982588056320818
leaf_weight=11433 2465 3838 511 68 270 267 2223 2187 2154 1529 12951 27339 2176 66 2142 4800 50 2152 133 50 229 51 218 122 202 141 51 55 57 70
leaf_count=11433 2465 3838 511 68 270 267 2223 2187 2154 1529 12951 27339 2176 66 2142 4800 50 2152 133 50 229 51 218 122 202 141 51 55 57 70
internal_value=3.23642e-07 0.00123718 -0.000219168 0.00248016 0.00532084 0.00200463 0.000194506 -0.000226901 0.000474269 0.00039589 0.000285726 -0.000492453 -0.000918822 0.00752485 -0.000821841 0.000417295 0.00279155 0.000350486 0.000972465 0.00209683 0.000670956 -0.00629149 0.00333196 0.00566843 0.00230361 0.00167124 0.00639744 0.00535983 0.00671613 0.00869069
internal_weight=80000 12057 67943 4792 687 4105 27029 8740 4341 18289 16760 40914 4399 367 13575 7265 320 16249 3298 1146 532 101 614 255 431 359 299 248 193 136
internal_count=80000 12057 67943 4792 687 4105 27029 8740 4341 18289 16760 40914 4399 367 13575 7265 320 16249 3298 1146 532 101 614 255 431 359 299 248 193 136
is_linear=0
shrinkage=0.05


Tree=70
num_leaves=31
num_cat=0
split_feature=8 8 8 5 7 8 8 5 8 10 7 10 7 8 7 7 11 7 10 7 10 11 8 10 8 10 11 7 8 11
split_gain=426.625 70.4703 50.8985 69.88 15.5412 16.4341 15.1059 15.0789 15.3507 12.352 10.6252 9.91177 7.99519 6.62911 5.82624 5.7072 5.70013 5.55029 4.95985 4.68642 4.38226 5.00903 4.17934 3.77808 4.30817 3.68147 3.64732 3.58803 3.55036 3.48476
threshold=-1.3371069196925081 -1.5527719684342831 -0.76579547069643916 1.0000000180025095e-35 -0.59578160878115949 -1.700120759500092 -0.17506077196896827 1.0000000180025095e-35 -1.0564744494353533 3.0475755000000002 -0.097122782313460637 3.0475215000000007 -0.8949769046617787 -0.38134907946110097 -0.99470866995531859 2.2964395847314942 101.79626950000001 -1.2939039658359379 3.0474505000000005 1.0996584012090167 3.0475565000000002 101.79803650000001 -1.1616279048777716 3.0442035000000005 -0.93591634765423681 3.0438165000000006 101.79829150000002 -1.4933674964230172 -1.6472091481628242 101.79626950000001
decision_type=2 2 2 2 2 2 2 2 2 2 2 2 2 2 2 2 2 2 2 2 2 2 2 2 2 2 2 2 2 2
left_child=1 4 7 6 18 15 17 8 27 14 -9 12 -3 16 29 20 -5 -4 28 -7 25 -22 -12 24 -16 -6 -11 -2 -1 -10
right_child=2 11 3 13 5 19 -8 10 9 26 22 -13 -14 -15 23 -17 -18 -19 -20 -21 21 -23 -24 -25 -26 -27 -28 -29 -30 -31
leaf_value=0.014639173190433709 0.00091006527219500465 0.0016286179987693977 -0.0025012911418510297 -0.0018768147073890561 0.018573369292290903 0.011984497339160384 -0.0016793252431902249 -0.0064915520467740866 0.0034841110156066477 -0.0056956181418208176 0.0020858387818784834 0.0022502696351761847 0.0085752775691700835 -0.0080644604004765068 0.0060706146204596275 0.035715060395027524 -0.0063458051778027009 0.0010319739699458711 0.0043918186069770637 0.017284157509965151 0.0105246644376792 0.027667614933096798 -0.00057377560477835565 0.0065724321070981338 -0.00057608376712911546 0.025298487993503579 0.003697316007131848 0.0065315290171165724 0.0073447546259785036 -0.0024540413058417657
leaf_weight=516 319 477 1289 1024 334 977 41410 605 382 706 2398 1104 3149 3653 411 71 2354 8067 270 730 169 57 3846 909 599 528 121 2579 247 699
leaf_count=516 319 477 1289 1024 334 977 41410 605 382 706 2398 1104 3149 3653 411 71 2354 8067 270 730 169 57 3846 909 599 528 121 2579 247 699
internal_value=3.1059e-07 0.0105012 -0.0012693 -0.00191638 0.0154779 0.0173733 -0.00126936 0.00148594 0.0031677 0.00108887 -0.000165392 0.00639858 0.00766152 -0.00658801 0.0025803 0.0219691 -0.00499118 0.000545165 0.0102182 0.0142518 0.0210689 0.0148587 0.000447663 0.00423401 0.002129 0.0226952 -0.00432104 0.00591279 0.0122791 -0.00035551
internal_weight=80000 8629 71371 57797 3899 2866 50766 13574 6725 3827 6849 4730 3626 7031 3000 1159 3378 9356 1033 1707 1088 226 6244 1919 1010 862 827 2898 763 1081
internal_count=80000 8629 71371 57797 3899 2866 50766 13574 6725 3827 6849 4730 3626 7031 3000 1159 3378 9356 1033 1707 1088 226 6244 1919 1010 862 827 2898 763 1081
is_linear=0
shrinkage=0.05


Tree=71
num_leaves=31
num_cat=0
split_feature=8 8 8 2 7 8 3 6 6 8 6 10 6 6 6 10 6 0 2 8 0 2 6 2 7 2 2 3 8 0
split_gain=386.404 86.2411 27.6958 18.0188 17.1399 14.637 14.9871 13.5461 13.5021 11.8989 14.7744 8.07491 7.84702 7.14756 6.80071 8.05172 6.26142 6.09541 6.69578 5.89317 5.6431 5.29532 5.15932 4.92676 4.85508 4.74265 4.26499 4.24638 4.21132 5.95639
threshold=-1.4730696678123223 -1.083934905952163 -1.6739998374475167 1.0000000180025095e-35 0.60099957474131782 -0.73900478141174653 4.5000000000000009 1.0000000180025095e-35 1.0000000180025095e-35 -0.20051192678942623 2.5000000000000004 3.0475565000000002 1.0000000180025095e-35 2.5000000000000004 1.0000000180025095e-35 3.0453275000000004 1.0000000180025095e-35 4.5000000000000009 1.5000000000000002 -0.52869787052691009 2.5000000000000004 1.0000000180025095e-35 2.5000000000000004 1.0000000180025095e-35 1.498585462383176 1.5000000000000002 1.0000000180025095e-35 4.5000000000000009 0.35606464310006175 2.5000000000000004
decision_type=2 2 2 2 2 2 2 2 2 2 2 2 2 2 2 2 2 2 2 2 2 2 2 2 2 2 2 2 2 2
left_child=2 8 3 14 9 16 12 23 -2 10 17 13 21 -5 -1 -16 -6 18 19 -3 -9 -7 28 24 -4 -18 -24 -12 -11 -30
right_child=1 4 7 11 5 6 -8 20 -10 22 27 -13 -14 -15 15 -17 25 -19 -20 -21 -22 -23 26 -25 -26 -27 -28 -29 29 -31
leaf_value=0.037952738957733878 0.0056733908268985266 0.0037588579696334629 0.014389399538950182 0.021307726231076629 0.0018106551555600895 -0.0081944973341488286 -0.00078907020027510998 0.0050854467478637123 0.0018499856260281149 -0.00063850270828687619 -0.0034116576782018734 0.0086014803301647687 -0.0090257097408338333 0.013154934990245434 0.033677506657010123 0.018564594439500051 -0.0071801769626528636 0.0038411738315634863 -0.00097273528836664075 -0.00011195101781464939 0.010000592026801342 -0.0039558020608695694 -0.0091772118115238457 0.012849441290637607 0.027763969977844385 -0.00056482051413340876 -0.0030747440199488784 -0.00030647674235086678 -0.00096183043166811824 -0.0024499705292582649
leaf_weight=90 4151 2157 144 498 1621 893 2183 952 5204 9878 2946 402 1317 586 123 313 428 1753 3654 1807 1512 4215 346 738 129 738 1659 1758 11390 16415
leaf_count=90 4151 2157 144 498 1621 893 2183 952 5204 9878 2946 402 1317 586 123 313 428 1753 3654 1807 1512 4215 346 738 129 738 1659 1758 11390 16415
internal_value=3.06309e-07 -0.000942669 0.0128056 0.0174743 -0.00158721 -0.00334867 -0.00436833 0.0101021 0.00354655 -0.00121386 3.5205e-05 0.0146573 -0.00558441 0.016902 0.0254283 0.0228348 -0.000199302 0.00118294 0.000571199 0.00199438 0.00810184 -0.00469697 -0.00165683 0.0149758 0.0207171 -0.00299351 -0.00412824 -0.00225121 -0.00152533 -0.00184038
internal_weight=80000 74513 5487 2012 65158 11395 8608 3475 9355 53763 14075 1486 6425 1084 526 436 2787 9371 7618 3964 2464 5108 39688 1011 273 1166 2005 4704 37683 27805
internal_count=80000 74513 5487 2012 65158 11395 8608 3475 9355 53763 14075 1486 6425 1084 526 436 2787 9371 7618 3964 2464 5108 39688 1011 273 1166 2005 4704 37683 27805
is_linear=0
shrinkage=0.05


Tree=72
num_leaves=31
num_cat=0
split_feature=8 8 8 5 2 6 5 0 8 6 6 8 2 8 0 8 6 11 6 0 6 0 5 0 2 0 6 8 6 8
split_gain=349.623 57.8105 41.1226 59.1622 21.5225 18.1175 16.2167 13.2592 12.713 11.4967 11.0958 8.85979 7.62016 7.37932 8.3026 7.21733 7.07989 7.51067 6.51833 6.15403 5.44696 5.09892 4.74113 5.04696 4.63669 4.44427 4.35137 4.57353 4.27691 4.50636
threshold=-1.3371069196925081 -1.5527719684342831 -0.76579547069643916 1.0000000180025095e-35 1.0000000180025095e-35 1.0000000180025095e-35 1.0000000180025095e-35 4.5000000000000009 -0.17506077196896827 1.0000000180025095e-35 1.0000000180025095e-35 0.47126460702423967 1.0000000180025095e-35 -1.0444186392572414 1.5000000000000002 -1.700120759500092 1.0000000180025095e-35 101.79812450000001 2.5000000000000004 4.5000000000000009 2.5000000000000004 2.5000000000000004 1.0000000180025095e-35 2.5000000000000004 1.0000000180025095e-35 2.5000000000000004 2.5000000000000004 -1.6739998374475167 2.5000000000000004 0.23952514471164901
decision_type=2 2 2 2 2 2 2 2 2 2 2 2 2 2 2 2 2 2 2 2 2 2 2 2 2 2 2 2 2 2
left_child=1 4 5 8 15 22 13 26 18 11 25 -5 -13 -7 -15 16 -1 -18 19 -4 -8 -16 23 -2 -11 -3 27 -6 29 -10
right_child=2 10 3 9 7 6 20 -9 28 24 -12 12 -14 14 21 -17 17 -19 -20 -21 -22 -23 -24 -25 -26 -27 -28 -29 -30 -31
leaf_value=0.039078872136836168 0.0023052741477854965 0.0058348750929362314 0.00066949012333005669 -0.0036446458304604081 0.015323442916027823 0.0043025885457201084 -0.0014770960369407688 0.017863922630736755 -0.00030366669654192599 -0.014649351235972653 0.0038442162946428675 -0.019678856202653638 -0.0071410640356822513 0.0056759097266890282 -0.0053620187958454257 0.016464279300892542 0.032142079681125826 0.017195683393552187 -0.0014906443630700217 0.0046410984335731554 -0.0058529964238686364 0.0001953200102192812 0.002406386592286446 0.0073855233024646338 -0.0081587227131512102 0.010821241358694632 0.0073253383287087501 0.0092885423638796455 -0.0038433845750903682 -0.001660462043167808
leaf_weight=75 787 751 5365 3933 542 1807 2606 696 7569 329 2874 139 944 559 541 539 127 250 2799 1192 978 1740 3265 1291 1686 1105 922 748 1877 31964
leaf_count=75 787 751 5365 3933 542 1807 2606 696 7569 329 2874 139 944 559 541 539 127 250 2799 1192 978 1740 3265 1291 1686 1105 922 748 1877 31964
internal_value=3.01584e-07 0.00950641 -0.00114903 -0.00173067 0.014014 0.00132752 -0.000144231 0.0118446 -0.00113532 -0.00602914 0.00579053 -0.00474751 -0.00875192 0.0018048 0.000215446 0.020378 0.0250403 0.0222379 0.000529288 0.00139155 -0.00267132 -0.00112293 0.00359473 0.00546169 -0.00921916 0.00880401 0.00994995 0.0118251 -0.00151142 -0.00140069
internal_weight=80000 8629 71371 57797 3899 13574 8231 2908 50766 7031 4730 5016 1083 4647 2840 991 452 377 9356 6557 3584 2281 5343 2078 2015 1856 2212 1290 41410 39533
internal_count=80000 8629 71371 57797 3899 13574 8231 2908 50766 7031 4730 5016 1083 4647 2840 991 452 377 9356 6557 3584 2281 5343 2078 2015 1856 2212 1290 41410 39533
is_linear=0
shrinkage=0.05


Tree=73
num_leaves=31
num_cat=0
split_feature=5 9 7 9 9 6 0 10 6 10 3 7 10 7 10 10 10 10 10 6 6 10 10 3 10 10 10 7 7 10
split_gain=11.0494 4.10231 2.53796 1.62077 1.3311 1.11741 1.11462 0.666116 0.623142 1.65345 1.17723 1.29637 1.13854 1.80906 0.890446 0.888348 2.10017 2.79567 2.15904 1.03497 0.75507 0.612042 0.927843 1.35419 1.16511 0.567347 0.916198 0.94515 0.767632 0.504154
threshold=1.0000000180025095e-35 0.45124090117685461 2.495903115318574 0.45124090117685461 -1.117930881447166 2.5000000000000004 4.5000000000000009 3.0445605000000007 3.5000000000000004 3.0443835000000004 1.5000000000000002 0.10234074827361882 3.0437625000000006 1.498585462383176 3.0477175000000005 3.0478215000000004 3.0474155000000005 3.0472355000000007 3.0466405000000005 1.0000000180025095e-35 1.0000000180025095e-35 3.0473095000000003 3.0458265000000004 1.5000000000000002 3.0452175000000006 3.0469165000000005 3.0457225000000006 0.50126780944777805 0.50126780944777805 3.0419025000000004
decision_type=2 2 2 2 2 2 2 2 2 2 2 2 2 2 2 2 2 2 2 2 2 2 2 2 2 2 2 2 2 2
left_child=3 4 8 5 -2 -1 7 -4 12 10 -10 -12 -3 15 21 16 17 18 -14 -18 -17 22 24 -24 -15 26 27 -11 -28 -8
right_child=1 2 6 -5 -6 -7 29 -9 9 25 11 -13 13 14 -16 20 19 -19 -20 -21 -22 -23 23 -25 -26 -27 28 -29 -30 -31
leaf_value=-0.00044324593047589202 -0.00030193345197823652 0.0022637640989890922 0.011916842487724025 -2.0245828485227169e-05 0.00080604157258060225 -0.0012641086707017486 -0.0019189961110615335 0.0058055495320438336 -0.0023408713622760095 0.012364902688963102 0.0096383660753631088 0.0010910430494630416 0.00063494747761210651 0.0023470991504015641 0.0069007347013182304 6.8058016936001393e-05 -0.00097960777076126337 0.0091259146385091593 -0.0038583772645922909 -0.0085760443097882468 0.0078578093602709297 -0.0015930212246311481 0.00088311635305640158 0.006646910621126244 -0.0024213528393675268 0.0081936444835260715 -0.0034245534426411667 0.0029132503766005355 0.004347644265336085 0.0034999459396510627
leaf_weight=31289 4096 2625 52 23774 8015 4779 51 315 173 51 57 199 1864 584 101 58 80 87 312 102 67 107 175 244 164 123 53 55 79 269
leaf_count=31289 4096 2625 52 23774 8015 4779 51 315 173 51 57 199 1864 584 101 58 80 87 312 102 67 107 175 244 164 123 53 55 79 269
internal_value=2.94601e-07 0.00101274 0.00188779 -0.000340753 0.00043132 -0.000552013 0.00479402 0.00667447 0.00161645 0.00294321 0.000844494 0.00299718 0.00145687 0.000919926 0.00238368 0.000136728 -7.35379e-05 0.000342129 -9.4637e-06 -0.00523932 0.00424631 0.00202506 0.0023569 0.00424038 0.00130143 0.00543633 0.00400849 0.00746811 0.00122676 0.00263597
internal_weight=80000 20158 8047 59842 12111 36068 687 367 7360 790 429 256 6570 3945 1375 2570 2445 2263 2176 182 125 1274 1167 419 748 361 238 106 132 320
internal_count=80000 20158 8047 59842 12111 36068 687 367 7360 790 429 256 6570 3945 1375 2570 2445 2263 2176 182 125 1274 1167 419 748 361 238 106 132 320
is_linear=0
shrinkage=0.05


Tree=74
num_leaves=31
num_cat=0
split_feature=8 8 9 8 6 9 6 3 8 8 6 6 8 1 6 10 8 10 6 6 3 6 8 11 8 9 9 6 8 6
split_gain=314.459 65.7067 35.6537 18.5283 10.4009 10.9705 9.61415 9.07675 10.6284 8.73463 8.36141 6.20189 6.19982 7.36432 5.03624 4.9423 4.19748 4.11325 4.10178 3.99915 3.89975 4.00369 3.47074 3.57451 3.44038 17.2257 3.82638 5.31072 8.93476 3.68725
threshold=-1.459674323169976 -1.083934905952163 0.45124090117685461 -1.5835812611116793 2.5000000000000004 0.45124090117685461 2.5000000000000004 4.5000000000000009 -0.73900478141174653 -1.6739998374475167 1.0000000180025095e-35 2.5000000000000004 -0.17506077196896827 1.5000000000000002 1.0000000180025095e-35 3.0473095000000003 -1.2620929896953685 3.0444195000000005 2.5000000000000004 1.0000000180025095e-35 3.5000000000000004 3.5000000000000004 -1.700120759500092 101.79820450000001 0.38285533238475428 0.45124090117685461 0.45124090117685461 1.0000000180025095e-35 0.025869397666225803 1.0000000180025095e-35
decision_type=2 2 2 2 2 2 2 2 2 2 2 2 2 2 2 2 2 2 2 2 2 2 2 2 2 2 2 2 2 2
left_child=2 4 9 6 5 -2 15 8 10 18 17 24 13 -9 -5 22 -7 -3 -1 -11 21 -8 23 -4 26 -26 -10 28 -28 -27
right_child=1 7 3 14 -6 16 20 12 11 19 -12 -13 -14 -15 -16 -17 -18 -19 -20 -21 -22 -23 -24 -25 25 29 27 -29 -30 -31
leaf_value=0.014542149398113819 0.002410489989677145 0.0046150667447610308 0.028417841230502023 0.01537185924048764 -0.00012008384838557354 0.0082594129147728935 0.012797455022391198 -0.0013693966091600004 -0.0020900254522640215 0.0093302389257443382 -0.0013939995611297741 -0.0044024976032095769 -0.0010289445079399834 0.0027203795806006945 0.008181065608642837 0.035008003725640849 0.0043941633490433684 0.00052774532204706006 0.0085356382515305133 0.0046207343933345408 0.0078279965509397871 0.022261546011394899 0.018626303966244203 0.016030846272549949 -0.0012679637856985071 -0.0038444738199210544 -0.0004874420786482609 -0.0019466427754625628 0.0058131446734054357 -0.006748487383311544
leaf_weight=542 4285 1075 256 381 1948 1482 247 1861 9217 636 4059 2874 16901 2694 676 79 1336 1440 599 1549 152 205 393 76 11657 5607 2500 3189 726 1358
leaf_count=542 4285 1075 256 381 1948 1482 247 1861 9217 636 4059 2874 16901 2694 676 79 1336 1440 599 1549 152 205 393 76 11657 5607 2500 3189 726 1358
internal_value=2.84256e-07 -0.000875422 0.0112219 0.0157791 0.00311648 0.0040041 0.0195353 -0.00142993 -0.00184343 0.007844 9.62576e-06 -0.00217154 -0.000587707 0.00104946 0.0107742 0.0231176 0.00642714 0.00227493 0.0113899 0.00599192 0.0147637 0.0170938 0.0218173 0.0255879 -0.00198435 -0.00244345 -0.00143741 -0.000499722 0.000930619 -0.00441077
internal_weight=80000 74209 5791 2465 9051 7103 1408 65158 43702 3326 6574 37128 21456 4555 1057 804 2818 2515 1141 2185 604 452 725 332 34254 18622 15632 6415 3226 6965
internal_count=80000 74209 5791 2465 9051 7103 1408 65158 43702 3326 6574 37128 21456 4555 1057 804 2818 2515 1141 2185 604 452 725 332 34254 18622 15632 6415 3226 6965
is_linear=0
shrinkage=0.05


Tree=75
num_leaves=31
num_cat=0
split_feature=8 8 5 9 8 8 1 8 6 1 7 1 6 2 6 7 8 7 6 8 5 1 8 8 1 6 8 1 8 2
split_gain=284.257 62.8266 40.6272 31.1986 22.9058 21.1519 18.704 14.7649 10.2483 12.2408 9.79378 9.72058 10.4215 7.09478 6.92912 6.85564 6.98502 6.6991 5.34029 5.19429 5.04747 4.9526 4.87735 4.70267 4.87293 4.53696 14.4317 9.12663 5.23698 7.10031
threshold=-1.4730696678123223 -1.1375162845215483 1.0000000180025095e-35 0.45124090117685461 -0.59902342989922797 -0.23801889178799587 1.5000000000000002 -1.6739998374475167 1.0000000180025095e-35 1.5000000000000002 -1.194172200542398 1.5000000000000002 2.5000000000000004 1.0000000180025095e-35 1.0000000180025095e-35 0.20207251356715863 -1.6257765967350701 0.30180427886069844 1.0000000180025095e-35 0.61325526023311017 1.0000000180025095e-35 1.5000000000000002 -1.3772929536195466 -0.6358606276656803 3.5000000000000004 1.0000000180025095e-35 0.54895760594984822 3.5000000000000004 0.19799957632037568 3.5000000000000004
decision_type=2 2 2 2 2 2 2 2 2 2 2 2 2 2 2 2 2 2 2 2 2 2 2 2 2 2 2 2 2 2
left_child=3 11 5 15 8 6 -3 17 -4 -10 -8 20 -13 19 -9 -1 -17 -5 -15 -6 -2 -7 -22 -12 -25 26 27 -23 29 -27
right_child=1 2 4 7 13 21 10 14 9 -11 23 12 -14 18 -16 16 -18 -19 -20 -21 22 25 -24 24 -26 28 -28 -29 -30 -31
leaf_value=0.0051169094128036829 0.0038391399775789116 -0.0013612846479210657 9.4952933438587108e-05 0.016048674788208549 -0.0091396819966931327 -0.0006483875520059564 -0.00093530562720118323 0.017486511531665676 2.1582275913261976e-05 -0.0070953136242640717 0.0049057067674514645 0.0059554086306526522 0.00032607085119267681 -0.0044893817382331931 0.010017134905078929 0.013445124584269269 0.0070739495641674579 0.024829973208681116 -0.0082869267493512044 -0.021217772370570907 0.0034601088227284001 0.0043397195094225542 -0.0018626405081101653 0.0034949957406170728 -0.00062141493735675703 -0.0026630736235347726 -0.0018535849248242774 -0.0026471013289444136 -0.0035497914175562917 0.001810555134399048
leaf_weight=1394 1168 5041 3036 428 810 17216 1603 447 1013 1497 2925 3842 1046 3107 1019 755 1001 443 1319 100 613 1690 1444 2191 1070 2720 13299 646 5801 1316
leaf_count=1394 1168 5041 3036 428 810 17216 1603 447 1013 1497 2925 3842 1046 3107 1019 755 1001 443 1319 100 613 1690 1444 2191 1070 2720 13299 646 5801 1316
internal_value=2.82894e-07 -0.000808506 -0.001316 0.0109834 -0.00410954 -0.000768439 0.00101175 0.0153606 -0.00185937 -0.00422315 0.00254756 0.00334501 0.0047508 -0.00644819 0.0122957 0.00773551 0.00981387 0.0205173 -0.00562126 -0.0104691 0.00121424 -0.00130348 -0.000276334 0.00345009 0.00214434 -0.00174624 -0.00121692 0.00240755 -0.00258752 -0.00120437
internal_weight=80000 74513 66400 5487 10882 55518 12830 2337 5546 2510 7789 8113 4888 5336 1466 3150 1756 871 4426 910 3225 42688 2057 6186 3261 25472 15635 2336 9837 4036
internal_count=80000 74513 66400 5487 10882 55518 12830 2337 5546 2510 7789 8113 4888 5336 1466 3150 1756 871 4426 910 3225 42688 2057 6186 3261 25472 15635 2336 9837 4036
is_linear=0
shrinkage=0.05


Tree=76
num_leaves=31
num_cat=0
split_feature=8 8 5 1 8 8 1 8 5 8 1 0 10 0 8 0 0 1 0 8 1 8 8 0 0 4 11 4 11 8
split_gain=256.964 60.3662 36.4414 26.2077 19.6388 16.0494 16.6657 13.9174 9.86599 9.82161 9.57084 5.45664 5.1326 4.86783 5.34971 8.1248 6.8866 4.46973 4.38529 4.72057 4.29558 4.41729 4.00707 6.72413 6.52597 4.36854 3.75343 3.59366 3.96564 3.50771
threshold=-1.4878045469189034 -1.083934905952163 1.0000000180025095e-35 1.5000000000000002 -0.6619815497182554 -0.23801889178799587 1.5000000000000002 -1.700120759500092 1.0000000180025095e-35 -1.3772929536195466 1.5000000000000002 2.5000000000000004 3.0475215000000007 2.5000000000000004 -0.032400351527980438 1.5000000000000002 1.5000000000000002 1.5000000000000002 3.5000000000000004 0.61325526023311017 1.5000000000000002 -1.1736837150558832 0.39692044425921785 2.5000000000000004 2.5000000000000004 1.0000000180025095e-35 101.79690650000002 1.0000000180025095e-35 101.79583850000002 -1.2111906800544525
decision_type=2 2 2 2 2 2 2 2 2 2 2 2 2 2 2 2 2 2 2 2 2 2 2 2 2 2 2 2 2 2
left_child=3 8 5 -1 10 6 -3 26 11 12 -4 29 -10 14 16 -16 -6 -7 19 -15 -11 -22 23 -19 -24 -26 -5 28 -9 -2
right_child=1 2 4 7 13 17 -8 27 9 20 -12 -13 -14 18 15 -17 -18 22 -20 -21 21 -23 24 -25 25 -27 -28 -29 -30 -31
leaf_value=0.0062721114388213277 0.0044293566523086192 -0.0014841028550710697 0.0014435885717952633 0.015043292685848845 0.0011380218149204327 -0.00061596836079502379 0.0022985788384814409 0.008314731455662307 0.006449910042900785 -0.0015730418382807372 -0.0033867392469013931 0.0065019625813753472 0.00014035865746549371 -0.0087143017777675993 -0.011443877692421396 -0.0025896155220166907 -0.0057863907633496298 -0.0028077201776707948 -0.005946696301337216 -0.020157943581129528 0.0029747233407431614 -0.0016608116205987006 -0.00077404019211844836 0.00025660053416027396 -0.0036555443734103792 -0.0016605988167860339 0.020995004080667311 0.0027199706715609392 0.013188474000507778 -0.00067206618730404773
leaf_weight=1987 928 4787 1723 495 745 17216 7433 595 1287 1684 2533 2259 430 911 506 531 693 2658 2508 100 1840 713 6111 5483 6435 4785 574 117 1404 529
leaf_count=1987 928 4787 1723 495 745 17216 7433 595 1287 1684 2533 2259 430 911 506 531 693 2658 2508 100 1840 713 6111 5483 6435 4785 574 117 1404 529
internal_value=2.72239e-07 -0.000744737 -0.00129183 0.0107788 -0.0040286 -0.00078094 0.000816771 0.0135901 0.00294167 0.00167991 -0.00143124 0.00496324 0.00486987 -0.00587278 -0.00417345 -0.0069107 -0.00219916 -0.00123831 -0.00706781 -0.0098481 0.000387129 0.0016801 -0.00165893 -0.000743909 -0.00208874 -0.00280478 0.0182407 0.0112398 0.0117383 0.00257724
internal_weight=80000 74828 65158 5172 10250 54908 12220 3185 9670 5954 4256 3716 1717 5994 2475 1037 1438 42688 3519 1011 4237 2553 25472 8141 17331 11220 1069 2116 1999 1457
internal_count=80000 74828 65158 5172 10250 54908 12220 3185 9670 5954 4256 3716 1717 5994 2475 1037 1438 42688 3519 1011 4237 2553 25472 8141 17331 11220 1069 2116 1999 1457
is_linear=0
shrinkage=0.05


Tree=77
num_leaves=31
num_cat=0
split_feature=5 7 2 0 7 7 2 6 7 11 11 11 7 11 11 11 11 3 11 0 7 11 6 11 7 7 7 11 11 3
split_gain=5.83291 1.51908 2.08393 1.36041 1.32538 0.911189 0.863383 1.63508 1.14962 1.29682 1.37599 0.91869 0.922868 0.819498 1.44875 0.813097 1.00815 1.07138 0.812385 0.678577 0.670262 0.6631 0.584917 1.06762 0.542626 0.531431 0.528077 0.56448 0.526445 0.524689
threshold=1.0000000180025095e-35 2.6953666459056533 1.0000000180025095e-35 4.5000000000000009 -1.4933674964230172 -0.99470866995531859 1.5000000000000002 3.5000000000000004 1.498585462383176 101.79801150000002 101.79803650000001 101.79824050000002 1.0000000180025095e-35 101.79807250000002 101.79822850000001 101.79816050000001 101.79831550000002 1.5000000000000002 101.79777150000001 2.5000000000000004 1.8975125235573351 101.79797650000002 2.5000000000000004 101.79851150000002 1.2991219317960965 0.40153604415423816 -1.8922945575971761 101.79814450000002 101.79800750000001 4.5000000000000009
decision_type=2 2 2 2 2 2 2 2 2 2 2 2 2 2 2 2 2 2 2 2 2 2 2 2 2 2 2 2 2 2
left_child=4 3 13 5 29 21 7 8 15 -10 -11 12 28 -3 -15 -7 17 -17 -8 -6 -12 -2 23 24 -5 -14 -23 -28 -9 -1
right_child=1 2 -4 22 19 6 18 11 9 10 20 -13 25 14 -16 16 -18 -19 -20 -21 -22 26 -24 -25 -26 -27 27 -29 -30 -31
leaf_value=-0.0020968989687745738 0.00033731818664831179 0.012296866229601248 0.0014098463330431573 0.0022626114525404117 -0.00040899450913702234 0.00050543753032236162 -0.00057291909153168248 0.0033138326696542891 0.00040186187240528006 0.0090631498232550661 0.0008127799072879194 0.0069894719462758083 -0.0018200354051971979 0.00078766286650209431 0.0097858807107863537 0.00032822575922309056 0.0032025374715420707 -0.0031874489098031953 0.00051342317507930375 -5.860466224824198e-05 0.0032754467606215636 0.00067725883527546471 6.9352691888454837e-05 0.0068073880561175153 0.0009372658359719934 0.0021463741396381313 -0.0076194158218154317 -0.0024339211586999745 0.0096221586306874628 -0.00060968985359864919
leaf_weight=1271 239 52 836 1512 23123 2965 2718 79 1389 78 491 124 106 92 87 373 118 517 4691 34336 632 67 617 101 1579 414 84 140 57 1112
leaf_count=1271 239 52 836 1512 23123 2965 2718 79 1389 78 491 124 106 92 87 373 118 517 4691 34336 632 67 617 101 1579 414 84 140 57 1112
internal_value=2.59832e-07 0.000735866 0.00257177 0.000633245 -0.000247533 0.000422519 0.000495703 0.000879928 0.000622686 0.00144227 0.00264541 0.00304403 0.0022973 0.00677439 0.00516412 8.83752e-05 -0.00113833 -0.00171415 0.000114895 -0.000199611 0.00219888 -0.0016142 0.00147866 0.00175106 0.00158563 0.00133764 -0.00321656 -0.00438101 0.00596289 -0.00140296
internal_weight=80000 20158 1067 19091 59842 15282 14752 7343 6563 2590 1201 780 656 231 179 3973 1008 890 7409 57459 1123 530 3809 3192 3091 520 291 224 136 2383
internal_count=80000 20158 1067 19091 59842 15282 14752 7343 6563 2590 1201 780 656 231 179 3973 1008 890 7409 57459 1123 530 3809 3192 3091 520 291 224 136 2383
is_linear=0
shrinkage=0.05


Tree=78
num_leaves=31
num_cat=0
split_feature=5 1 7 1 7 7 6 7 1 6 11 10 6 11 11 7 10 7 10 10 6 10 7 10 7 11 10 11 7 11
split_gain=5.26437 2.19393 1.87707 1.36362 1.19616 0.810377 1.44424 1.02806 0.713661 0.654953 0.653016 0.641617 0.825159 0.995586 1.20622 4.04372 1.82572 1.1064 0.745815 0.721179 0.630103 0.698277 0.593467 0.992174 0.578403 1.00818 0.994688 0.786475 0.738348 0.652787
threshold=1.0000000180025095e-35 1.5000000000000002 2.495903115318574 2.5000000000000004 -1.4933674964230172 -0.49604984348761971 3.5000000000000004 -0.79524513936823904 1.5000000000000002 2.5000000000000004 101.79816450000001 3.0437625000000006 2.5000000000000004 101.79618350000001 101.79815250000001 1.0000000180025095e-35 3.0452895000000004 0.20207251356715863 3.0447765000000007 3.0469165000000005 1.5000000000000002 3.0447035000000002 2.8948301764927331 3.0466735000000003 1.498585462383176 101.79604950000001 3.0477175000000005 101.79526350000002 0.70073134003485771 101.79827250000001
decision_type=2 2 2 2 2 2 2 2 2 2 2 2 2 2 2 2 2 2 2 2 2 2 2 2 2 2 2 2 2 2
left_child=4 10 5 22 -1 6 7 -3 9 -6 -2 -7 24 18 15 -15 -17 -16 -14 -19 -9 -22 23 -4 25 28 27 -26 -13 -29
right_child=1 2 3 -5 8 11 -8 20 -10 -11 -12 12 13 14 17 16 -18 19 -20 -21 21 -23 -24 -25 26 -27 -28 29 -30 -31
leaf_value=-0.0013328218172149512 -0.00030803656637036638 -0.00023101251583594812 0.0066276280781776683 0.0017972889638737867 -0.00031646001666455468 0.0017098941415013933 0.0054732907243887213 -0.00061692897873899641 -4.5876392719327841e-05 -0.0012054034533511403 0.00060654737447667182 0.0023744646857846922 -0.0024144638705768514 0.018806053338940622 -0.0034740849224631845 -0.0020869464069587364 0.0097286914994417495 0.00057654226067709599 0.0019170791625630745 0.0069411030684191563 -0.0024699090626725353 -0.010220749540403825 0.0081694211182465042 -0.00019468680853251279 -0.00073955640713118471 -0.00050863838709004183 0.0060683972248070607 0.0016798692049010738 0.00034689147420078535 -0.0022992244746628215
leaf_weight=2383 4817 477 140 637 20657 2735 85 63 34499 2303 3281 696 141 52 74 85 53 88 336 90 52 66 141 86 511 2107 101 1870 1265 109
leaf_count=2383 4817 477 140 637 20657 2735 85 63 34499 2303 3281 696 141 52 74 85 53 88 336 90 52 66 141 86 511 2107 101 1870 1265 109
internal_value=2.50385e-07 0.000699088 0.00112652 0.00319642 -0.000235156 0.000938528 -0.000656225 -0.00144874 -0.000189631 -0.00040563 6.25208e-05 0.00105343 0.00081648 0.00222086 0.00393021 0.00693735 0.0024547 0.00166108 0.000636448 0.00379667 -0.004656 -0.00681011 0.00562374 0.00403259 0.000622632 0.000250723 0.00120652 0.00100907 0.0010666 0.0014606
internal_weight=80000 20158 12060 1004 59842 11056 743 658 57459 22960 8098 10313 7578 919 442 190 138 252 477 178 181 118 367 226 6659 4068 2591 2490 1961 1979
internal_count=80000 20158 12060 1004 59842 11056 743 658 57459 22960 8098 10313 7578 919 442 190 138 252 477 178 181 118 367 226 6659 4068 2591 2490 1961 1979
is_linear=0
shrinkage=0.05


Tree=79
num_leaves=31
num_cat=0
split_feature=8 8 8 7 6 2 8 4 6 8 6 2 10 2 6 10 6 6 8 2 2 2 10 4 7 2 4 6 6 6
split_gain=230.135 53.4253 15.4732 12.9041 10.7844 10.5878 10.135 10.7431 9.10806 7.30131 12.7679 8.99237 5.74571 5.32469 5.13273 6.62025 5.03344 4.37009 11.7645 8.33494 4.96395 4.15049 3.99393 3.86329 3.81137 3.42728 4.70693 3.36573 3.33657 3.24181
threshold=-1.4878045469189034 -1.083934905952163 -1.6739998374475167 0.70073134003485771 1.0000000180025095e-35 1.0000000180025095e-35 -0.67604666159271909 1.0000000180025095e-35 1.0000000180025095e-35 0.039264742308572111 2.5000000000000004 3.5000000000000004 3.0475565000000002 1.0000000180025095e-35 1.0000000180025095e-35 3.0453275000000004 2.5000000000000004 1.0000000180025095e-35 0.47126460702423967 1.0000000180025095e-35 1.0000000180025095e-35 1.5000000000000002 3.0446335000000002 1.0000000180025095e-35 -0.99470866995531859 1.0000000180025095e-35 1.0000000180025095e-35 1.0000000180025095e-35 1.0000000180025095e-35 2.5000000000000004
decision_type=2 2 2 2 2 2 2 2 2 2 2 2 2 2 2 2 2 2 2 2 2 2 2 2 2 2 2 2 2 2
left_child=2 4 5 9 -2 14 21 13 -4 10 11 -3 16 -8 -1 22 -7 18 19 -11 -19 28 -16 -12 -10 26 -20 -15 -5 -6
right_child=1 3 8 6 29 12 7 -9 24 17 23 -13 -14 27 15 -17 -18 20 25 -21 -22 -23 -24 -25 -26 -27 -28 -29 -30 -31
leaf_value=0.030602280583364949 0.0046409234485843475 5.4971781054461084e-05 0.012298289752276564 -0.00086617582053210402 0.0022499076496068321 0.01705906190054619 -0.0084286961793406927 -0.0005362163742492819 0.0019239852098871463 0.008360578259198179 -0.0031587170896366593 0.0032832503470334902 0.0063608724246849851 -0.0035729097684665603 0.018743788736933893 0.01360366823180356 0.010218042293631813 -0.0042571992125093753 -0.0040440330110322097 -0.00059081269063595036 -0.0016374196165452153 0.001012614972290275 0.036845124091811975 -0.00049258824356024778 0.0072867067059776639 -0.00088187005337768518 -0.0005182913327594677 -0.0069727876054713122 -0.0063557489147131581 -0.00026638446584411306
leaf_weight=90 4270 11317 892 823 3315 498 935 1800 403 566 3525 2665 402 3518 65 313 586 2181 2201 481 10577 1883 58 2211 1865 17479 1661 918 417 2085
leaf_count=90 4270 11317 892 823 3315 498 935 1800 403 566 3525 2665 402 3518 65 313 586 2181 2201 481 10577 1883 58 2211 1865 17479 1661 918 417 2085
internal_value=2.40642e-07 -0.000704804 0.0102006 -0.00121949 0.0027632 0.0136281 -0.00284392 -0.00387925 0.00801788 -0.000914697 -0.000144621 0.000670308 0.0114687 -0.00499958 0.0197253 0.0174736 0.0133622 -0.00134673 -0.000925843 0.00424858 -0.0020853 -0.000466548 0.0273024 -0.00213106 0.00633393 -0.00117972 -0.00252771 -0.00427663 -0.00271263 0.00127835
internal_weight=80000 74828 5172 65158 9670 2012 10294 7171 3160 54864 19718 13982 1486 5371 526 436 1084 35146 22388 1047 12758 3123 123 5736 2268 21341 3862 4436 1240 5400
internal_count=80000 74828 5172 65158 9670 2012 10294 7171 3160 54864 19718 13982 1486 5371 526 436 1084 35146 22388 1047 12758 3123 123 5736 2268 21341 3862 4436 1240 5400
is_linear=0
shrinkage=0.05


Tree=80
num_leaves=31
num_cat=0
split_feature=7 2 7 7 7 10 11 10 10 1 10 11 11 10 3 7 10 10 7 10 3 3 11 11 7 7 7 2 7 10
split_gain=3.05009 1.75007 2.34044 1.41427 0.976407 1.44093 1.0829 0.945226 0.999814 0.893082 0.870097 0.722372 1.53953 0.703153 0.702155 0.647853 0.601151 0.548586 0.680071 0.517243 0.493909 0.487283 0.484977 0.862989 0.790466 0.446979 0.39839 0.390907 0.385335 0.376885
threshold=1.0996584012090167 1.0000000180025095e-35 1.8975125235573351 -1.194172200542398 2.8948301764927331 3.0467765000000004 101.79828350000001 3.0454655000000002 3.0451795000000006 1.5000000000000002 3.0445965000000004 101.79809650000001 101.79815650000002 3.0476395000000003 1.0000000180025095e-35 2.0969760541444149 3.0443075000000004 3.0464335000000005 2.3961713500250346 3.0467085000000007 1.0000000180025095e-35 4.5000000000000009 101.79811250000002 101.79814050000002 1.3988536970896364 2.1967078194379543 2.6953666459056533 3.5000000000000004 -1.5930992617165571 3.0439695000000007
decision_type=2 2 2 2 2 2 2 2 2 2 2 2 2 2 2 2 2 2 2 2 2 2 2 2 2 2 2 2 2 2
left_child=3 2 11 21 5 7 25 8 10 -5 16 14 22 20 -2 -9 -4 18 -17 -6 -3 28 -13 24 -24 -7 -22 -23 -1 -11
right_child=1 13 4 9 19 6 -8 15 -10 29 -12 12 -14 -15 -16 17 -18 -19 -20 -21 26 27 23 -25 -26 -27 -28 -29 -30 -31
leaf_value=-0.0019929343967821076 0.0066993772094506403 0.0014955285048208534 0.0040889184361352533 -0.00029183240678556466 0.0050778382477314936 0.00074476468306715782 0.0039401506351292347 0.010080939443359518 -0.0035874795026973518 0.00034137497404195216 0.0072489699574576211 -0.0072943799500961651 0.0010030495334224755 -0.00036865678898980272 0.0014383446006107602 0.0028026958740740584 -0.0030622648562261922 0.00055259796130859441 0.010503819861608914 0.011212325352747706 0.0003383515758435235 -0.00069833632610184077 -0.0038903860371777344 -0.0070110973553381825 0.0046583997971376577 -0.0046455690495701514 0.0017742016098969073 0.00077401541214735733 -0.00084373404113324997 -7.7483440238058749e-06
leaf_weight=1241 77 1431 71 24909 81 65 114 97 52 10952 112 65 777 2134 358 55 50 50 60 60 5557 2229 53 60 55 94 529 565 1770 26277
leaf_count=1241 77 1431 71 24909 81 65 114 97 52 10952 112 65 777 2134 358 55 50 50 60 60 5557 2229 53 60 55 94 529 565 1770 26277
internal_value=2.36853e-07 0.000733116 0.00193956 -0.000129819 0.00385167 0.00319006 0.000223022 0.00467055 0.00267627 -6.00938e-05 0.00407513 0.000667726 -6.59964e-05 0.000432332 0.00237093 0.00683805 0.0011338 0.00492667 0.00682631 0.00769435 0.000659727 -0.000876159 -0.00362991 -0.00220862 0.000463444 -0.00244289 0.000463184 -0.000400582 -0.00131743 9.49571e-05
internal_weight=80000 12057 2406 67943 961 820 273 547 285 62138 233 1445 1010 9651 435 262 121 165 115 141 7517 5805 233 168 108 159 6086 2794 3011 37229
internal_count=80000 12057 2406 67943 961 820 273 547 285 62138 233 1445 1010 9651 435 262 121 165 115 141 7517 5805 233 168 108 159 6086 2794 3011 37229
is_linear=0
shrinkage=0.05


Tree=81
num_leaves=31
num_cat=0
split_feature=8 8 5 8 8 1 1 6 1 8 6 6 6 8 8 1 6 6 8 1 6 6 8 0 8 8 0 6 0 0
split_gain=207.553 43.8231 27.5466 26.7946 25.6767 19.6155 12.2362 12.0542 11.7614 10.2791 10.1831 9.20171 8.67575 8.23911 6.2837 7.41046 6.22923 5.89463 4.80034 4.23841 4.12395 4.11111 11.9989 7.40429 4.63414 4.31065 5.93654 4.1027 3.82793 3.79575
threshold=-1.286204610051592 -1.5353580203992327 1.0000000180025095e-35 -0.73900478141174653 -0.26480958107268832 1.5000000000000002 1.5000000000000002 1.0000000180025095e-35 1.5000000000000002 -1.1107255952368555 2.5000000000000004 2.5000000000000004 1.0000000180025095e-35 -1.700120759500092 0.47126460702423967 1.5000000000000002 2.5000000000000004 3.5000000000000004 -0.64925597230802645 1.5000000000000002 2.5000000000000004 1.0000000180025095e-35 0.54895760594984822 2.5000000000000004 0.066055431593264671 0.19799957632037568 4.5000000000000009 3.5000000000000004 2.5000000000000004 2.5000000000000004
decision_type=2 2 2 2 2 2 2 2 2 2 2 2 2 2 2 2 2 2 2 2 2 2 2 2 2 2 2 2 2 2
left_child=1 5 4 7 6 -1 9 -4 -3 -2 18 13 14 -7 -5 -16 -10 -12 -8 -6 -9 22 23 -21 -25 26 -23 -13 -20 -24
right_child=2 8 3 12 19 11 10 20 16 -11 17 27 -14 -15 15 -17 -18 -19 28 21 -22 25 29 24 -26 -27 -28 -29 -30 -31
leaf_value=0.0062731053476309008 0.0051170244736080308 0.0011236170230882606 0.0015743183082819066 -0.0031211665390656214 -0.00047981067548757907 0.020813424550644763 0.0051658066092771741 -0.0017444621113394806 0.0069249484885045877 -0.0013083868839824792 -0.0016149127804277299 0.0068268674248202522 -0.0080671173279739192 0.01315496883754985 -0.0026211860759881192 -0.010991293088167528 0.0017803643412061564 0.0031408181805792005 -0.00052930749516390643 -0.0021648464741609529 -0.0057922020813864321 -0.0023715924790859363 -0.00044139285557989673 0.0016599396250589441 0.0067992401192017854 -0.0031659296043167733 0.0016446982534555517 0.013159450403479642 0.0035651946722795647 -0.0022077112153134847
leaf_weight=1598 717 2270 3050 3754 17412 526 3022 2431 2631 4715 1782 577 1913 1060 459 624 758 1027 845 696 849 2818 4709 999 782 5801 1366 460 1759 8590
leaf_count=1598 717 2270 3050 3754 17412 526 3022 2431 2631 4715 1782 577 1913 1060 459 624 758 1027 845 696 849 2818 4709 999 782 5801 1366 460 1759 8590
internal_value=2.27577e-07 0.00678492 -0.000955753 -0.00302526 -0.000481183 0.0106406 0.00139063 -0.000688345 0.00390886 -0.000460182 0.00258252 0.013301 -0.00521673 0.0156961 -0.00408927 -0.00744442 0.00577437 0.000123882 0.00381006 -0.00108241 -0.00279233 -0.0014897 -0.000987179 0.0022079 0.00391675 -0.00228365 -0.00106034 0.00963692 0.00223656 -0.00158229
internal_weight=80000 9880 70120 13080 57040 4221 13867 6330 5659 5432 8435 2623 6750 1586 4837 1083 3389 2809 5626 43173 3280 25761 15776 2477 1781 9985 4184 1037 2604 13299
internal_count=80000 9880 70120 13080 57040 4221 13867 6330 5659 5432 8435 2623 6750 1586 4837 1083 3389 2809 5626 43173 3280 25761 15776 2477 1781 9985 4184 1037 2604 13299
is_linear=0
shrinkage=0.05


Tree=82
num_leaves=31
num_cat=0
split_feature=8 8 1 8 6 3 8 6 6 6 6 1 8 1 6 0 1 6 6 11 8 11 8 8 1 0 6 8 10 11
split_gain=187.929 43.8462 19.9231 10.4906 7.95802 7.13172 7.7899 7.22267 6.94143 6.84521 5.31651 5.17551 4.86947 5.05031 3.9744 3.56489 3.11681 3.80386 2.9043 5.24912 2.75405 2.84883 2.73395 2.48842 7.89772 4.2438 3.71991 8.77356 2.45634 2.17953
threshold=-1.4878045469189034 -1.1375162845215483 1.5000000000000002 -1.700120759500092 1.0000000180025095e-35 4.5000000000000009 -0.73900478141174653 1.0000000180025095e-35 2.5000000000000004 2.5000000000000004 2.5000000000000004 1.5000000000000002 -0.17506077196896827 1.5000000000000002 3.5000000000000004 2.5000000000000004 1.5000000000000002 2.5000000000000004 1.0000000180025095e-35 101.79808850000002 -1.5835812611116793 101.79826850000002 -1.6739998374475167 0.29712512667373797 1.5000000000000002 2.5000000000000004 1.0000000180025095e-35 0.51747854604033428 3.0447385000000007 101.79747550000002
decision_type=2 2 2 2 2 2 2 2 2 2 2 2 2 2 2 2 2 2 2 2 2 2 2 2 2 2 2 2 2 2
left_child=2 4 22 9 11 6 7 15 20 18 23 -2 13 -7 28 -3 -6 -18 19 -4 21 -5 -1 -8 -25 -26 27 -27 29 -10
right_child=1 5 3 8 16 12 10 -9 14 -11 -12 -13 -14 -15 -16 -17 17 -19 -20 -21 -22 -23 -24 24 25 26 -28 -29 -30 -31
leaf_value=0.0076577398705738632 0.0022228745687575373 -0.00028085382068069068 0.016709891020726529 0.012997898937902291 -0.00021012232258111683 -0.00086414627392654311 -0.0010545952734059135 -0.0012075411962853264 0.00062186128387250593 0.011764809559032927 -0.0037930907546359542 0.0060222442846341526 -0.00071926325979628631 0.0024589651213063092 0.0092578490061591984 0.003281177699554016 0.0038621689076199436 0.00011232606009217812 0.017645487436761951 0.036948984985753483 0.0096536654381459211 0.024915682146842921 0.0038360990166472451 -0.0007295575553576901 -0.0014733984569849543 0.0033814620559067957 -0.0055415291976885356 -0.0034727942689457775 -0.0021978587326462115 0.013206112139876906
leaf_weight=755 1504 1126 68 575 1843 1938 14427 4652 73 543 2874 2219 16901 2788 327 1867 1766 1096 397 61 830 55 1232 8201 4149 512 1677 5288 191 65
leaf_count=755 1504 1126 68 575 1843 1938 14427 4652 73 543 2874 2219 16901 2788 327 1867 1766 1096 397 61 830 55 1232 8201 4149 512 1677 5288 191 65
internal_value=2.1946e-07 -0.000636902 0.00921786 0.011669 0.00276031 -0.00106811 -0.00142825 2.51684e-05 0.0096285 0.0157067 -0.00172752 0.00448749 -0.000322526 0.00109626 0.00535499 0.00194114 0.00139356 0.00242622 0.019773 0.0263015 0.0115481 0.0140421 0.00528852 -0.0015542 -0.00191773 -0.00275585 -0.00346746 -0.00286768 0.00147422 0.0065545
internal_weight=80000 74828 5172 3185 8428 66400 44773 7645 2116 1069 37128 3723 21627 4726 656 2993 4705 2862 526 129 1460 630 1987 34254 19827 11626 7477 5800 329 138
internal_count=80000 74828 5172 3185 8428 66400 44773 7645 2116 1069 37128 3723 21627 4726 656 2993 4705 2862 526 129 1460 630 1987 34254 19827 11626 7477 5800 329 138
is_linear=0
shrinkage=0.05


Tree=83
num_leaves=31
num_cat=0
split_feature=8 8 5 8 8 1 6 8 1 1 7 6 6 7 4 8 1 7 1 6 8 1 6 8 1 6 8 1 8 2
split_gain=170.189 31.6734 25.4718 26.1588 24.3394 16.1584 10.7726 10.1178 10.5341 8.69715 7.93479 7.70559 6.50028 6.41367 5.70753 5.67099 6.84131 4.5101 3.52216 3.63386 5.67745 5.92579 6.93564 6.17586 5.02006 4.26907 3.45817 3.39464 3.25952 3.18905
threshold=-1.3237115750501616 -1.568176614772981 1.0000000180025095e-35 -1.0156186482761971 -0.73900478141174653 1.5000000000000002 1.0000000180025095e-35 -0.23801889178799587 1.5000000000000002 1.5000000000000002 1.6980489929702556 1.0000000180025095e-35 1.0000000180025095e-35 -1.2939039658359379 1.0000000180025095e-35 0.61325526023311017 1.5000000000000002 -1.194172200542398 1.5000000000000002 2.5000000000000004 0.39692044425921785 3.5000000000000004 1.0000000180025095e-35 0.092846120877957211 3.5000000000000004 1.0000000180025095e-35 -1.700120759500092 2.5000000000000004 0.11963681016264981 1.0000000180025095e-35
decision_type=2 2 2 2 2 2 2 2 2 2 2 2 2 2 2 2 2 2 2 2 2 2 2 2 2 2 2 2 2 2
left_child=1 5 3 -2 6 -1 -4 8 -5 -3 14 15 -11 -10 26 -6 -17 -8 -9 20 21 22 23 -20 25 -22 27 -7 -24 -13
right_child=2 9 4 7 11 10 17 18 13 12 -12 29 -14 -15 -16 16 -18 -19 19 -21 24 -23 28 -25 -26 -27 -28 -29 -30 -31
leaf_value=0.0058241941848183746 0.0039721487649719955 0.001605278566737034 0.0013746941472180401 -0.0011857579849082116 -0.0030895399852085238 0.018108088013542294 -0.012061358536654181 -0.00042085540908070609 -0.0014396334762259511 0.0084793676652670652 0.020198197612243909 -0.01218784463255192 0.0038826444334570083 0.002612680597008186 -1.7417733659774333e-05 -0.0024517320245128647 -0.011976447385400569 -0.0022444255170486131 0.0016485924180372085 -0.003937566377903475 -0.0018252377253597616 -0.0021351719396886788 0.0014184630081306047 0.0087248157302268464 -0.00053859684656037932 -0.0042404531691570685 0.010034218474097438 0.011859279788594053 -0.0017271743355603969 -0.0066751329302835631
leaf_weight=1355 3290 2153 3329 4483 4072 366 121 17216 1176 1278 308 314 1932 5752 101 337 428 3459 952 1285 8872 2211 1553 456 6085 2305 921 538 1753 1599
leaf_count=1355 3290 2153 3329 4483 4072 366 121 17216 1176 1278 308 314 1932 5752 101 337 428 3459 952 1285 8872 2211 1553 456 6085 2305 921 538 1753 1599
internal_value=2.18794e-07 0.00649708 -0.000818389 -0.000356518 -0.00275895 0.0101326 -0.000672711 -0.00061977 0.00070277 0.00406397 0.0127455 -0.00489429 0.00571295 0.00192481 0.0115527 -0.00383174 -0.00778146 -0.00257655 -0.000973301 -0.00134669 -0.00120902 4.3901e-07 0.00100213 0.00394078 -0.00169422 -0.00232335 0.012193 0.0143909 -0.000249507 -0.00758058
internal_weight=80000 8952 71048 57389 13659 3589 6909 54099 11411 5363 2234 6750 3210 6928 1926 4837 765 3580 42688 25472 24187 6925 4714 1408 17262 11177 1825 904 3306 1913
internal_count=80000 8952 71048 57389 13659 3589 6909 54099 11411 5363 2234 6750 3210 6928 1926 4837 765 3580 42688 25472 24187 6925 4714 1408 17262 11177 1825 904 3306 1913
is_linear=0
shrinkage=0.05


Tree=84
num_leaves=31
num_cat=0
split_feature=5 9 9 0 11 3 11 11 11 11 3 11 11 11 11 11 11 11 11 3 11 11 11 3 11 11 11 3 11 11
split_gain=1.74074 1.23489 0.929397 0.456957 0.358208 0.432078 0.3164 0.540305 0.306055 0.210285 0.513569 0.356547 0.699723 0.543993 0.34279 0.555658 0.416619 0.324268 0.27518 0.339994 0.909828 0.47289 1.10601 0.668459 0.298481 0.990527 0.260749 0.241501 0.230423 0.23016
threshold=1.0000000180025095e-35 -1.117930881447166 0.45124090117685461 4.5000000000000009 101.79539250000002 2.5000000000000004 101.79492050000002 101.79526350000002 101.79528450000002 101.79760550000002 1.5000000000000002 101.79828350000001 101.79807650000002 101.79777150000001 101.79799150000001 101.79807650000002 101.79816450000001 101.79832750000001 101.79736350000002 1.5000000000000002 101.79573150000002 101.79609350000001 101.79624850000002 2.5000000000000004 101.79589850000001 101.79602750000002 101.79844450000002 3.5000000000000004 101.79577550000002 101.79596250000002
decision_type=2 2 2 2 2 2 2 2 2 2 2 2 2 2 2 2 2 2 2 2 2 2 2 2 2 2 2 2 2 2
left_child=2 -2 -1 -3 5 8 -7 -8 -5 18 11 12 13 -11 27 -16 -17 -18 19 20 -6 23 -23 28 -22 -26 -13 -12 -21 -25
right_child=1 3 -4 4 9 6 7 -9 -10 10 14 26 -14 -15 15 16 17 -19 -20 21 24 22 -24 29 25 -27 -28 -29 -30 -31
leaf_value=-0.00029513408191090434 -0.00037288763605998861 0.00044577288792537102 0.00010754671436292561 -0.000506060051551758 0.0056662662940478413 0.0049802679147592371 -0.0010480782475107604 0.0046870169228202503 -0.0044344827728172642 -0.0038405275960306118 -0.00088476121509413897 0.0035925455061710369 -0.0057446992657042562 0.0018638871070447316 0.006873021935873639 -0.00216037530492197 0.0051504104455163272 0.0013949985657889345 0.0030867716372131311 -0.0015778639527307004 -0.0016674597055820696 0.0067465580059484186 0.0008647061398980437 0.00011740927128911492 0.0072269871560972964 0.0010071667354808987 -0.0008007535386113546 0.0026712551782374057 -0.0058642607134989071 0.0037608592451019158
leaf_weight=36068 4096 12049 23774 308 148 53 140 58 59 64 179 66 79 120 60 59 80 204 252 67 73 90 708 258 72 571 69 65 59 52
leaf_count=36068 4096 12049 23774 308 148 53 140 58 59 64 179 66 79 120 60 59 80 204 252 67 73 90 708 258 72 571 69 65 59 52
internal_value=2.0983e-07 0.000402066 -0.000135157 0.000599689 0.0010618 -4.54019e-05 0.0015529 0.000633417 -0.00113864 0.00126334 0.000673141 -0.000740004 -0.00181198 -0.000121265 0.00154241 0.00243775 0.00166013 0.0024543 0.00152575 0.00133811 0.00209876 0.000805409 0.00152884 -0.000518708 0.00136066 0.00170465 0.00134815 6.32445e-05 -0.00358805 0.000729584
internal_weight=80000 20158 59842 16062 4013 618 251 198 367 3395 1045 398 263 184 647 403 343 284 2350 2098 864 1234 798 436 716 643 135 244 126 310
internal_count=80000 20158 59842 16062 4013 618 251 198 367 3395 1045 398 263 184 647 403 343 284 2350 2098 864 1234 798 436 716 643 135 244 126 310
is_linear=0
shrinkage=0.05


Tree=85
num_leaves=31
num_cat=0
split_feature=8 8 5 9 5 8 2 9 8 8 8 5 8 3 9 8 11 9 8 2 9 9 8 8 8 8 9 9 3 8
split_gain=153.616 27.4908 32.4283 21.3603 12.9474 12.2971 9.85967 8.96122 9.68617 7.82191 7.72236 6.954 5.76722 5.6272 4.96421 4.28998 3.77755 3.2695 3.04519 5.10928 4.38562 2.68117 3.0236 2.55521 2.48213 2.31744 4.74809 3.4113 3.20206 2.17975
threshold=-1.4308743321889319 -0.90845589113742709 1.0000000180025095e-35 0.45124090117685461 1.0000000180025095e-35 -1.5835812611116793 1.0000000180025095e-35 -1.117930881447166 -1.1375162845215483 -0.16233519455873927 -0.55749786150795455 1.0000000180025095e-35 -1.6472091481628242 4.5000000000000009 0.45124090117685461 0.47126460702423967 101.79825650000002 1.0000000180025095e-35 -1.2111906800544525 3.5000000000000004 -1.117930881447166 0.45124090117685461 -1.0444186392572414 -0.6619815497182554 -1.5025394260254843 0.39692044425921785 0.45124090117685461 0.45124090117685461 4.5000000000000009 -1.700120759500092
decision_type=2 2 2 2 2 2 2 2 2 2 2 2 2 2 2 2 2 2 2 2 2 2 2 2 2 2 2 2 2 2
left_child=3 4 9 11 7 13 15 8 -2 14 16 24 -13 29 -3 -4 -8 -11 19 -6 -20 -9 -23 -18 -1 27 -27 -19 -28 -5
right_child=1 2 6 5 18 -7 10 21 -10 17 -12 12 -14 -15 -16 -17 23 25 20 -21 -22 22 -24 -25 -26 26 28 -29 -30 -31
leaf_value=0.0028903647901512997 0.003887152562335584 -0.00033761724678765402 -0.0067941189948775727 0.016601088789004344 0.00014303172883355059 0.007280927799203335 -0.0020306299644971596 0.0030424908063821244 -0.0057866874403669933 -0.00040395507802643482 -0.0045635833205026656 0.0091466093065928587 0.0044502654616349717 -0.00094955350379281357 0.0017668898789807508 -0.015881049744707276 0.0052472996439799089 -0.0021326721136745203 0.0025463553839655331 0.0049621969637944959 -0.0018651319177114001 0.0067020433207263773 0.0027207967359233298 -0.0021806955866384482 -0.0027677003800046411 -0.00050428771763132184 -0.0029648309962118915 0.00019355671232778446 -0.0012568795309931423 0.01256578366483789
leaf_weight=645 524 6835 1324 712 2709 1296 2334 2227 511 16609 4111 1041 1758 60 4749 144 338 2329 705 690 2803 1566 686 176 277 6111 6435 4874 4785 636
leaf_count=645 524 6835 1324 712 2709 1296 2334 2227 511 16609 4111 1041 1758 60 4749 144 338 2329 705 690 2803 1566 686 176 277 6111 6435 4874 4785 636
internal_value=2.0128e-07 -0.000647265 -0.00108284 0.00741446 0.00149726 0.0107964 -0.00396287 0.00330397 -0.000889111 -0.000622539 -0.00317727 0.00495665 0.00619719 0.0140314 0.000525159 -0.0076865 -0.00117608 -0.000945679 5.48976e-05 0.00112144 -0.000978511 0.0042729 0.00548946 0.00270393 0.00119037 -0.00131241 -0.00162569 -0.000558619 -0.00223646 0.0146983
internal_weight=80000 73575 61154 6425 12421 2704 8427 5514 1035 52727 6959 3721 2799 1408 11584 1468 2848 41143 6907 3399 3508 4479 2252 514 922 24534 17331 7203 11220 1348
internal_count=80000 73575 61154 6425 12421 2704 8427 5514 1035 52727 6959 3721 2799 1408 11584 1468 2848 41143 6907 3399 3508 4479 2252 514 922 24534 17331 7203 11220 1348
is_linear=0
shrinkage=0.05


Tree=86
num_leaves=31
num_cat=0
split_feature=8 8 5 8 8 7 8 6 6 6 5 7 0 8 0 0 6 0 8 6 7 6 8 6 8 0 6 8 8 0
split_gain=138.779 32.1336 26.4531 12.4712 11.7312 10.2772 10.7485 8.20368 7.34952 6.6791 5.75703 4.93296 4.45565 4.59085 6.96969 4.60749 4.31445 4.21679 4.31443 4.147 4.14541 3.74654 4.33944 3.06141 2.97673 2.89156 2.76025 3.1582 2.75225 3.85614
threshold=-1.4878045469189034 -1.1375162845215483 1.0000000180025095e-35 -0.54343274963349086 -0.23801889178799587 -0.59578160878115949 -1.700120759500092 2.5000000000000004 2.5000000000000004 1.0000000180025095e-35 1.0000000180025095e-35 -0.29658631290054016 2.5000000000000004 -0.032400351527980438 1.5000000000000002 1.5000000000000002 3.5000000000000004 4.5000000000000009 -0.97476284711704109 1.0000000180025095e-35 2.2964395847314942 1.0000000180025095e-35 0.74586917219233861 2.5000000000000004 -1.6472091481628242 2.5000000000000004 1.0000000180025095e-35 -0.77852104810666811 0.35606464310006175 4.5000000000000009
decision_type=2 2 2 2 2 2 2 2 2 2 2 2 2 2 2 2 2 2 2 2 2 2 2 2 2 2 2 2 2 2
left_child=5 9 4 7 8 24 20 26 17 -2 -11 -12 13 15 -15 -5 -10 -3 -19 -8 25 22 -14 28 -1 -7 27 -4 29 -6
right_child=1 2 3 12 23 6 19 -9 16 10 11 -13 21 14 -16 -17 -18 18 -20 -21 -22 -23 -24 -25 -26 -27 -28 -29 -30 -31
leaf_value=0.0062417063022546376 0.0039432889499040648 0.0011716159183712564 0.0013805222162611528 0.0025514729895009104 -0.00055184912539370983 0.0091348914399805303 0.010205305690803105 -0.0069239917685139209 -0.0020657708284556593 0.0031490167399384535 -0.0056165131776495826 0.00047959552874129351 -0.004135054044687959 -0.0097876247655283057 -0.0015871213591054174 -0.0042913560280386284 0.0011965801220919993 0.010346583835055229 0.0029518612054259086 0.0060861639527331583 0.024945246459328104 -0.0091542394030729498 -0.010475569422299245 -0.0027031507798321937 0.0014184923400759046 0.014467027040386871 -0.002504646001892246 -0.001659210326838134 -0.0010204639365852118 0.0018558574976713157
leaf_weight=706 3723 6942 1695 499 8540 407 927 658 2679 1993 387 2325 1666 506 531 485 1630 231 1348 1795 71 835 322 2169 585 681 1962 1723 29914 2065
leaf_count=706 3723 6942 1695 499 8540 407 927 658 2679 1993 387 2325 1666 506 531 485 1630 231 1348 1795 71 835 322 2169 585 681 1962 1723 29914 2065
internal_value=1.93328e-07 -0.000547312 -0.000916457 -0.00317061 -0.000474618 0.0079213 0.0092068 -0.00165448 0.000851132 0.00236097 0.00110885 -0.000390489 -0.00506039 -0.00326789 -0.00558908 -0.000821356 -0.000831696 0.00170212 0.00403426 0.0074893 0.0132395 -0.00634349 -0.00516251 -0.000873077 0.00405641 0.0124734 -0.00100987 -0.000151798 -0.000775105 -8.30087e-05
internal_weight=80000 74828 66400 10882 55518 5172 3881 6038 12830 8428 4705 2712 4844 2021 1037 984 4309 8521 1579 2722 1159 2823 1988 42688 1291 1088 5380 3418 40519 10605
internal_count=80000 74828 66400 10882 55518 5172 3881 6038 12830 8428 4705 2712 4844 2021 1037 984 4309 8521 1579 2722 1159 2823 1988 42688 1291 1088 5380 3418 40519 10605
is_linear=0
shrinkage=0.05


Tree=87
num_leaves=31
num_cat=0
split_feature=8 8 9 8 7 9 6 7 3 3 2 6 8 9 9 6 8 7 8 3 8 6 2 8 9 9 3 9 6 8
split_gain=125.827 26.5598 14.5077 10.9023 10.7579 8.74831 7.20896 7.07163 5.17604 4.96743 4.92595 4.63249 9.97939 10.3491 4.64949 4.00981 3.89866 3.88111 3.59692 3.36085 3.2112 3.18766 3.02824 2.92411 5.60936 2.75574 2.63899 2.53396 2.40655 2.38149
threshold=-1.286204610051592 -1.5353580203992327 0.45124090117685461 -0.82942335774758391 0.70073134003485771 0.45124090117685461 1.0000000180025095e-35 1.6980489929702556 4.5000000000000009 4.5000000000000009 1.0000000180025095e-35 1.0000000180025095e-35 0.58110643309147936 0.45124090117685461 0.45124090117685461 2.5000000000000004 -1.700120759500092 -0.59578160878115949 -0.62447458471968587 4.5000000000000009 -1.6043440453073161 2.5000000000000004 2.5000000000000004 0.11963681016264981 0.45124090117685461 -1.117930881447166 4.5000000000000009 -1.117930881447166 1.0000000180025095e-35 0.32525535042266529
decision_type=2 2 2 2 2 2 2 2 2 2 2 2 2 2 2 2 2 2 2 2 2 2 2 2 2 2 2 2 2 2
left_child=1 2 17 6 11 27 -2 9 10 16 29 12 13 -5 -14 -7 -4 -1 22 21 -9 23 -12 -13 -25 -19 -16 -3 -20 -6
right_child=3 5 7 4 8 15 -8 20 -10 -11 18 19 14 -15 26 -17 -18 25 28 -21 -22 -23 -24 24 -26 -27 -28 -29 -30 -31
leaf_value=0.0023461748956855951 0.0023205660548747992 -0.00047223591586534352 0.014079830682463546 -0.0003743484897084784 -0.0051409025041964668 0.0065454714713395479 -0.00032342698100562231 0.023146683212225516 -0.00030613575196137763 -0.0011402369321634374 -0.0028121424873191695 -0.00041568721888651978 -0.00025906241067820608 0.0035309433966058722 -0.0025431474887908528 0.0014582074699782599 0.0088343736065740076 0.0040682252874296582 -0.0028000238976923731 -0.00049701577701585233 0.01198714970255128 -0.0031617466484706622 0.0019573808328369586 -0.00093675396129675815 -0.0040393722270291215 0.0082878045196748823 -0.00069584508020292953 0.002414970755847054 -0.0057828405819987322 -0.010788583708807687
leaf_weight=627 4250 1153 609 3843 924 1782 6553 174 1814 89 667 4820 12939 3037 4753 495 849 572 3221 8878 103 3076 664 4060 2272 1198 3259 2229 856 234
leaf_count=627 4250 1153 609 3843 924 1782 6553 174 1814 89 667 4820 12939 3037 4753 495 849 572 3221 8878 103 3076 664 4060 2272 1198 3259 2229 856 234
internal_value=1.86096e-07 0.00528285 0.00828451 -0.000744154 -0.00101022 0.00304383 0.000716756 0.0116449 -0.00267033 0.0103262 -0.00332347 -0.0007371 -0.00030263 0.00134957 -0.000845192 0.00543966 0.0110262 0.00572706 -0.00268966 -0.00126041 0.0190029 -0.00173675 -0.000432788 -0.00134368 -0.00205006 0.0069245 -0.00179175 0.00143067 -0.00342642 -0.00628298
internal_weight=80000 9880 4221 70120 59317 5659 10803 1824 8380 1547 6566 50937 27831 6880 20951 2277 1458 2397 5408 23106 277 14228 1331 11152 6332 1770 8012 3382 4077 1158
internal_count=80000 9880 4221 70120 59317 5659 10803 1824 8380 1547 6566 50937 27831 6880 20951 2277 1458 2397 5408 23106 277 14228 1331 11152 6332 1770 8012 3382 4077 1158
is_linear=0
shrinkage=0.05


Tree=88
num_leaves=31
num_cat=0
split_feature=7 7 2 0 7 10 10 10 7 10 6 7 6 2 10 11 10 7 7 11 10 7 10 10 11 10 10 11 10 2
split_gain=2.01428 1.69087 1.34229 0.765252 0.65982 0.926195 1.32537 0.482791 0.481868 0.438668 0.437031 0.508024 0.480905 1.49031 0.72902 1.5054 0.698294 0.637665 0.52968 0.637753 0.604969 0.943942 0.498152 0.454258 0.558537 0.422539 0.769936 0.571806 0.420061 0.376869
threshold=-1.194172200542398 2.2964395847314942 1.0000000180025095e-35 4.5000000000000009 2.8948301764927331 3.0466735000000003 3.0445965000000004 3.0474155000000005 -1.6928310270100968 3.0467085000000007 1.0000000180025095e-35 1.1993901665025566 1.5000000000000002 1.0000000180025095e-35 3.0465365000000006 101.79808050000001 3.0457925000000006 1.5983172276767157 1.2991219317960965 101.79804450000002 3.0451795000000006 1.5983172276767157 3.0432425000000003 3.0457925000000006 101.79826050000001 3.0427425000000006 3.0430585000000003 101.79779750000002 3.0452175000000006 1.0000000180025095e-35
decision_type=2 2 2 2 2 2 2 2 2 2 2 2 2 2 2 2 2 2 2 2 2 2 2 2 2 2 2 2 2 2
left_child=8 3 4 10 5 6 -3 -7 -1 -6 29 -12 13 14 15 -13 -17 -16 19 -14 21 22 -20 -22 -25 27 -27 -4 -8 -2
right_child=1 2 25 -5 9 7 28 -9 -10 -11 11 12 18 -15 17 16 -18 -19 20 -21 23 -23 -24 24 -26 26 -28 -29 -30 -31
leaf_value=-0.0016485455561669905 0.00036999462265619387 -0.002007407594831462 0.0053718227053464315 0.0003552161255948204 0.004138402200996435 -0.0029066461807390727 0.010048543537708121 0.0032284370188539972 -0.00062070696437234885 0.0097858713019310737 -0.00027563334390149019 0.0089709643633609799 -2.629460282533018e-05 0.00018633595053452361 0.0040019952406552279 -0.0048287514166583528 0.0029573391356766737 0.011777506574259666 0.0015336288662824765 -0.0065993774604557534 -0.0040534721574763182 -0.00036629548601396956 0.0073208200672307796 0.00040620186041546714 -0.0043896039794219391 -0.0035840686659148004 0.0006743787728682644 0.0011507569551940881 0.0048647404922778498 -2.9436977365595229e-05
leaf_weight=1559 7856 59 102 14171 81 89 60 50 4246 60 23656 58 82 824 56 57 58 50 65 67 87 202 87 500 69 115 1364 375 113 23782
leaf_count=1559 7856 59 102 14171 81 89 60 50 4246 60 23656 58 82 824 56 57 58 50 65 67 87 202 87 500 69 115 1364 375 113 23782
internal_value=1.79827e-07 7.0358e-05 0.00135712 2.6081e-05 0.00363601 0.00252828 0.00446136 -0.000699047 -0.000896769 0.00654681 -5.49567e-05 -0.000207181 0.000508676 0.00125595 0.00441375 0.00241082 -0.000902696 0.00767733 -0.000202537 -0.00298442 0.000208115 0.00187364 0.00484867 -0.000690806 -0.000176032 0.000760445 0.000343042 0.00205431 0.00666736 6.97463e-05
internal_weight=80000 74195 2468 71727 512 371 232 139 5805 141 57556 25918 2262 1103 279 173 115 106 1159 149 1010 354 152 656 569 1956 1479 477 173 31638
internal_count=80000 74195 2468 71727 512 371 232 139 5805 141 57556 25918 2262 1103 279 173 115 106 1159 149 1010 354 152 656 569 1956 1479 477 173 31638
is_linear=0
shrinkage=0.05


Tree=89
num_leaves=31
num_cat=0
split_feature=8 8 9 8 7 7 7 8 7 3 8 1 3 8 8 1 7 9 8 8 8 9 9 7 7 8 3 3 7 1
split_gain=113.779 19.0838 17.7312 9.96529 8.67164 6.50293 5.97995 4.68142 4.16042 3.94704 5.96141 5.04377 3.47576 3.40491 3.32771 4.23844 3.00694 2.79489 3.29826 4.6707 2.75156 5.64941 3.45076 2.45961 1.95498 1.86468 2.97155 1.84709 1.84087 1.81378
threshold=-1.416809220314468 -0.90845589113742709 0.45124090117685461 -1.5835812611116793 0.70073134003485771 1.498585462383176 1.0000000180025095e-35 -1.6257765967350701 2.3961713500250346 4.5000000000000009 -0.59902342989922797 1.0000000180025095e-35 4.5000000000000009 -1.5527719684342831 -1.1736837150558832 1.5000000000000002 -1.4933674964230172 0.45124090117685461 0.61325526023311017 -0.04311662724185749 0.11963681016264981 0.45124090117685461 0.45124090117685461 -1.2939039658359379 0.40153604415423816 0.44045531434684321 4.5000000000000009 4.5000000000000009 -0.49604984348761971 2.5000000000000004
decision_type=2 2 2 2 2 2 2 2 2 2 2 2 2 2 2 2 2 2 2 2 2 2 2 2 2 2 2 2 2 2
left_child=2 14 6 5 20 12 13 -8 -5 10 11 -6 -4 -1 15 24 -17 -12 19 -19 22 -22 -3 27 -2 28 29 -24 -23 -27
right_child=1 4 3 8 9 -7 7 -9 -10 -11 17 -13 -14 -15 -16 16 -18 18 -20 -21 21 25 23 -25 -26 26 -28 -29 -30 -31
leaf_value=0.0034927409623893842 0.001973025762894166 -0.00075709229653859328 0.011235972770344667 0.0055228779978853844 0.0036480706367156969 0.019322751471822538 0.0086299080694052285 0.0039834000271374622 0.016001895641092573 -0.0002964099128977392 -0.0029693891281163611 -0.0020326541207894085 -0.0011244377507959892 -0.0013574930823172862 0.00042783636130503999 -0.0029619517876192363 0.0035173696630092116 -0.0066594722350999938 -0.0099008582211316618 -0.00087285476336326534 -0.00043555517061899464 -0.0019255973015790573 -0.0043234620046500782 0.00094076701803425065 -0.00090181601833496262 -0.003753226644378928 -0.0010468964995475625 0.0003718703170218395 0.000679055080969854 -0.0020209848338226407
leaf_weight=916 1115 11225 1086 1317 491 262 829 1567 102 1830 2909 1912 60 598 6164 189 3382 911 341 565 20337 1335 411 6747 1259 2674 4184 427 1379 3476
leaf_count=916 1115 11225 1086 1317 491 262 829 1567 102 1830 2909 1912 60 598 6164 189 3382 911 341 565 20337 1335 411 6747 1259 2674 4184 427 1379 3476
internal_value=1.73695e-07 -0.000571633 0.00621833 0.009235 -0.000930722 0.0122153 0.00403704 0.00559135 0.0062772 -0.00236783 -0.00289955 -0.00087182 0.0105888 0.00157703 0.00124186 0.00208586 0.00317437 -0.00393054 -0.00546909 -0.00444461 -0.000684045 -0.000956543 -0.0002004 0.000623446 0.000448441 -0.00176856 -0.00207488 -0.00193121 -0.000602181 -0.00277421
internal_weight=80000 73263 6737 2827 61154 1408 3910 2396 1419 8959 7129 2403 1146 1514 12109 5945 3571 4726 1817 1476 52195 33385 18810 7585 2374 13048 10334 838 2714 6150
internal_count=80000 73263 6737 2827 61154 1408 3910 2396 1419 8959 7129 2403 1146 1514 12109 5945 3571 4726 1817 1476 52195 33385 18810 7585 2374 13048 10334 838 2714 6150
is_linear=0
shrinkage=0.05


Tree=90
num_leaves=31
num_cat=0
split_feature=9 5 10 9 10 10 0 10 10 10 10 10 10 10 10 10 10 10 10 10 10 10 10 10 10 4 4 10 10 10
split_gain=1.03124 0.643733 0.378772 0.350004 0.344397 0.573381 0.325484 0.288619 0.215797 0.557393 0.412415 0.207571 0.195576 0.173427 0.172617 0.168814 0.157954 0.301521 0.158752 0.15765 0.135465 0.192023 0.132809 0.124611 0.104994 0.117166 0.0916769 0.0913956 0.14055 0.369087
threshold=-1.117930881447166 1.0000000180025095e-35 3.0480195000000005 0.45124090117685461 3.0479305000000005 3.0478575000000006 4.5000000000000009 3.0439065000000003 3.0476205000000003 3.0476875000000003 3.0475215000000007 3.0438165000000006 3.0477455000000004 3.0480035000000005 3.0437625000000006 3.0422405000000006 3.0421075000000006 3.0418255000000003 3.0472715000000004 3.0440715000000007 3.0441405000000006 3.0442375000000004 3.0480775000000002 3.0440025000000004 3.0471665000000003 1.0000000180025095e-35 1.0000000180025095e-35 3.0479495000000005 3.0471975000000007 3.0463245000000003
decision_type=2 2 2 2 2 2 2 2 2 2 2 2 2 2 2 2 2 2 2 2 2 2 2 2 2 2 2 2 2 2
left_child=26 3 4 24 5 6 8 11 10 -10 16 14 -11 27 15 -8 17 -3 -18 23 -21 -22 -15 -9 -2 -26 -1 28 29 -5
right_child=1 2 -4 13 -6 -7 7 19 9 12 -12 -13 -14 22 -16 -17 18 -19 -20 20 21 -23 -24 -25 25 -27 -28 -29 -30 -31
leaf_value=-0.0004330656023143238 -0.00016302515431550451 4.9333670692840658e-05 0.0042613835175988081 0.0001643348788182152 -0.0027866542787610819 0.0052003610045412854 0.00036521927402545837 -0.00039512183013838144 0.0062897263587257633 -0.0021863507335708834 -0.0026916613632135601 0.0028919345047833818 0.0015784488499700937 0.002102499553304573 -0.0016146245241143908 0.0011435516639863974 0.00011160014517523319 0.0017050650610088147 0.00099431773385465975 0.0020103550295625591 -0.0014429530257421604 0.001041712041090797 -0.00039187163267647243 -0.0028670971616923308 -7.5054521806978774e-05 0.00083052505597307571 -0.00016717234526877239 -0.0012015515373236601 0.0005120014737900417 -0.00048348028326696186
leaf_weight=11530 22603 620 62 18732 87 61 1026 132 52 52 123 128 102 191 70 2171 9859 494 537 92 152 159 74 83 948 573 4510 130 2156 2491
leaf_count=11530 22603 620 62 18732 87 61 1026 132 52 52 123 128 102 191 70 2171 9859 494 537 92 152 159 74 83 948 573 4510 130 2156 2491
internal_value=1.67286e-07 9.00661e-05 0.000363987 -1.79057e-06 0.000348858 0.000366018 0.000347383 0.000736526 0.000215472 0.00181924 0.000187056 0.000917436 0.000306624 0.00013436 0.00083999 0.000893784 0.000217843 0.00078365 0.000157206 -0.000257296 0.000326016 -0.000172731 0.00140607 -0.00135031 -0.000135966 0.000266133 -0.000358305 0.000120019 0.000127373 8.82972e-05
internal_weight=80000 63960 16062 47898 16000 15913 15852 4013 11839 206 11633 3395 154 23774 3267 3197 11510 1114 10396 618 403 311 265 215 24124 1521 16040 23509 23379 21223
internal_count=80000 63960 16062 47898 16000 15913 15852 4013 11839 206 11633 3395 154 23774 3267 3197 11510 1114 10396 618 403 311 265 215 24124 1521 16040 23509 23379 21223
is_linear=0
shrinkage=0.05


Tree=91
num_leaves=31
num_cat=0
split_feature=7 7 9 4 9 11 11 7 11 11 10 10 10 10 11 10 11 10 7 10 0 11 10 10 1 7 11 10 10 10
split_gain=1.8291 1.41138 1.16287 0.755462 0.552041 0.525934 1.18522 0.569394 0.470148 0.828914 0.581522 0.7233 1.0741 0.643231 0.530588 0.514636 0.467667 0.441875 0.388735 0.385154 0.450615 0.363038 0.730144 0.359093 0.289792 0.34477 0.286061 0.28605 0.27282 0.264008
threshold=-1.194172200542398 2.0969760541444149 0.45124090117685461 1.0000000180025095e-35 -1.117930881447166 101.79826050000001 101.79828350000001 2.5956348806121139 101.79799950000002 101.79803650000001 3.0445965000000004 3.0452175000000006 3.0457925000000006 3.0461075000000002 101.79779750000002 3.0427425000000006 101.79629450000002 3.0421075000000006 -1.5930992617165571 3.0472355000000007 4.5000000000000009 101.79607150000001 3.0465015000000002 3.0418255000000003 2.5000000000000004 -1.8922945575971761 101.79532850000001 3.0475215000000007 3.0454295000000005 3.0467765000000004
decision_type=2 2 2 2 2 2 2 2 2 2 2 2 2 2 2 2 2 2 2 2 2 2 2 2 2 2 2 2 2 2
left_child=3 4 17 18 -2 8 -7 27 14 -10 -11 -12 -13 -14 15 -4 26 23 -1 20 -6 22 -19 -3 25 28 -17 -8 -5 -24
right_child=1 2 5 24 19 6 7 -9 9 10 11 12 13 -15 -16 16 -18 21 -20 -21 -22 -23 29 -25 -26 -27 -28 -29 -30 -31
leaf_value=-0.0020824870211055852 -0.00026073962940079701 0.00067232222617879351 0.0046697779573579203 -0.00072352534934843346 -3.775693961989982e-05 -0.0058486213362974994 0.002430594617229638 0.0057158755574774726 0.00857398171523302 -0.0015843838915264267 0.0071826447874994721 -0.0028046595970469771 0.008988708814463911 0.002677092349858726 -0.0027075353168576912 -0.00010255504767251773 -0.0015190672861234303 0.00015851616558359361 -0.00092821394002631232 0.00054228497176450304 0.00029409334758336681 -0.00038623509607144373 0.0068710533110184439 0.0051059709451517447 0.00035594943549623357 -0.00043347243454898676 0.0033923983993219158 -0.0028344552860086799 -0.0046525877910786502 0.0024138200514152094
leaf_weight=1241 14150 103 146 85 38274 63 52 68 74 63 104 76 51 193 63 85 113 469 1770 4318 13961 1312 58 82 1129 1488 188 51 92 78
leaf_count=1241 14150 103 146 85 38274 63 52 68 74 63 104 76 51 193 63 85 113 469 1770 4318 13961 1312 58 82 1129 1488 188 51 92 78
internal_value=1.59822e-07 6.70343e-05 0.00104828 -0.000854564 1.85692e-05 0.00217027 8.52812e-06 0.00216858 0.00260781 0.00364624 0.00289586 0.00356177 0.00238311 0.00399947 0.00162827 0.00214214 0.00118512 0.000306277 -0.00140401 8.84548e-05 5.0938e-05 8.10122e-05 0.00109418 0.0026392 -0.000262418 -0.000681716 0.00230459 -0.000176592 -0.00276722 0.00431835
internal_weight=80000 74195 3492 5805 70703 1390 234 171 1156 561 487 424 320 244 595 532 386 2102 3011 56553 52235 1917 605 185 2794 1665 273 103 177 136
internal_count=80000 74195 3492 5805 70703 1390 234 171 1156 561 487 424 320 244 595 532 386 2102 3011 56553 52235 1917 605 185 2794 1665 273 103 177 136
is_linear=0
shrinkage=0.05


Tree=92
num_leaves=31
num_cat=0
split_feature=6 6 9 6 11 11 1 5 1 10 10 11 6 10 11 10 10 5 10 10 11 11 11 11 10 5 11 11 11 11
split_gain=1.78173 1.41724 0.728911 0.628354 0.553428 0.388287 0.369132 0.69236 0.39825 0.506328 0.738116 0.373276 0.356326 0.813301 0.64363 0.587315 0.486361 0.376858 0.742435 0.327899 0.364168 0.315025 0.305139 0.29902 0.37301 0.295376 0.459554 0.556236 1.41495 0.787787
threshold=2.5000000000000004 3.5000000000000004 0.45124090117685461 1.0000000180025095e-35 101.79848150000002 101.79819650000002 2.5000000000000004 1.0000000180025095e-35 1.5000000000000002 3.0469165000000005 3.0446675000000005 101.79826050000001 1.5000000000000002 3.0476875000000003 101.79820850000002 3.0476595000000004 3.0478765000000005 1.0000000180025095e-35 3.0466405000000005 3.0463955000000005 101.79812050000001 101.79824050000002 101.79821650000001 101.79854750000001 3.0415105000000007 1.0000000180025095e-35 101.79530650000001 101.79814850000001 101.79818850000001 101.79808050000001
decision_type=2 2 2 2 2 2 2 2 2 2 2 2 2 2 2 2 2 2 2 2 2 2 2 2 2 2 2 2 2 2
left_child=2 25 -1 -4 5 -5 7 11 -9 10 -10 21 14 17 -7 22 -17 -14 -19 20 -12 -3 -16 -6 -25 -2 -27 29 -29 -28
right_child=1 6 3 4 23 12 -8 8 9 -11 19 -13 13 -15 15 16 -18 18 -20 -21 -22 -23 -24 24 -26 26 27 28 -30 -31
leaf_value=-3.7043586448213326e-05 -0.0010037904624913209 -0.0010987978792756116 0.00048807712365082966 0.00011822070979663311 0.0048074396292938394 -0.0044351856837548864 0.00038359336859229357 -6.2321675677621399e-05 0.0056331599971938201 0.0044992538169026375 -0.0023563279171264695 0.00013627884355589309 0.00015319465259307804 0.003321509763532036 0.0026205629775000404 -0.0044444086587742083 -0.00072083690230616239 0.0014681387312825557 -0.005111376691616514 -0.0037050263163974592 0.002574612160014084 -0.0043636189061597519 -0.00043527977614632533 0.0043507507052673519 -0.0011036684350472328 -0.0051177184596424251 -0.0014477133866377604 -0.010810514997812472 -0.0019298283794469075 0.0034017205314413887
leaf_weight=41519 3720 1781 16613 7961 85 127 2502 781 59 126 63 678 526 171 88 171 180 71 108 63 92 77 1123 51 81 102 609 52 323 97
leaf_count=41519 3720 1781 16613 7961 85 127 2502 781 59 126 63 678 526 171 88 171 180 71 108 63 92 77 1123 51 81 102 609 52 323 97
internal_value=1.53899e-07 -0.000586964 9.49885e-05 0.000295377 -2.61726e-06 -5.41555e-05 -8.59931e-05 -0.00040183 0.000596442 0.0018728 0.000676904 -0.000867905 -0.000589144 0.000229142 -0.00101354 -0.00073507 -0.00253563 -0.000521287 -0.00250226 -0.000666436 0.000570197 -0.00123433 -0.000213022 0.00249622 0.00100542 -0.00122269 -0.00191089 -0.00160785 -0.00316384 -0.000781044
internal_weight=80000 11125 68875 27356 10743 10526 6222 3720 1184 403 277 2536 2565 876 1689 1562 351 705 179 218 155 1858 1211 217 132 4903 1183 1081 375 706
internal_count=80000 11125 68875 27356 10743 10526 6222 3720 1184 403 277 2536 2565 876 1689 1562 351 705 179 218 155 1858 1211 217 132 4903 1183 1081 375 706
is_linear=0
shrinkage=0.05


Tree=93
num_leaves=31
num_cat=0
split_feature=8 8 5 1 8 1 8 6 7 10 1 6 7 8 1 6 1 6 8 8 1 6 1 6 8 8 10 8 1 8
split_gain=103.023 25.2006 22.8647 11.6492 10.5598 9.65101 9.55609 7.75272 7.03229 6.15285 5.62669 6.18211 5.21136 4.73409 4.15171 3.76158 3.7612 4.25183 3.69554 3.502 4.96033 3.11249 3.07083 3.19997 7.31115 6.3372 4.49401 3.02022 5.04659 2.99953
threshold=-1.5025394260254843 -1.1489023274675425 1.0000000180025095e-35 1.5000000000000002 -0.23801889178799587 1.5000000000000002 -0.54343274963349086 2.5000000000000004 -0.59578160878115949 3.0476125000000005 1.5000000000000002 2.5000000000000004 -1.194172200542398 -1.700120759500092 1.5000000000000002 1.0000000180025095e-35 1.5000000000000002 1.0000000180025095e-35 -0.73900478141174653 -0.52869787052691009 3.5000000000000004 2.5000000000000004 1.5000000000000002 1.0000000180025095e-35 0.54895760594984822 0.092846120877957211 3.0439395000000005 0.74586917219233861 1.5000000000000002 -1.6472091481628242
decision_type=2 2 2 2 2 2 2 2 2 2 2 2 2 2 2 2 2 2 2 2 2 2 2 2 2 2 2 2 2 2
left_child=3 10 4 -1 5 -3 7 16 29 13 -2 -12 -7 21 -9 27 18 -18 -4 -14 -21 -10 -6 24 25 26 -24 -8 -29 -5
right_child=1 2 6 8 22 12 15 14 9 -11 11 -13 19 -15 -16 -17 17 -19 -20 20 -22 -23 23 -25 -26 -27 -28 28 -30 -31
leaf_value=0.0039441731301197219 0.00053544479124571027 -0.0008160467606958794 0.0020532444923703486 0.0075851535606276527 -0.00023241686021540698 -0.00055358771490487534 -0.0029613200622689495 -0.0017124001196191282 0.015565032560853384 0.023193177250270775 0.0040948494689828866 -0.00012282700160461924 0.0036202822652358067 0.0082176991501784376 -0.0096980191732948424 -0.0066451662754609094 -0.00064689549198169809 -0.0043672751579924129 -0.0023229573767287091 0.0027732923003943983 -0.0018817772760722211 0.0085307422142361141 0.0040150436060512927 -0.0018034189238637446 -0.0011055147782549613 0.0054317934927265148 -0.0018632611817291625 -0.001532911303633339 -0.011334131527178631 0.0012074231698226863
leaf_weight=1850 3377 5086 1509 421 17216 1615 2851 267 470 90 3960 1113 3685 1452 417 1459 2102 1210 709 1710 860 237 475 9837 13299 831 1030 233 301 328
leaf_count=1850 3377 5086 1509 421 17216 1615 2851 267 470 90 3960 1113 3685 1452 417 1459 2102 1210 709 1710 860 237 475 9837 13299 831 1030 233 301 328
internal_value=1.45317e-07 -0.000455585 -0.00078147 0.00706457 -0.000368789 0.000881484 -0.00285807 -0.00156028 0.00898991 0.0103874 0.00211684 0.00316952 0.00197851 0.00985257 -0.00658153 -0.00452282 -0.000939104 -0.00200618 0.000654318 0.00263228 0.00121555 0.0132085 -0.000748253 -0.00109689 -0.000652365 0.00192739 -7.83877e-06 -0.00360788 -0.00705866 0.00479277
internal_weight=80000 75152 66702 4848 55644 12956 11058 6214 2998 2249 8450 5073 7870 2159 684 4844 5530 3312 2218 6255 2570 707 42688 25472 15635 2336 1505 3385 534 749
internal_count=80000 75152 66702 4848 55644 12956 11058 6214 2998 2249 8450 5073 7870 2159 684 4844 5530 3312 2218 6255 2570 707 42688 25472 15635 2336 1505 3385 534 749
is_linear=0
shrinkage=0.05


Tree=94
num_leaves=31
num_cat=0
split_feature=8 5 8 8 8 9 9 6 8 1 6 6 0 8 7 8 1 6 7 9 6 9 1 6 7 1 6 8 0 6
split_gain=93.3592 17.9621 18.7317 16.7629 13.4693 8.63218 8.18588 7.43335 6.77375 7.75415 6.60803 5.17292 4.85404 5.15111 4.28232 4.06665 5.03059 3.99538 3.8585 3.68946 3.14134 2.9959 2.98704 2.98121 2.7847 2.77142 2.96142 3.71505 4.15983 4.70509
threshold=-1.3371069196925081 1.0000000180025095e-35 -1.0444186392572414 -1.6257765967350701 -0.77852104810666811 0.45124090117685461 0.45124090117685461 2.5000000000000004 -0.23801889178799587 1.5000000000000002 1.0000000180025095e-35 1.0000000180025095e-35 2.5000000000000004 -1.2111906800544525 -1.194172200542398 0.47126460702423967 1.5000000000000002 2.5000000000000004 0.20207251356715863 0.45124090117685461 1.0000000180025095e-35 -1.117930881447166 2.5000000000000004 3.5000000000000004 1.498585462383176 1.5000000000000002 2.5000000000000004 0.39692044425921785 2.5000000000000004 1.0000000180025095e-35
decision_type=2 2 2 2 2 2 2 2 2 2 2 2 2 2 2 2 2 2 2 2 2 2 2 2 2 2 2 2 2 2
left_child=3 2 12 5 7 18 21 20 9 -4 15 24 13 -2 -11 22 -17 -8 -1 -12 -3 -5 -6 -9 -7 -10 27 28 -27 -30
right_child=1 4 8 6 10 11 17 23 25 14 19 -13 -14 -15 -16 16 -18 -19 -20 -21 -22 -23 -24 -25 -26 26 -28 -29 29 -31
leaf_value=0.0032713488712155132 0.005063896234892726 0.001136460171624557 -0.00095298479664148871 -0.00015439508345740512 -0.0031451987945371601 0.013062872134264556 0.0067934348988579673 -0.0088943548083332807 -0.0002207960837905512 -0.00073129022738302636 -0.0045057401334787795 0.010104486745256125 0.0051938594901553784 -0.0015886435704181871 0.0023023935598985297 -0.0014981491301363362 -0.0083942670321984093 0.0021023413629820699 0.0083169100247921703 -0.0089071037936080052 -0.0012142617809057284 0.0029370639237606376 -0.00037096947022730503 -0.0028368860737891383 0.025669251088843204 -0.0017287338802212809 -0.0033809527691851787 -0.0013102598160910264 0.0033202512168184145 -0.00013106357058798249
leaf_weight=761 491 3173 4607 1176 2393 87 1875 290 17216 1464 1308 938 1865 714 5662 459 624 599 755 749 2574 2349 1632 678 89 2211 1285 17262 1408 3306
leaf_count=761 491 3173 4607 1176 2393 87 1875 290 17216 1464 1308 938 1865 714 5662 459 624 599 755 749 2574 2349 1632 678 89 2211 1285 17262 1408 3306
internal_value=1.40622e-07 -0.000593775 -0.000204027 0.0049124 -0.0022081 0.00824069 0.00345314 -0.000599168 -0.000418389 0.000645627 -0.00371595 0.0115824 0.00359581 0.00112225 0.00167914 -0.00275228 -0.00547194 0.00565777 0.00578453 -0.00610873 8.36023e-05 0.00190573 -0.00202038 -0.00465235 0.0194486 -0.00071084 -0.00104205 -0.000917774 6.05815e-05 0.00089984
internal_weight=80000 71371 57491 8629 13880 2630 5999 6715 54421 11733 7165 1114 3070 1205 7126 5108 1083 2474 1516 2057 5747 3525 4025 968 176 42688 25472 24187 6925 4714
internal_count=80000 71371 57491 8629 13880 2630 5999 6715 54421 11733 7165 1114 3070 1205 7126 5108 1083 2474 1516 2057 5747 3525 4025 968 176 42688 25472 24187 6925 4714
is_linear=0
shrinkage=0.05


Tree=95
num_leaves=31
num_cat=0
split_feature=8 8 5 1 8 1 8 5 7 1 7 8 7 7 8 0 8 0 0 7 8 1 8 0 8 8 1 0 1 8
split_gain=84.8073 17.8058 18.6951 10.8049 8.30819 8.61 7.73048 6.2456 6.52871 6.02812 5.69993 5.73541 4.99958 4.39409 4.2132 3.8377 4.0834 6.02433 4.01222 3.80494 3.6129 3.52392 2.66046 4.11781 2.53935 4.21059 3.04886 2.71742 2.53633 2.38895
threshold=-1.4730696678123223 -1.1375162845215483 1.0000000180025095e-35 1.5000000000000002 -0.26480958107268832 1.5000000000000002 -0.54343274963349086 1.0000000180025095e-35 -0.29658631290054016 1.5000000000000002 -0.59578160878115949 -1.6043440453073161 0.20207251356715863 -1.194172200542398 -1.3772929536195466 2.5000000000000004 -0.032400351527980438 1.5000000000000002 1.5000000000000002 2.2964395847314942 -0.73900478141174653 1.5000000000000002 -0.55749786150795455 2.5000000000000004 -0.054502670187851793 0.61325526023311017 1.5000000000000002 4.5000000000000009 1.5000000000000002 -1.6472091481628242
decision_type=2 2 2 2 2 2 2 2 2 2 2 2 2 2 2 2 2 2 2 2 2 2 2 2 2 2 2 2 2 2
left_child=3 7 4 -1 5 -3 9 -2 -9 20 29 19 -11 -7 -10 16 18 -18 -8 -12 -4 -16 -15 -24 -17 27 -27 -26 -6 -5
right_child=1 2 6 10 28 13 15 8 14 12 11 -13 -14 22 21 24 17 -19 -20 -21 -22 -23 23 -25 25 26 -28 -29 -30 -31
leaf_value=0.0031909704468242764 0.0035758392170475925 -0.00083941123108093561 0.0018317717323399355 0.0068100617008761011 -0.00020128966392429274 -0.00048066673994935779 0.0030234756562019585 -0.0055382230344013838 0.0035423055354971544 -0.0079118783555321495 0.010551348667054891 0.0064799898551226136 -0.0020422275564138679 0.0033939119965039569 -0.0017399146369398604 -0.0068081570740980259 -0.0085237152856803885 -0.00089976236604708047 -0.0033620210511138013 0.021939189027799309 -0.0023175056879718449 0.0015782992847199031 -0.0016269084268307058 0.0026818897121767223 -0.0038692645444122933 -0.0025495705838101111 -0.011051082723070416 0.0016697530294183837 -0.00098251108817739522 0.0014543527094390786
leaf_weight=2109 3010 4845 1655 421 17412 1577 499 387 1378 409 1233 1234 3206 3426 1330 1390 506 531 485 78 768 2008 831 1666 649 170 278 336 25761 412
leaf_count=2109 3010 4845 1655 421 17412 1577 499 387 1378 409 1233 1234 3206 3426 1330 1390 506 531 485 78 768 2008 831 1666 649 170 278 336 25761 412
internal_value=1.36049e-07 -0.000441634 -0.000711807 0.00599924 -0.000340366 0.000803474 -0.00260681 0.00176955 0.000704068 -0.00141313 0.00775238 0.00892746 -0.00270652 0.00186477 0.00121642 -0.00409466 -0.00243116 -0.0046203 -0.000123869 0.0112305 0.000516565 0.00025617 0.00248925 0.00124792 -0.00528545 -0.00380806 -0.00782635 -0.00197984 -0.00066744 0.00416163
internal_weight=80000 74513 66400 5487 55518 12345 10882 8113 5103 6038 3378 2545 3615 7500 4716 4844 2021 1037 984 1311 2423 3338 5923 2497 2823 1433 448 985 43173 833
internal_count=80000 74513 66400 5487 55518 12345 10882 8113 5103 6038 3378 2545 3615 7500 4716 4844 2021 1037 984 1311 2423 3338 5923 2497 2823 1433 448 985 43173 833
is_linear=0
shrinkage=0.05


Tree=96
num_leaves=31
num_cat=0
split_feature=8 8 5 8 8 7 2 7 10 7 5 7 8 2 8 2 10 8 2 2 2 7 2 10 10 8 8 8 8 2
split_gain=76.7917 18.2935 16.899 7.78543 7.08777 6.35717 6.16586 4.57365 4.29866 4.26391 4.02649 4.78449 4.38962 3.65529 3.31233 3.13131 3.12168 3.40992 3.27462 3.05078 2.99596 2.70313 2.68738 2.68034 2.65443 2.59272 2.46971 2.40637 2.36646 2.35506
threshold=-1.5025394260254843 -1.1489023274675425 1.0000000180025095e-35 -0.26480958107268832 -0.54343274963349086 -0.59578160878115949 1.0000000180025095e-35 0.20207251356715863 3.0476125000000005 -1.194172200542398 1.0000000180025095e-35 -0.29658631290054016 -1.3772929536195466 1.0000000180025095e-35 -1.6739998374475167 3.5000000000000004 3.0475565000000002 -0.93591634765423681 3.5000000000000004 3.5000000000000004 1.0000000180025095e-35 1.8975125235573351 1.5000000000000002 3.0475215000000007 3.0451055000000005 -1.700120759500092 -1.3900185310297755 0.50140413246951887 -0.80397220292712601 1.5000000000000002
decision_type=2 2 2 2 2 2 2 2 2 2 2 2 2 2 2 2 2 2 2 2 2 2 2 2 2 2 2 2 2 2
left_child=5 10 3 9 7 24 8 20 14 -3 26 -12 23 27 -7 -14 17 18 -11 25 -4 -16 -9 -13 -1 -8 -2 -6 29 -18
right_child=1 2 4 -5 13 6 19 22 -10 16 11 12 15 -15 21 -17 28 -19 -20 -21 -22 -23 -24 -25 -26 -27 -28 -29 -30 -31
leaf_value=0.0054528016235399395 0.00079463384779962097 -0.00098625985217646868 -0.011340493205478719 -0.00063406787887534813 -0.0057434148295857392 0.013207235577030067 0.0076538886689222572 -0.002220206162112561 0.021050919573981478 0.002526352423817092 -0.0040772949463472449 0.0045239578470058391 -0.0005047678733820179 -0.0032652474932195006 0.0051657316055867706 0.0033717156906640992 0.0044466404280990718 0.0012023144638519153 0.0078410537217813644 0.0089945114961618618 -0.0034235407442967354 0.015229809484834066 4.8410839400245132e-05 5.7772768732302175e-05 0.00078791967889731162 0.0038273599731677025 0.0040671763547617933 -0.013128308862061287 0.00073833337776141707 -0.0039394322955511336
leaf_weight=576 770 2672 150 43173 699 356 642 2147 90 1201 431 1334 2514 4014 401 657 97 6041 382 628 587 80 3330 449 648 1427 2295 131 1470 608
leaf_count=576 770 2672 150 43173 699 356 642 2147 90 1201 431 1334 2514 4014 401 657 97 6041 382 628 587 80 3330 449 648 1427 2295 131 1470 608
internal_value=1.29934e-07 -0.000393327 -0.000670983 -0.0003162 -0.00245624 0.00609924 0.00715149 -0.00133856 0.0106695 0.000784214 0.0017984 0.000974941 0.00141456 -0.00388996 0.00955081 0.000298482 0.00126699 0.00174365 0.00380928 0.00594195 -0.00503618 0.00684241 -0.000840918 0.00339934 0.00298342 0.00501502 0.00324509 -0.00691042 -0.000403833 -0.00278514
internal_weight=80000 75152 66702 55644 11058 4848 3624 6214 927 12471 8450 5385 4954 4844 837 3171 9799 7624 1583 2697 737 481 5477 1783 1224 2069 3065 830 2175 705
internal_count=80000 75152 66702 55644 11058 4848 3624 6214 927 12471 8450 5385 4954 4844 837 3171 9799 7624 1583 2697 737 481 5477 1783 1224 2069 3065 830 2175 705
is_linear=0
shrinkage=0.05


Tree=97
num_leaves=31
num_cat=0
split_feature=8 8 5 9 8 1 8 6 6 3 6 6 8 9 6 5 9 6 8 8 7 7 1 6 8 7 8 9 6 1
split_gain=69.3064 16.5275 15.2311 8.8792 7.54639 6.9074 6.63644 6.23026 4.6995 4.60058 4.33989 3.73331 3.71908 3.55429 3.52645 3.39392 3.2999 3.16163 3.05939 3.01668 2.90799 2.73045 2.68493 3.15268 2.56782 2.36334 2.31583 4.09557 2.27663 2.25325
threshold=-1.5025394260254843 -1.1736837150558832 1.0000000180025095e-35 0.45124090117685461 -0.23801889178799587 1.5000000000000002 -0.54343274963349086 2.5000000000000004 1.0000000180025095e-35 4.5000000000000009 2.5000000000000004 1.0000000180025095e-35 -1.568176614772981 0.45124090117685461 3.5000000000000004 1.0000000180025095e-35 0.45124090117685461 1.0000000180025095e-35 -0.64925597230802645 -1.6043440453073161 -0.99470866995531859 0.20207251356715863 1.5000000000000002 1.0000000180025095e-35 -0.73900478141174653 1.498585462383176 0.74586917219233861 0.45124090117685461 2.5000000000000004 3.5000000000000004
decision_type=2 2 2 2 2 2 2 2 2 2 2 2 2 2 2 2 2 2 2 2 2 2 2 2 2 2 2 2 2 2
left_child=3 8 4 21 5 -3 7 22 16 11 18 19 -13 -9 -12 -10 -2 26 -7 25 -17 -1 24 -24 -4 -5 -8 -28 -6 -20
right_child=1 2 6 9 28 10 17 13 15 -11 14 12 -14 -15 -16 20 -18 -19 29 -21 -22 -23 23 -25 -26 -27 27 -29 -30 -31
leaf_value=0.0021985648347135167 0.0019592930093543298 -0.00066614691009581907 0.0016894247824130099 0.011583658871145139 -0.00052573766877230758 0.0037385424060281365 -0.0022905584378562337 -0.0027727170573218301 0.0023681147881968768 -0.0023636352007078772 -0.0014389133357573815 0.0088445117414848052 0.0027385933399235794 -0.009909265416578647 0.0023025655766107517 -0.006733549062341174 0.0051626472746648753 -0.0056411973480586797 0.0023310730545617643 0.0090892481155106352 1.0621401208890567e-05 0.0053550747870735761 -0.00044815739576247062 -0.0035669439789859252 -0.0019139183732202773 0.022170555157811939 -0.0023655622465089746 -0.011337102321789402 -0.0021883922119423842 -0.00068666113440996436
leaf_weight=1241 2069 5185 1633 102 40519 2566 2851 438 1851 97 1618 1185 316 290 1031 171 1315 1459 1909 267 2428 1530 2214 1278 709 110 325 209 2169 915
leaf_count=1241 2069 5185 1633 102 40519 2566 2851 438 1851 97 1618 1185 316 290 1031 171 1315 1459 1909 267 2428 1530 2214 1278 709 110 325 209 2169 915
internal_value=1.27293e-07 -0.000373662 -0.000626609 0.00579436 -0.000286916 0.000756739 -0.00229176 -0.0012555 0.00179991 0.00826595 0.00167447 0.00878678 0.00755932 -0.00561654 1.73152e-05 0.00073196 0.00320421 -0.00369549 0.00248889 0.0126308 -0.00043335 0.00394155 -0.000711221 -0.00158964 0.00059854 0.0170847 -0.00285671 -0.00587836 -0.000610223 0.00135331
internal_weight=80000 75152 67318 4848 55912 13224 11406 6562 7834 2077 8039 1980 1501 728 2649 4450 3384 4844 5390 479 2599 2771 5834 3492 2342 212 3385 534 42688 2824
internal_count=80000 75152 67318 4848 55912 13224 11406 6562 7834 2077 8039 1980 1501 728 2649 4450 3384 4844 5390 479 2599 2771 5834 3492 2342 212 3385 534 42688 2824
is_linear=0
shrinkage=0.05


Tree=98
num_leaves=31
num_cat=0
split_feature=8 8 5 9 5 2 9 8 8 5 8 9 9 8 1 3 8 8 8 8 9 8 2 8 1 1 8 8 1 8
split_gain=62.6126 11.149 14.9168 10.0373 8.17691 6.96715 5.99991 6.97904 5.36447 4.67285 4.10272 5.15039 3.66292 3.40665 4.66943 3.2962 3.19787 2.34653 1.96489 1.80448 1.76067 1.79068 1.74879 3.95553 5.42863 4.30796 2.29757 2.3671 1.82364 1.64378
threshold=-1.4308743321889319 -0.90845589113742709 1.0000000180025095e-35 0.45124090117685461 1.0000000180025095e-35 1.0000000180025095e-35 -1.117930881447166 -1.1107255952368555 -1.5835812611116793 1.0000000180025095e-35 0.11963681016264981 0.45124090117685461 0.45124090117685461 -0.58495831802476439 1.0000000180025095e-35 4.5000000000000009 -1.700120759500092 0.32525535042266529 -0.054502670187851793 -0.72694897123363489 -1.117930881447166 -1.5186138395962998 2.5000000000000004 -0.032400351527980438 3.5000000000000004 3.5000000000000004 -0.032400351527980438 0.74586917219233861 2.5000000000000004 0.39692044425921785
decision_type=2 2 2 2 2 2 2 2 2 2 2 2 2 2 2 2 2 2 2 2 2 2 2 2 2 2 2 2 2 2
left_child=3 4 10 9 6 17 7 -2 15 20 12 -12 -3 14 19 -5 -11 18 -4 -7 21 -1 23 25 -25 -15 -24 28 -28 -13
right_child=1 2 5 8 -6 13 -8 -9 -10 16 11 29 -14 22 -16 -17 -18 -19 -20 -21 -22 -23 26 24 -26 -27 27 -29 -30 -31
leaf_value=-0.00043481266555861991 0.0026294441745601761 -0.00035340205700329466 -0.0058526175217832998 0.0096989626928326786 -0.00019377734499454642 0.0054808517527309862 0.0031810901647704526 -0.0056325229266575433 0.0047300005567867207 0.0068313593330967207 -0.00020794404229764699 -0.0002634624076239654 0.0011063970980897707 -0.0029434185316680661 -0.0017843792526001561 -0.0022748605117276187 0.0030327125714143437 -0.010749691613506763 -0.00056600196952991144 0.00023936192893699688 0.0016005342986478571 -0.0083091228017118275 -0.00536659321157753 -0.00054465305237001542 -0.0077817907442431326 0.0032233470387476749 -0.0031187122313789009 -0.006320460633806816 0.0018287510245317178 -0.0017069203373156875
leaf_weight=226 575 10593 1053 1348 6907 357 4479 460 1296 761 21291 2393 7230 556 1974 60 2038 204 211 304 590 106 1161 531 506 577 378 248 367 11220
leaf_count=226 575 10593 1053 1348 6907 357 4479 460 1296 761 21291 2393 7230 556 1974 60 2038 204 211 304 590 106 1161 531 506 577 378 248 367 11220
internal_value=1.22598e-07 -0.000413239 -0.000690628 0.00473361 0.000952464 -0.00264395 0.00238826 -0.00104273 0.00705189 0.0030488 -0.000378438 -0.000693605 0.000238777 -0.00198358 -0.000566408 0.00918859 0.00406571 -0.00577405 -0.00497024 0.00307064 -3.84273e-05 -0.00295064 -0.00284715 -0.0018452 -0.0040764 0.000197122 -0.00385642 -0.00209038 -0.000681587 -0.00145318
internal_weight=80000 73575 61154 6425 12421 8427 5514 1035 2704 3721 52727 34904 17823 6959 2635 1408 2799 1468 1264 661 922 332 4324 2170 1037 1133 2154 993 745 13613
internal_count=80000 73575 61154 6425 12421 8427 5514 1035 2704 3721 52727 34904 17823 6959 2635 1408 2799 1468 1264 661 922 332 4324 2170 1037 1133 2154 993 745 13613
is_linear=0
shrinkage=0.05


Tree=99
num_leaves=31
num_cat=0
split_feature=8 8 1 6 8 6 6 4 1 0 6 8 2 6 8 2 8 6 2 4 8 8 11 11 0 11 8 2 8 0
split_gain=56.958 12.3894 7.51136 5.1628 7.50446 4.86974 4.5425 4.0566 3.37292 3.16803 2.91209 2.42941 5.03941 2.38647 2.36974 2.23175 4.62832 2.17817 2.17026 4.36069 2.40764 2.14197 2.11873 3.90488 1.89729 1.89403 1.80399 1.79296 1.82391 2.10928
threshold=-1.286204610051592 -1.6472091481628242 1.5000000000000002 1.0000000180025095e-35 0.47126460702423967 2.5000000000000004 2.5000000000000004 1.0000000180025095e-35 1.5000000000000002 4.5000000000000009 2.5000000000000004 0.11963681016264981 1.0000000180025095e-35 3.5000000000000004 -1.5186138395962998 1.0000000180025095e-35 0.066055431593264671 3.5000000000000004 1.0000000180025095e-35 1.0000000180025095e-35 0.71907848290764587 -0.76579547069643916 101.79827650000001 101.79822050000001 4.5000000000000009 101.79813650000001 -0.35388862294429102 1.5000000000000002 0.21139492096272169 4.5000000000000009
decision_type=2 2 2 2 2 2 2 2 2 2 2 2 2 2 2 2 2 2 2 2 2 2 2 2 2 2 2 2 2 2
left_child=1 6 -3 4 9 14 8 10 -1 15 11 -5 -13 -7 -4 16 21 -8 19 20 -6 -2 23 25 -20 -10 -9 -28 29 -29
right_child=3 2 5 7 18 13 17 26 22 -11 -12 12 -14 -15 -16 -17 -18 -19 24 -21 -22 -23 -24 -25 -26 -27 27 28 -30 -31
leaf_value=0.0053747887568324423 0.0023820176041275841 0.00062254168533997314 0.0068793515528804529 -0.00051773752984725493 7.7071334104461363e-05 -0.0013795634621669569 0.0027295354741823318 0.00086552983431941594 0.010161170234732897 0.0022678952213560709 -0.0023985814596305301 -0.0051616970330437967 -0.0012062469700636173 0.0032612057406933414 0.0039584638811253851 -6.8567394671803147e-06 0.0051371810287186397 0.0072090665837826907 -0.00015799459797639838 9.8881829412562737e-05 -0.003909531792929773 -0.00056540597218863217 0.019211129181435103 -0.0016828946908717967 -0.001297845504909698 0.018084583001657394 -0.0015433878596654623 -2.3482701647146152e-05 -0.00088025570930444464 0.0033693808758876219
leaf_weight=430 993 2987 962 9277 473 549 691 3000 534 2841 5232 941 5579 559 2499 8744 697 447 14671 1901 1900 1625 70 64 4860 88 2951 1318 2415 702
leaf_count=430 993 2987 962 9277 473 549 691 3000 534 2841 5232 941 5579 559 2499 8744 697 447 14671 1901 1900 1625 70 64 4860 88 2951 1318 2415 702
internal_value=1.15164e-07 0.00355432 0.00257231 -0.000500681 -0.000114156 0.00384694 0.00674687 -0.0009769 0.00891228 0.000765849 -0.0013762 -0.00103757 -0.00177719 0.000961846 0.00477051 0.000411964 0.00151666 0.00448955 -0.00066497 -0.00168551 -0.00311493 0.000552592 0.0109234 0.010075 -0.000441635 0.0112849 -0.00016842 -0.00058839 4.70754e-05 0.00115573
internal_weight=80000 9880 7556 70120 38705 4569 2324 31415 1186 14900 21029 15797 6520 1108 3461 12059 3315 1138 23805 4274 2373 2618 756 686 19531 622 10386 7386 4435 2020
internal_count=80000 9880 7556 70120 38705 4569 2324 31415 1186 14900 21029 15797 6520 1108 3461 12059 3315 1138 23805 4274 2373 2618 756 686 19531 622 10386 7386 4435 2020
is_linear=0
shrinkage=0.05


Tree=100
num_leaves=31
num_cat=0
split_feature=6 6 6 4 9 1 1 11 4 0 11 0 4 6 0 6 11 11 11 11 11 11 11 11 11 11 11 11 0 11
split_gain=2.54914 1.63655 1.02701 0.896627 0.470796 0.413334 0.334063 0.33639 0.33466 0.363262 0.227764 0.213633 0.323126 0.413486 0.560995 0.23245 0.569348 0.519758 0.382018 0.274351 0.208599 0.19537 1.49459 0.660088 0.710107 0.58983 0.902935 0.672695 0.670196 0.498327
threshold=2.5000000000000004 3.5000000000000004 1.0000000180025095e-35 1.0000000180025095e-35 0.45124090117685461 2.5000000000000004 2.5000000000000004 101.79824850000001 1.0000000180025095e-35 4.5000000000000009 101.79811250000002 3.5000000000000004 1.0000000180025095e-35 1.5000000000000002 4.5000000000000009 1.5000000000000002 101.79830350000002 101.79830350000002 101.79831950000002 101.79827250000001 101.79554150000001 101.79826450000002 101.79828350000001 101.79830750000001 101.79832350000001 101.79814850000001 101.79817250000001 101.79812850000002 3.5000000000000004 101.79822450000002
decision_type=2 2 2 2 2 2 2 2 2 2 2 2 2 2 2 2 2 2 2 2 2 2 2 2 2 2 2 2 2 2
left_child=2 3 4 21 -1 -5 7 10 -8 -10 -3 15 -13 14 -14 17 19 -4 -19 -17 -11 25 -23 -24 -25 27 -27 -2 29 -28
right_child=1 6 11 5 -6 -7 8 -9 9 20 -12 12 13 -15 -16 16 -18 18 -20 -21 -22 22 23 24 -26 26 28 -29 -30 -31
leaf_value=0.00013263982182714249 -0.0018395164958990213 -0.00045288811653669916 -0.00030777794701667088 -0.0010035358780545543 0.00047542505528931661 0.00075675648973062793 -8.4670897786684704e-05 0.00026950719944682607 9.711039288156693e-05 0.0048752535464250566 -0.0014527181381408204 -0.00012699651548559476 6.222933779370943e-05 -0.00033472297464067044 0.0017205002232742002 -4.0232777354075375e-06 0.0026365526951010066 -0.0038901433279540302 -0.00075530416831897111 -0.0019341128105421958 0.0017561270572781342 0.0055038302801017945 -0.0058372173288818476 0.0042790467956098123 -0.0018313001139566073 -0.0079890452753791641 -0.0019134907348907746 0.002850277877416269 0.00075867968223759384 -0.0065058520573333086
leaf_weight=25228 2305 1783 10431 854 16613 547 1782 1100 369 66 837 7705 1019 1035 1021 5038 201 176 217 191 285 77 90 53 455 95 132 79 109 107
leaf_count=25228 2305 1783 10431 854 16613 547 1782 1100 369 66 837 7705 1019 1035 1021 5038 201 176 217 191 285 77 90 53 455 95 132 79 109 107
internal_value=1.13842e-07 -0.00070215 0.000113548 -0.0013853 0.000268744 -0.00031625 -0.000163812 -0.00046427 0.000282913 0.00119257 -0.000772343 -0.000126652 4.59391e-05 0.000479252 0.000892221 -0.000241118 2.58434e-05 -0.000375042 -0.00215983 -7.45594e-05 0.00234385 -0.00181295 -0.00104843 -0.0018929 -0.00119309 -0.00199545 -0.00367081 -0.001684 -0.00249002 -0.00397135
internal_weight=80000 11125 68875 4903 41841 1401 6222 3720 2502 720 2620 27034 10780 3075 2040 16254 5430 10824 393 5229 351 3502 675 598 508 2827 443 2384 348 239
internal_count=80000 11125 68875 4903 41841 1401 6222 3720 2502 720 2620 27034 10780 3075 2040 16254 5430 10824 393 5229 351 3502 675 598 508 2827 443 2384 348 239
is_linear=0
shrinkage=0.05


Tree=101
num_leaves=31
num_cat=0
split_feature=8 8 9 7 3 8 9 8 7 0 3 8 0 0 8 11 11 8 7 7 11 3 3 7 8 9 7 8 11 7
split_gain=51.9188 11.8184 7.13476 4.14783 3.93279 3.25725 2.97098 3.37958 2.66073 2.58578 2.40543 2.98404 4.72359 2.76597 2.84925 3.53643 3.0247 1.94819 1.93403 1.86211 1.79723 1.71907 1.71542 2.07903 1.6746 5.80112 1.57129 1.64923 1.52273 1.5157
threshold=-1.4878045469189034 -0.90845589113742709 0.45124090117685461 0.60099957474131782 4.5000000000000009 -1.6739998374475167 0.45124090117685461 -1.286204610051592 0.20207251356715863 4.5000000000000009 4.5000000000000009 -0.59902342989922797 3.5000000000000004 2.5000000000000004 -0.27686539125079995 101.79624850000002 101.79624850000002 -1.6257765967350701 2.5956348806121139 -1.6928310270100968 101.79824050000002 2.5000000000000004 4.5000000000000009 -1.5930992617165571 0.38285533238475428 0.45124090117685461 -0.097122782313460637 -1.186409292466112 101.79806850000001 -0.99470866995531859
decision_type=2 2 2 2 2 2 2 2 2 2 2 2 2 2 2 2 2 2 2 2 2 2 2 2 2 2 2 2 2 2
left_child=2 6 8 22 5 -4 -2 20 -1 -6 11 12 -5 14 15 -13 -16 -10 29 -9 21 -8 23 -3 -25 -26 -21 28 -28 -7
right_child=1 3 4 10 9 18 7 19 17 -11 -12 13 -14 -15 16 -17 -18 -19 -20 26 -22 -23 -24 24 25 -27 27 -29 -30 -31
leaf_value=0.0015801462376975437 0.00038565836188788195 -0.003765417696220936 0.0098937367775944526 -0.0024060013142659115 -0.010498387320787297 0.0005903816085038562 0.0012389739627197889 -0.0041459699356368902 0.0064594721463040843 0.0051866249745546426 -0.00011232804746475172 0.0044821443445804783 0.0019818679286645771 -0.0036194017753155491 -0.0049969822922241655 -0.002332334303123722 -0.00034964989901548982 0.0030103443837587287 0.014942704727740397 0.0025661037309985769 0.006639679684463504 0.0046110073348766675 -6.6582226322804445e-05 -0.00023513251311165631 -0.00024199080055858997 -0.00215472222217609 0.0046921794644073835 -0.00052587387091205487 -0.00026388709810509954 0.0060928921068678114
leaf_weight=1325 8132 533 838 1461 51 142 807 168 755 54 2219 392 1057 3084 686 370 715 895 56 1362 386 711 18579 15142 10575 6341 355 1478 275 1056
leaf_count=1325 8132 533 838 1461 51 142 807 168 755 54 2219 392 1057 3084 686 370 715 895 56 1362 386 711 18579 15142 10575 6341 355 1478 275 1056
internal_value=1.07519e-07 -0.000334771 0.00484502 -0.000631906 0.00700603 0.00747996 0.000994092 0.00188685 0.00324895 -0.00243455 -0.00156413 -0.00197901 -0.000564067 -0.002658 -0.00128714 0.0011734 -0.00262541 0.00458888 0.00586626 0.000993556 0.00359353 0.00281856 -0.000450012 -0.000668591 -0.000617092 -0.000958991 0.0012425 0.000387222 0.00252912 0.00544078
internal_weight=80000 74828 5172 61154 2197 2092 13674 5542 2975 105 9984 7765 2518 5247 2163 762 1401 1650 1254 3638 1904 1518 51170 32591 32058 16916 3470 2108 630 1198
internal_count=80000 74828 5172 61154 2197 2092 13674 5542 2975 105 9984 7765 2518 5247 2163 762 1401 1650 1254 3638 1904 1518 51170 32591 32058 16916 3470 2108 630 1198
is_linear=0
shrinkage=0.05


Tree=102
num_leaves=31
num_cat=0
split_feature=6 6 6 3 7 3 2 7 7 3 11 10 10 10 11 11 11 11 10 11 10 7 10 11 10 5 10 11 7 11
split_gain=2.61151 1.02574 1.45222 0.845127 0.647623 0.764294 0.673731 0.480243 0.457928 1.2065 0.933464 0.529421 0.599572 0.441476 0.511816 0.399429 0.583789 0.462289 0.390188 0.592238 0.63929 0.382642 0.360004 0.344711 0.341917 0.304855 0.764463 1.04509 0.869623 0.545155
threshold=1.0000000180025095e-35 2.5000000000000004 3.5000000000000004 4.5000000000000009 2.2964395847314942 3.5000000000000004 1.5000000000000002 2.6953666459056533 -1.0944404352488581 1.0000000180025095e-35 101.79808050000001 3.0477365000000005 3.0474155000000005 3.0415855000000005 101.79854750000001 101.79826050000001 101.79814850000001 101.79839650000001 3.0471975000000007 101.79804450000002 3.0452175000000006 -1.194172200542398 3.0449935000000004 101.79789950000001 3.0426605000000007 1.0000000180025095e-35 3.0425035000000005 101.79626950000001 -1.8922945575971761 101.79575450000002
decision_type=2 2 2 2 2 2 2 2 2 2 2 2 2 2 2 2 2 2 2 2 2 2 2 2 2 2 2 2 2 2
left_child=4 7 3 8 -1 6 18 13 21 10 -10 12 15 14 -2 16 -11 -17 19 -6 -21 25 -9 -13 -7 -3 -27 29 -29 -28
right_child=1 2 -4 -5 5 24 -8 22 9 11 -12 23 -14 -15 -16 17 -18 -19 -20 20 -22 -23 -24 -25 -26 26 27 28 -30 -31
leaf_value=0.00022817661131396241 0.0057539726936852477 -0.0012938986943437242 -0.00019602121353580113 -0.00030877035433514178 0.0020803184656650437 0.0023044381641261712 0.00080954856881925049 0.0055745884390364809 -0.0018861674633309908 -0.0034408330669979687 0.0050699872986703321 -0.0026008803204456438 -0.0089307781367983455 -0.00017318814225942951 0.00075190236312922811 0.0023941192258563307 -0.007807920143709875 -0.0036529942967770354 7.0327902062374107e-06 0.010276804258957535 0.0039182449178375321 0.00056867628404436209 0.00020813985492229315 0.0025300043530273753 -0.0013397981370100384 0.0013206221736449758 -0.0026652471780935108 -0.00081872130513687227 -0.0074114350059014972 0.0039442768753296656
leaf_weight=39783 59 1791 6222 1401 329 78 969 64 126 378 78 91 59 26470 380 53 96 78 99 52 165 225 61 51 366 94 80 69 182 51
leaf_count=39783 59 1791 6222 1401 329 78 969 64 126 378 78 91 59 26470 380 53 96 78 99 52 165 225 61 51 366 94 80 69 182 51
internal_value=1.04558e-07 -0.000299034 -0.000703137 -0.00134666 0.000272919 0.00113778 0.00164314 -0.000132736 -0.00176185 -0.00265997 0.00077472 -0.00352929 -0.00412182 -0.000147104 0.00142532 -0.00365145 -0.00432677 -0.00120649 0.00289514 0.00341871 0.00544599 -0.00139776 0.00295802 -0.000757614 -0.00069922 -0.00159294 -0.00271762 -0.00371141 -0.00560014 -9.10278e-05
internal_weight=80000 38159 11125 4903 41841 2058 1614 27034 3502 1010 204 806 664 26909 439 605 474 131 645 546 217 2492 125 142 444 2267 476 382 251 131
internal_count=80000 38159 11125 4903 41841 2058 1614 27034 3502 1010 204 806 664 26909 439 605 474 131 645 546 217 2492 125 142 444 2267 476 382 251 131
is_linear=0
shrinkage=0.05


Tree=103
num_leaves=31
num_cat=0
split_feature=8 8 5 8 9 9 2 8 7 9 7 8 7 3 9 8 7 5 8 5 8 8 9 9 7 8 8 8 2 8
split_gain=47.3228 11.522 12.4739 6.10084 6.06534 6.06089 5.71196 4.03911 3.7488 3.39304 3.07347 2.92581 3.32206 2.82949 2.82201 2.63284 2.57181 2.50613 2.45692 2.14856 2.14405 2.07518 4.11451 1.941 1.89521 1.73044 1.6451 1.50916 1.49977 3.4192
threshold=-1.5025394260254843 -1.1736837150558832 1.0000000180025095e-35 -0.26480958107268832 1.0000000180025095e-35 0.45124090117685461 1.0000000180025095e-35 -0.61174900730945692 1.6980489929702556 1.0000000180025095e-35 -1.194172200542398 0.32525535042266529 0.40153604415423816 4.5000000000000009 1.0000000180025095e-35 -1.700120759500092 -0.99470866995531859 1.0000000180025095e-35 -1.6043440453073161 1.0000000180025095e-35 -0.80397220292712601 -0.44832580267283234 0.45124090117685461 1.0000000180025095e-35 0.20207251356715863 -1.6257765967350701 -1.286204610051592 -0.054502670187851793 2.5000000000000004 -0.032400351527980438
decision_type=2 2 2 2 2 2 2 2 2 2 2 2 2 2 2 2 2 2 2 2 2 2 2 2 2 2 2 2 2 2
left_child=5 9 3 4 -3 24 11 14 13 -2 -6 12 -4 15 -8 -7 19 26 -10 -11 -14 -12 -23 -5 -1 -26 -18 -22 29 -9
right_child=1 2 6 23 10 8 7 28 18 16 21 -13 20 -15 -16 -17 17 -19 -20 -21 27 22 -24 -25 25 -27 -28 -29 -30 -31
leaf_value=0.0018050892343846317 0.00023275174544939889 -0.00061084564175897024 -0.0088707186065645604 -8.8476261095771181e-05 -0.00031485799680422422 0.0090147068208771552 0.00073606955658007088 0.00014722545656087958 0.015811750175673964 0.00063730265989906201 0.0027076580832700865 -0.010066626072253912 -0.00078392947404340311 -0.0023832719269027336 -0.0016967141180128391 0.0048784093245734482 0.0060923524166541865 0.0019752730892771625 0.0070881166408013514 -0.0073900752852285008 -0.0054749967333576491 -0.0027181385259875549 0.0024379603296033527 -0.0007718896537764478 0.0061384894802609894 0.0027746117876410901 0.0023697993206807742 -0.00053729227544589903 -0.0034689853782612062 -0.0037592042342660479
leaf_weight=1241 3137 4989 273 17412 1617 609 2388 1218 174 454 4422 204 686 97 2380 1046 768 2889 151 102 750 591 1120 25761 755 775 484 195 2275 1037
leaf_count=1241 3137 4989 273 17412 1617 609 2388 1218 174 454 4422 204 686 97 2380 1046 768 2889 151 102 750 591 1120 25761 755 775 484 195 2275 1037
internal_value=9.96542e-08 -0.00030877 -0.000519968 -0.000212555 0.000748944 0.00478799 -0.00202688 -0.00149409 0.00683 0.00150605 0.00162429 -0.00437677 -0.00376664 0.00591447 -0.000478291 0.00640092 0.00235643 0.00278513 0.011762 -0.00083641 -0.00291182 0.00213556 0.000656927 -0.000496265 0.00325722 0.00443486 0.00465359 -0.00445627 -0.00256322 -0.0016493
internal_weight=80000 75152 67318 55912 12739 4848 11406 9298 2077 7834 7750 2108 1904 1752 4768 1655 4697 4141 325 556 1631 6133 1711 43173 2771 1530 1252 945 4530 2255
internal_count=80000 75152 67318 55912 12739 4848 11406 9298 2077 7834 7750 2108 1904 1752 4768 1655 4697 4141 325 556 1631 6133 1711 43173 2771 1530 1252 945 4530 2255
is_linear=0
shrinkage=0.05


Tree=104
num_leaves=31
num_cat=0
split_feature=6 6 6 3 7 3 2 7 3 1 7 1 7 9 9 7 7 5 1 3 1 5 1 3 7 7 7 3 1 7
split_gain=2.66821 0.996158 1.30954 0.815343 0.596215 0.682828 0.603026 0.47037 1.0904 0.555561 0.421044 0.35193 0.333932 0.329578 0.322531 0.296511 0.298277 0.293848 0.291906 0.353903 0.318109 0.285559 0.541805 0.635102 0.688677 0.535815 0.438223 0.353513 0.278607 0.389695
threshold=1.0000000180025095e-35 2.5000000000000004 3.5000000000000004 4.5000000000000009 2.2964395847314942 3.5000000000000004 1.5000000000000002 -1.0944404352488581 1.0000000180025095e-35 2.5000000000000004 2.6953666459056533 2.5000000000000004 -1.194172200542398 0.45124090117685461 0.45124090117685461 2.8948301764927331 2.7950984111991932 1.0000000180025095e-35 2.5000000000000004 4.5000000000000009 3.5000000000000004 1.0000000180025095e-35 2.5000000000000004 3.5000000000000004 -1.8922945575971761 -1.9920263228907162 -1.4933674964230172 3.5000000000000004 2.5000000000000004 -1.4933674964230172
decision_type=2 2 2 2 2 2 2 2 2 2 2 2 2 2 2 2 2 2 2 2 2 2 2 2 2 2 2 2 2 2
left_child=4 10 3 7 13 6 15 12 9 -9 -2 -5 21 -1 -12 16 -6 -14 -4 -20 -21 27 23 24 -23 -24 -27 28 29 -3
right_child=1 2 18 11 5 -7 -8 8 -10 -11 14 -13 17 -15 -16 -17 -18 -19 19 20 -22 22 25 -25 -26 26 -28 -29 -30 -31
leaf_value=0.00011620819155146373 -0.00015184417206922423 -0.0011368986767363264 -0.00049980748946975261 -0.00092634799961751322 0.002532599766189381 -0.00063066255842800342 0.00079470629459129694 0.0026666144644409231 -0.0034560689444481578 -0.0027132353702518999 0.00067965814207597444 0.00069793946174476261 -0.00062807994265997799 0.00041037142928157907 0.0058619640753632355 0.0044205557103980334 -0.0014894021617565055 0.0034134894543463865 -0.00017935732099047758 0.0022114441540820101 0.00010896150872567519 -0.00086534373674736545 -0.0050844833493454387 0.00092087516154722117 -0.0070659630207752016 0.003094561951960121 -0.0022686643528733986 -0.0026609520916562857 -0.0017464552053655007 0.0010675637011942126
leaf_weight=23998 26909 545 3720 854 402 444 969 127 806 77 75 547 163 15785 50 191 52 62 1782 351 369 63 52 51 155 88 67 353 576 317
leaf_count=23998 26909 545 3720 854 402 444 969 127 806 77 75 547 163 15785 50 191 52 62 1782 351 369 63 52 51 155 88 67 353 576 317
internal_value=9.56682e-08 -0.000302273 -0.000700507 -0.0013116 0.000275856 0.00110568 0.00158335 -0.00171941 -0.00262964 0.00063565 -0.000138391 -0.000292164 -0.00135041 0.000232926 0.00275561 0.00276783 0.0020717 0.000486619 -0.000218947 0.000198642 0.00113409 -0.00153275 -0.00262125 -0.00410062 -0.00527526 -0.000697721 0.000776296 -0.00124332 -0.000895162 -0.000326179
internal_weight=80000 38159 11125 4903 41841 2058 1614 3502 1010 204 27034 1401 2492 39783 125 645 454 225 6222 2502 720 2267 476 269 218 207 155 1791 1438 862
internal_count=80000 38159 11125 4903 41841 2058 1614 3502 1010 204 27034 1401 2492 39783 125 645 454 225 6222 2502 720 2267 476 269 218 207 155 1791 1438 862
is_linear=0
shrinkage=0.05


Tree=105
num_leaves=31
num_cat=0
split_feature=6 6 6 4 10 11 1 1 10 11 10 11 11 10 10 5 5 11 11 11 11 11 2 10 11 11 10 11 11 11
split_gain=2.40808 0.899059 1.1819 0.735871 0.390293 0.460484 0.317622 0.314888 0.305162 0.273905 0.345813 0.310964 0.283868 0.237897 0.273663 0.26562 0.232293 0.377909 1.18297 0.870264 0.805097 0.50184 0.540057 0.466433 1.68819 0.434766 0.336616 0.246399 0.531124 0.476408
threshold=1.0000000180025095e-35 2.5000000000000004 3.5000000000000004 1.0000000180025095e-35 3.0415855000000005 101.79854750000001 2.5000000000000004 1.5000000000000002 3.0480195000000005 101.79703950000001 3.0435825000000003 101.79828350000001 101.79829150000002 3.0479215000000006 3.0478575000000006 1.0000000180025095e-35 1.0000000180025095e-35 101.79814850000001 101.79819250000001 101.79808050000001 101.79804050000001 101.79530650000001 1.5000000000000002 3.0465015000000002 101.79826450000002 101.79827650000001 3.0448515000000005 101.79820450000001 101.79822450000002 101.79806850000001
decision_type=2 2 2 2 2 2 2 2 2 2 2 2 2 2 2 2 2 2 2 2 2 2 2 2 2 2 2 2 2 2
left_child=7 4 3 16 5 -2 -5 -1 13 10 -4 -11 -13 14 -9 -15 27 19 -19 20 21 26 -23 25 -25 -20 -18 29 -29 -3
right_child=1 2 9 6 -6 -7 -8 8 -10 11 -12 12 -14 15 -16 -17 17 18 23 -21 -22 22 -24 24 -26 -27 -28 28 -30 -31
leaf_value=9.4300610846920804e-05 0.0054529040214501626 -0.0012426993417955551 0.0015506387310739722 -0.00088003602265889825 -0.00015588057148143905 0.0007082991631504592 0.00066304886758521879 0.00036199179819662309 0.0025851980673910618 -0.00075492115269288566 -5.8425370125277829e-05 0.0038635373171847921 7.470595012829166e-05 -0.00022262254650146866 0.0026790427644877018 -0.0043649319367282703 -0.0021378508020683299 -0.010282819631751188 0.0030330456361107663 0.0028460209414240142 -0.0083120885991050802 0.0010086577784071211 -0.0022676259417725559 -0.011665995710505223 0.0013181820693992808 -0.0022667362358802161 -0.0078864057157737033 0.0044580646476870085 -0.00091902147462203417 -0.0033611567552661011
leaf_weight=16764 59 1390 398 854 26595 380 547 24604 155 2734 2071 52 967 136 128 54 52 55 50 97 50 191 368 50 50 170 50 50 551 328
leaf_count=16764 59 1390 398 854 26595 380 547 24604 155 2734 2071 52 967 136 128 54 52 55 50 97 50 191 368 50 50 170 50 50 551 328
internal_value=9.07238e-08 -0.000287161 -0.000665489 -0.00124604 -0.00013147 0.00134705 -0.000277557 0.000262064 0.000374214 -0.000207998 0.000201006 -0.00047707 0.000268412 0.000360452 0.000373994 -0.00140159 -0.00163346 -0.00220367 -0.0035154 -0.00159453 -0.00220065 -0.00173718 -0.0011482 -0.0023494 -0.00517908 -0.00106141 -0.00496073 -0.0013425 -0.000471009 -0.00164733
internal_weight=80000 38159 11125 4903 27034 439 1401 41841 25077 6222 2469 3753 1019 24922 24732 190 3502 1183 375 808 711 661 559 320 100 220 102 2319 601 1718
internal_count=80000 38159 11125 4903 27034 439 1401 41841 25077 6222 2469 3753 1019 24922 24732 190 3502 1183 375 808 711 661 559 320 100 220 102 2319 601 1718
is_linear=0
shrinkage=0.05


Tree=106
num_leaves=31
num_cat=0
split_feature=6 6 6 3 7 3 2 10 7 3 1 10 10 10 7 10 10 10 10 7 10 10 1 10 3 7 1 3 10 3
split_gain=2.17332 0.811452 1.06675 0.664179 0.540012 0.617567 0.541826 0.535461 0.404255 0.990858 0.503943 0.596184 0.49753 0.538594 0.3804 0.358745 0.347965 0.631882 0.320491 0.304692 0.304496 0.297594 0.286658 0.280499 0.536014 0.263446 0.243163 0.318635 0.35149 0.26763
threshold=1.0000000180025095e-35 2.5000000000000004 3.5000000000000004 4.5000000000000009 2.2964395847314942 3.5000000000000004 1.0000000180025095e-35 3.0471975000000007 -1.0944404352488581 1.0000000180025095e-35 2.5000000000000004 3.0460385000000003 3.0477365000000005 3.0474155000000005 2.6953666459056533 3.0415855000000005 3.0469165000000005 3.0448885000000003 3.0449935000000004 -1.194172200542398 3.0426605000000007 3.0478855000000005 2.5000000000000004 3.0447765000000007 1.0000000180025095e-35 -1.8922945575971761 2.5000000000000004 4.5000000000000009 3.0445255000000002 3.5000000000000004
decision_type=2 2 2 2 2 2 2 2 2 2 2 2 2 2 2 2 2 2 2 2 2 2 2 2 2 2 2 2 2 2
left_child=4 14 3 8 -1 6 7 23 19 10 11 -10 13 16 15 -2 17 -11 -16 -3 -7 -14 25 -6 -25 -5 29 -28 -29 -4
right_child=1 2 26 22 5 20 -8 -9 9 12 -12 -13 21 -15 18 -17 -18 -19 -20 -21 -22 -23 -24 24 -26 -27 27 28 -30 -31
leaf_value=0.00020810466697173229 0.0012797708783252532 -0.0013839333476990091 -7.8166715915602296e-05 -0.0025841483541502947 0.0014351343268575077 0.0022219299188506211 0.0010239664453284419 -0.00057129151385628568 0.0058387661060091342 -0.0025978242361156122 -0.0024726324612875722 -0.0010262078407824091 0.0025115985656939195 -0.008315579984276027 0.0050946758397493091 -0.00016119601193622323 0.00026841188206317578 -0.0063184019715475537 3.156499345001876e-05 0.00054497023430408393 -0.001217095052742743 -0.0022358234010979982 0.00062990246714662683 0.00092762746603058032 0.0067941502549678503 -0.0003948531052396149 -0.00017513258636042711 0.0021604255584235167 -4.9104445916318582e-05 -0.00093256992016007537
leaf_weight=39783 439 2267 2084 172 64 78 1279 71 68 381 77 59 52 59 64 26470 61 163 61 225 366 90 547 53 147 682 1782 365 355 1636
leaf_count=39783 439 2267 2084 172 64 78 1279 71 68 381 77 59 52 59 64 26470 61 163 61 225 366 90 547 53 147 682 1782 365 355 1636
internal_value=8.45601e-08 -0.000272806 -0.000632229 -0.00118377 0.000248961 0.00103871 0.00149297 0.00328275 -0.00155185 -0.00239568 0.000716958 0.00265123 -0.00318348 -0.00375789 -0.000124895 -0.000137683 -0.00331212 -0.00371359 0.00262588 -0.00120976 -0.000612578 -0.000496787 -0.00026368 0.00431908 0.00524076 -0.000836039 -0.000197595 0.000183538 0.00107115 -0.000453935
internal_weight=80000 38159 11125 4903 41841 2058 1614 335 3502 1010 204 127 806 664 27034 26909 605 544 125 2492 444 142 1401 264 200 854 6222 2502 720 3720
internal_count=80000 38159 11125 4903 41841 2058 1614 335 3502 1010 204 127 806 664 27034 26909 605 544 125 2492 444 142 1401 264 200 854 6222 2502 720 3720
is_linear=0
shrinkage=0.05


Tree=107
num_leaves=31
num_cat=0
split_feature=8 8 1 6 6 8 7 6 8 9 9 9 3 9 8 6 8 3 8 3 8 7 8 0 3 0 8 0 0 7
split_gain=43.8088 9.54808 6.18495 4.30545 4.30287 3.96858 3.53979 3.23921 6.38999 6.44668 3.19831 2.87921 2.56285 2.60178 3.74859 3.32047 2.52638 2.07222 2.05832 2.38321 2.00192 3.35874 1.98635 3.68836 1.84473 2.06757 2.31371 3.26007 2.66807 1.81526
threshold=-1.4730696678123223 -0.90845589113742709 1.5000000000000002 1.0000000180025095e-35 2.5000000000000004 -1.568176614772981 0.90019487062193726 1.0000000180025095e-35 0.58110643309147936 0.45124090117685461 0.45124090117685461 0.45124090117685461 4.5000000000000009 0.45124090117685461 0.29712512667373797 2.5000000000000004 -1.700120759500092 4.5000000000000009 0.066055431593264671 2.5000000000000004 -1.2620929896953685 -0.097122782313460637 -0.62447458471968587 3.5000000000000004 4.5000000000000009 2.5000000000000004 -0.27686539125079995 1.5000000000000002 1.5000000000000002 2.3961713500250346
decision_type=2 2 2 2 2 2 2 2 2 2 2 2 2 2 2 2 2 2 2 2 2 2 2 2 2 2 2 2 2 2
left_child=2 4 -1 16 10 17 7 8 9 -3 -2 -10 13 -9 15 -15 -4 -5 -11 -20 -12 -22 23 -8 25 26 27 -24 -28 -18
right_child=1 6 3 5 -6 -7 22 12 11 18 20 -13 -14 14 -16 -17 29 -19 19 -21 21 -23 24 -25 -26 -27 28 -29 -30 -31
leaf_value=0.0021871205615214334 0.00065995297839644155 -0.00013204655779761748 0.015267779632898999 0.0062985738790035193 -0.00075304665428405353 0.0015856656593379488 -0.0020290948801354107 -0.00074218051828627224 -6.926771895395335e-05 0.0020376729373565443 0.0038480244824547548 -0.0012572380449303964 -0.0002120445615531835 -0.00034808024026639154 -0.0040634928366271002 -0.0033805285696727853 0.006523418824079941 -0.0012092733636774684 0.0071380621440348055 0.0020365849672606589 0.0043547084976195034 0.00039796558331149526 0.004168027850993781 0.0023551849100982916 -0.00035534439438177101 -0.0035240989616160188 -0.0053506689756140013 -0.002613274767771429 -0.00024889200839285446 0.013897336914539185
leaf_weight=2109 6158 4243 129 1740 3059 750 1189 9309 13336 2428 1592 8259 9347 2923 1702 1306 564 97 502 421 767 1783 370 804 1174 2476 511 340 514 98
leaf_count=2109 6158 4243 129 1740 3059 750 1189 9309 13336 2428 1592 8259 9347 2923 1702 1306 564 97 502 421 767 1783 370 804 1174 2476 511 340 514 98
internal_value=8.03597e-08 -0.000317432 0.0043118 0.0056382 0.000893545 0.00465082 -0.000581969 -0.000441064 -8.49085e-05 0.00116261 0.00138257 -0.00052361 -0.000863879 -0.00126366 -0.00208212 -0.00128462 0.00886646 0.00590209 0.00280186 0.00481164 0.00245686 0.00158822 -0.00160896 -0.000260395 -0.00210806 -0.00259668 -0.00127305 0.000920733 -0.00279259 0.00761696
internal_weight=80000 74513 5487 3378 13359 2587 61154 53776 29189 7594 10300 21595 24587 15240 5931 4229 791 1837 3351 923 4142 2550 7378 1993 5385 4211 1735 710 1025 662
internal_count=80000 74513 5487 3378 13359 2587 61154 53776 29189 7594 10300 21595 24587 15240 5931 4229 791 1837 3351 923 4142 2550 7378 1993 5385 4211 1735 710 1025 662
is_linear=0
shrinkage=0.05


Tree=108
num_leaves=31
num_cat=0
split_feature=8 8 5 8 2 6 8 8 6 6 8 6 5 6 6 8 8 6 0 8 6 6 0 6 2 8 0 0 6 8
split_gain=39.6466 9.67709 11.124 5.70558 5.15109 4.58027 3.96316 3.36159 3.28064 3.10989 3.19823 2.96652 2.79718 2.53537 2.3982 2.36678 2.31398 2.28953 2.12321 4.15162 2.04018 1.99313 1.9731 1.83847 3.0034 1.69906 2.50333 2.49765 2.23158 4.85898
threshold=-1.5025394260254843 -1.1736837150558832 1.0000000180025095e-35 -0.26480958107268832 1.0000000180025095e-35 1.0000000180025095e-35 -1.6739998374475167 -0.62447458471968587 1.0000000180025095e-35 2.5000000000000004 0.32525535042266529 2.5000000000000004 1.0000000180025095e-35 1.0000000180025095e-35 3.5000000000000004 -1.3900185310297755 -1.6043440453073161 2.5000000000000004 2.5000000000000004 -1.030353527382778 1.0000000180025095e-35 1.0000000180025095e-35 2.5000000000000004 2.5000000000000004 1.0000000180025095e-35 0.39692044425921785 2.5000000000000004 1.5000000000000002 1.0000000180025095e-35 0.13303215480499608
decision_type=2 2 2 2 2 2 2 2 2 2 2 2 2 2 2 2 2 2 2 2 2 2 2 2 2 2 2 2 2 2
left_child=5 8 3 11 9 16 -7 17 -2 10 21 18 15 -9 -13 -10 22 -6 -3 -20 -21 -4 -1 25 -25 27 -27 -5 29 -29
right_child=1 2 4 23 7 6 -8 13 12 -11 -12 14 -14 -15 -16 -17 -18 -19 19 20 -22 -23 -24 24 -26 26 -28 28 -30 -31
leaf_value=0.0055284809537526859 0.0025538750775212934 0.00029368509172331478 -0.0016996323117742665 -0.0013625180108741376 -4.0213772789150769e-05 0.0053143608912207194 0.0020855376395009953 -0.0015930075946915723 -0.00062073204956550245 -0.010969781121381092 -0.0095146396462036705 -0.0012239895526351989 -0.000569630116194786 -0.0041593608699755881 0.0012258523506785751 0.0032056744859793869 0.0052946194362555269 -0.0035087043020961754 0.0054596202065752154 0.0025298582961031111 0.00037809544123757681 -0.0052721224505208409 0.012557965159084306 -0.0058555630420280983 -0.0010210529158298158 -3.425563178353627e-05 -0.00097631322141204574 0.0007235695984999026 -1.4926237974048262e-05 0.0062733543782983407
leaf_weight=154 3384 3279 1162 2281 4108 1775 2046 3292 596 154 204 2722 2599 1360 1578 1255 588 538 714 2013 2433 588 285 387 1889 11990 17122 2322 6707 475
leaf_count=154 3384 3279 1162 2281 4108 1775 2046 3292 596 154 204 2722 2599 1360 1578 1255 588 538 714 2013 2433 588 285 387 1889 11990 17122 2322 6707 475
internal_value=7.92499e-08 -0.000282632 -0.000476185 -0.000185882 -0.00189923 0.00438248 0.00358555 -0.00139327 0.00138056 -0.00413076 -0.00359123 0.000743949 0.000488281 -0.00234335 -0.000324947 0.00197365 0.00734688 -0.000441927 0.00128859 0.0019208 0.00135238 -0.00290022 0.0100939 -0.000460247 -0.00184331 -0.000383273 -0.000588321 0.000123251 0.000479852 0.00166625
internal_weight=80000 75152 67318 55912 11406 4848 3821 9298 7834 2108 1954 12739 4450 4652 4300 1851 1027 4646 8439 5160 4446 1750 439 43173 2276 40897 29112 11785 9504 2797
internal_count=80000 75152 67318 55912 11406 4848 3821 9298 7834 2108 1954 12739 4450 4652 4300 1851 1027 4646 8439 5160 4446 1750 439 43173 2276 40897 29112 11785 9504 2797
is_linear=0
shrinkage=0.05


Tree=109
num_leaves=31
num_cat=0
split_feature=8 9 8 8 3 10 3 8 10 10 10 3 9 9 8 8 0 10 8 8 1 10 9 11 11 3 3 8 11 8
split_gain=36.0559 6.62259 6.31953 3.43168 3.36115 2.62677 2.63894 2.54725 2.0903 2.18281 2.48251 2.12121 1.91873 1.89993 4.68702 2.07405 1.87705 1.78801 1.69389 1.50841 1.43194 1.20604 1.17362 1.11446 1.95782 1.41202 1.26907 1.1024 1.02435 1.00986
threshold=-1.416809220314468 0.45124090117685461 -0.82942335774758391 -1.5835812611116793 4.5000000000000009 3.0422145000000005 4.5000000000000009 -1.700120759500092 3.0425285000000004 3.0472355000000007 3.0466735000000003 3.5000000000000004 -1.117930881447166 0.45124090117685461 0.50140413246951887 -0.17506077196896827 4.5000000000000009 3.0436355000000002 -1.286204610051592 -0.35388862294429102 1.5000000000000002 3.0475215000000007 -1.117930881447166 101.79592050000001 101.79642450000001 1.5000000000000002 4.5000000000000009 -1.700120759500092 101.79492050000002 -1.568176614772981
decision_type=2 2 2 2 2 2 2 2 2 2 2 2 2 2 2 2 2 2 2 2 2 2 2 2 2 2 2 2 2 2
left_child=1 7 12 5 13 -3 8 22 -7 10 11 17 -2 -4 15 -15 -16 -10 -14 20 -6 28 -1 -5 -25 -26 29 -13 -9 -27
right_child=2 3 4 23 19 6 -8 21 9 -11 -12 27 18 14 16 -17 -18 -19 -20 -21 -22 -23 -24 24 25 26 -28 -29 -30 -31
leaf_value=0.0020112183626859416 -0.00055202766428247871 0.0007186524527586116 -0.00053994312885515677 5.5373629505396642e-05 -0.00032046791615548129 0.0179101542269836 -0.0031994831035067391 -0.0031239270829329919 0.0049764112058183173 0.013329648860344304 0.00027149839405182671 0.0071112403281512419 0.002066808638827695 -0.0012335907168243431 -0.0033004896496307695 0.00029675020747710562 -0.0015554646817212622 0.010614268096707452 0.00059454432461091119 -0.00018252780771900559 0.0021952452278587598 4.9114863127281593e-05 0.0056675900291603487 0.011770732556004667 0.0013824115235068607 0.012293466445585358 -0.00085254611864903822 -0.0010709960206628838 0.0024262242655205763 0.0051460684938322565
leaf_weight=337 2733 145 23668 191 957 54 52 87 193 157 121 78 2520 4729 2687 4163 3614 521 8693 18116 1383 1023 630 79 433 54 82 87 1833 580
leaf_count=337 2733 145 23668 191 957 54 52 87 193 157 121 78 2520 4729 2687 4163 3614 521 8693 18116 1383 1023 630 79 433 54 82 87 1833 580
internal_value=7.55958e-08 0.00350048 -0.000321814 0.00534411 -0.000546981 0.00709299 0.00782468 0.00216741 0.00829828 0.00784816 0.00698632 0.00791053 0.000635895 -0.000820053 -0.00125641 -0.00051713 -0.00229965 0.00909122 0.000925435 -2.8215e-05 0.00116641 0.00143579 0.00439368 0.0036084 0.00416098 0.00363679 0.00499974 0.00279893 0.00217458 0.00575668
internal_weight=80000 6737 73263 2827 59317 1408 1263 3910 1211 1157 1000 879 13946 38861 15193 8892 6301 714 11213 20456 2340 2943 967 1419 1228 1149 716 165 1920 634
internal_count=80000 6737 73263 2827 59317 1408 1263 3910 1211 1157 1000 879 13946 38861 15193 8892 6301 714 11213 20456 2340 2943 967 1419 1228 1149 716 165 1920 634
is_linear=0
shrinkage=0.05


Tree=110
num_leaves=31
num_cat=0
split_feature=8 9 8 6 7 7 7 8 6 8 9 8 11 3 8 6 3 9 9 8 8 11 8 7 6 3 9 8 6 3
split_gain=32.5416 5.97742 5.70368 3.95707 3.50932 3.41858 3.0117 2.61659 2.52626 4.83249 5.49145 2.50502 3.67888 2.49852 2.40694 2.02772 1.99625 1.92972 1.92713 1.89755 1.87286 1.74929 1.74855 1.73437 1.70951 1.57584 1.79846 3.78202 2.3784 1.26228
threshold=-1.416809220314468 0.45124090117685461 -0.81669778033735496 1.0000000180025095e-35 0.50126780944777805 1.6980489929702556 0.20207251356715863 -1.700120759500092 1.0000000180025095e-35 0.58110643309147936 0.45124090117685461 -1.6043440453073161 101.79819250000001 4.5000000000000009 0.066055431593264671 1.0000000180025095e-35 2.5000000000000004 0.45124090117685461 0.45124090117685461 -1.6739998374475167 0.38285533238475428 101.79600650000002 -1.6257765967350701 0.60099957474131782 1.0000000180025095e-35 4.5000000000000009 0.45124090117685461 0.19799957632037568 2.5000000000000004 4.5000000000000009
decision_type=2 2 2 2 2 2 2 2 2 2 2 2 2 2 2 2 2 2 2 2 2 2 2 2 2 2 2 2 2 2
left_child=1 6 3 17 8 7 19 -3 9 10 -4 12 -7 15 -12 -6 20 -2 -11 -1 -16 -13 -8 -19 -24 26 -10 28 -28 -20
right_child=2 5 4 -5 13 11 22 -9 25 18 14 21 -14 -15 16 -17 -18 23 29 -21 -22 -23 24 -25 -26 -27 27 -29 -30 -31
leaf_value=0.0027323513546523501 0.00086011170191258772 0.0070171552283557516 -0.00012169991176419144 -8.9842558392364829e-05 -0.0013809647138809018 0.019506965941178081 0.0052243916077867152 0.0032552955406938999 -0.00061045972406926412 -8.09621156424234e-06 0.0019030195750937891 -0.0023591891674700372 0.0046009293390867389 -1.4717583501073468e-05 0.010320476614628846 -0.0033441960391534784 0.0024486506702419094 0.0044197735537459407 -0.0015543895556134333 -0.00077128507414660978 0.0037514389144578451 0.0078238173429977537 0.0040696185290665854 0.0016092482955861629 0.0006481620454013503 -0.00020055547985975311 0.00019292480152803125 -0.0034678495308299571 -0.0026810758573130029 -0.00023821221964597934
leaf_weight=598 3429 635 3541 8531 6178 106 755 1700 8451 12283 2002 50 68 2616 245 1671 376 916 4508 1092 195 268 691 1370 774 8547 2234 2051 1062 3057
leaf_count=598 3429 635 3541 8531 6178 106 755 1700 8451 12283 2002 50 68 2616 245 1671 376 916 4508 1092 195 268 691 1370 774 8547 2234 2051 1062 3057
internal_value=7.71271e-08 0.00332553 -0.000305723 0.000592214 -0.000522475 0.00507704 0.00205905 0.00427858 -0.000343471 -1.04381e-05 0.00118908 0.00886483 0.0136876 -0.00135295 0.00283611 -0.00179896 0.00512485 0.00161033 -0.00039475 0.000468552 0.00741071 0.00622248 0.00326976 0.00273557 0.00226214 -0.000734062 -0.00106453 -0.00178217 -0.000733157 -0.00102254
internal_weight=80000 6737 73263 14246 59017 2827 3910 2335 48552 26207 6359 492 174 10465 2818 7849 816 5715 19848 1690 440 318 2220 2286 1465 22345 13798 5347 3296 7565
internal_count=80000 6737 73263 14246 59017 2827 3910 2335 48552 26207 6359 492 174 10465 2818 7849 816 5715 19848 1690 440 318 2220 2286 1465 22345 13798 5347 3296 7565
is_linear=0
shrinkage=0.05


Tree=111
num_leaves=31
num_cat=0
split_feature=8 5 8 1 8 8 8 11 10 1 8 10 1 8 1 8 3 1 10 10 8 3 1 1 1 8 1 8 8 1
split_gain=29.5059 9.47466 7.99714 6.43969 4.89699 4.86653 3.26436 2.87542 2.57898 2.27776 3.11428 7.65542 3.10269 2.32245 2.26817 3.01612 1.9352 1.90207 1.89422 2.99836 1.88967 1.82788 1.79851 1.43072 1.4018 9.41314 1.87684 3.05876 2.33421 2.01098
threshold=-1.3237115750501616 1.0000000180025095e-35 -1.0444186392572414 1.5000000000000002 -1.568176614772981 -0.77852104810666811 0.025869397666225803 101.79802350000001 3.0477455000000004 1.5000000000000002 -0.44832580267283234 3.0441735000000003 3.5000000000000004 -0.77852104810666811 3.5000000000000004 -1.2232464902325644 4.5000000000000009 3.5000000000000004 3.0422145000000005 3.0425285000000004 -0.55749786150795455 2.5000000000000004 1.0000000180025095e-35 1.5000000000000002 3.5000000000000004 -0.032400351527980438 1.5000000000000002 0.86173890334863368 -0.04311662724185749 2.5000000000000004
decision_type=2 2 2 2 2 2 2 2 2 2 2 2 2 2 2 2 2 2 2 2 2 2 2 2 2 2 2 2 2 2
left_child=3 2 14 7 8 -3 9 -1 16 13 12 -12 -11 22 -2 -16 18 -13 -5 -20 -14 -6 -4 -8 26 -26 -7 28 -28 -30
right_child=1 5 6 4 21 24 23 -9 -10 10 11 17 20 -15 15 -17 -18 -19 19 -21 -22 -23 -24 -25 25 -27 27 -29 29 -31
leaf_value=-0.00052412584640719191 0.0031669166457414712 -0.00053295126492785465 -0.00045534535145200819 0.00021522779209991703 0.0014569708850308124 -0.0019044168177414678 -8.4635426370577467e-05 0.0023491935307309096 0.015310459645921521 0.00089564268870676641 0.0026741927776459426 -0.00013502154780410005 0.0044476630693165596 0.00011762203910329339 0.0046436002912711083 -0.0028080087862426919 -0.0015817724356273996 -0.0023758351273176349 0.017423159449482455 0.0056883006760896125 1.220415634404365e-05 0.0038566818330386856 -0.0040762159352453779 -0.00071886355267565148 0.0017950383733072771 -0.006597584611435366 -0.00436195344481617 -0.011630791194107063 -0.0038182952325922469 0.001205361089106309
leaf_weight=1605 2364 6494 721 151 1774 2942 14899 1903 66 3367 1837 1888 1254 5549 206 398 98 1900 56 1863 297 1436 654 22055 983 506 1816 117 371 430
leaf_count=1605 2364 6494 721 151 1774 2942 14899 1903 66 3367 1837 1888 1254 5549 206 398 98 1900 56 1863 297 1436 654 22055 983 506 1816 117 371 430
internal_value=7.72429e-08 -0.000340774 -5.90837e-05 0.00270524 0.00378172 -0.0015243 -0.000196924 0.0010346 0.00557929 0.000366332 0.000829041 2.55108e-05 0.00174807 -0.000338225 0.00246827 -0.000266218 0.00528235 -0.00125901 0.00560738 0.00603164 0.00359838 0.00253057 -0.00217773 -0.000463158 -0.0024228 -0.00105724 -0.002781 -0.00372417 -0.00337025 -0.00112164
internal_weight=80000 71048 57389 8952 5444 13659 54421 3508 2234 17467 10543 5625 4918 6924 2968 604 2168 3788 2070 1919 1551 3210 1375 36954 7165 1489 5676 2734 2617 801
internal_count=80000 71048 57389 8952 5444 13659 54421 3508 2234 17467 10543 5625 4918 6924 2968 604 2168 3788 2070 1919 1551 3210 1375 36954 7165 1489 5676 2734 2617 801
is_linear=0
shrinkage=0.05


Tree=112
num_leaves=31
num_cat=0
split_feature=8 8 6 6 6 8 7 0 8 1 7 7 8 1 3 0 8 1 0 6 8 2 6 3 0 8 6 7 1 8
split_gain=26.9558 6.85982 4.11992 3.33631 2.994 3.67495 3.04468 4.06828 3.30301 2.96861 2.45705 2.2554 2.09639 2.00653 2.79615 1.82693 1.88091 1.82678 1.775 1.74426 1.73854 2.7693 2.19362 2.18619 1.84293 1.62264 1.52227 1.52102 1.84515 1.4484
threshold=-1.5186138395962998 -1.1736837150558832 2.5000000000000004 1.0000000180025095e-35 1.0000000180025095e-35 0.47126460702423967 0.50126780944777805 2.5000000000000004 0.13303215480499608 1.5000000000000002 0.20207251356715863 2.6953666459056533 -1.700120759500092 1.5000000000000002 4.5000000000000009 4.5000000000000009 -0.6358606276656803 1.5000000000000002 3.5000000000000004 3.5000000000000004 0.13303215480499608 1.0000000180025095e-35 2.5000000000000004 4.5000000000000009 4.5000000000000009 -1.700120759500092 3.5000000000000004 1.2991219317960965 1.5000000000000002 0.32525535042266529
decision_type=2 2 2 2 2 2 2 2 2 2 2 2 2 2 2 2 2 2 2 2 2 2 2 2 2 2 2 2 2 2
left_child=2 3 9 17 5 6 7 -3 15 -1 20 12 -11 -12 -15 16 -9 -2 -10 25 22 23 -6 -22 -23 -4 -24 -7 -29 -26
right_child=1 4 19 -5 10 27 -8 8 18 11 13 -13 -14 14 -16 -17 -18 -19 -20 -21 21 24 26 -25 29 -27 -28 28 -30 -31
leaf_value=0.0028310686017023381 0.00093815282150103282 -0.00024309307141425729 0.0023173332318139044 0.00026827552122280662 0.00033797308975502295 -0.00038436385069639444 -0.0002466332543618036 0.0030389801347106729 0.0071059939060527273 0.0085304489256616267 -0.00055871899960204029 0.015437709348488385 0.0046811631628540934 -0.003317274885817885 0.00020851457802299961 0.0032264470237818028 0.00010678166420067953 0.0032633895437978715 -0.00021797726818606348 0.0036579421435397083 -0.0046297672032976946 -0.0002558797603923393 -0.0017238448427874808 -0.0010440597718733783 -7.448644602112008e-05 -0.0017037841259350747 -0.00014827312842474825 -3.5857951483450615e-05 -0.0043684712885455022 -0.0028781434365101784
leaf_weight=1024 1429 2808 559 4651 8207 22815 6277 762 457 513 2183 64 1141 2494 726 1283 1937 2066 101 780 877 6340 2974 825 683 455 3164 453 537 1415
leaf_count=1024 1429 2808 559 4651 8207 22815 6277 762 457 513 2183 64 1141 2494 726 1283 1937 2066 101 780 877 6340 2974 825 683 455 3164 453 537 1415
internal_value=7.48574e-08 -0.000224945 0.00374359 0.00114545 -0.000390776 -9.28078e-05 0.000562054 0.00125287 0.00217811 0.00496244 -0.000763932 0.00623259 0.00587549 -0.001729 -0.00252235 0.00167316 0.000934702 0.00231272 0.00578053 0.00188049 -0.000550969 -0.00105209 -0.00019674 -0.00289185 -0.000680964 0.000512996 -0.000911689 -0.000467625 -0.00238618 -0.00196547
internal_weight=80000 75464 4536 8146 67318 37430 13625 7348 4540 2742 29888 1718 1654 5403 3220 3982 2699 3495 558 1794 24485 10140 14345 1702 8438 1014 6138 23805 990 2098
internal_count=80000 75464 4536 8146 67318 37430 13625 7348 4540 2742 29888 1718 1654 5403 3220 3982 2699 3495 558 1794 24485 10140 14345 1702 8438 1014 6138 23805 990 2098
is_linear=0
shrinkage=0.05


Tree=113
num_leaves=31
num_cat=0
split_feature=6 6 5 6 3 3 11 11 11 11 11 0 3 1 11 11 11 11 11 11 1 11 11 3 11 5 11 11 0 3
split_gain=2.27856 1.17871 1.02873 0.747228 0.525269 0.390136 0.384958 0.327587 0.58238 0.516783 0.343727 0.484834 0.538195 0.580358 0.43685 0.649114 0.559152 0.225917 0.252593 0.257358 0.217965 0.216355 0.215766 0.214999 0.210365 0.334685 0.235458 0.205367 0.201296 0.425001
threshold=2.5000000000000004 3.5000000000000004 1.0000000180025095e-35 1.0000000180025095e-35 1.0000000180025095e-35 5.5000000000000009 101.79808050000001 101.79814850000001 101.79826050000001 101.79833150000002 101.79693350000001 4.5000000000000009 3.5000000000000004 1.5000000000000002 101.79622550000002 101.79589850000001 101.79558250000001 101.79703950000001 101.79828350000001 101.79849150000001 1.5000000000000002 101.79679850000001 101.79520250000002 5.5000000000000009 101.79844450000002 1.0000000180025095e-35 101.79858150000001 101.79782250000001 3.5000000000000004 3.5000000000000004
decision_type=2 2 2 2 2 2 2 2 2 2 2 2 2 2 2 2 2 2 2 2 2 2 2 2 2 2 2 2 2 2
left_child=3 2 5 20 6 -2 21 10 -9 -10 14 12 13 -12 15 16 22 -3 23 -20 24 -4 -6 -19 -1 -26 -27 -25 -5 -30
right_child=1 17 4 28 7 -7 -8 8 9 -11 11 -13 -14 -15 -16 -17 -18 18 19 -21 -22 -23 -24 27 25 26 -28 -29 29 -31
leaf_value=2.4907397736853134e-05 -0.0010793003966638784 0.00016445154244669114 -0.00018038001599410765 -0.00020867936893734587 -0.0039249798817254135 0.00023876102129701074 0.0024272938627570538 -0.007146175698946643 0.00083423283829103497 -0.0045650786978097746 -0.0014856436295618068 0.002734416152460084 0.0017018127125020292 -0.0071391947700319217 -0.0063280504740153764 0.0020778641236546629 -0.0080723115299006897 -0.00052577685204514715 0.00077287056217683356 -0.00092234977659107458 0.00033300355340369598 -0.0042335992743519233 0.00043998570887518484 0.00044313122820584217 0.00018555407487959232 0.0021310240156816969 5.0973979066933261e-05 -0.0024287583063820413 -0.00020310453426770794 0.00043090087366917152
leaf_weight=14203 3031 2469 76 16254 62 689 81 117 68 127 129 62 67 70 98 61 55 2362 687 332 25077 58 52 79 1916 450 195 293 6137 4643
leaf_count=14203 3031 2469 76 16254 62 689 81 117 68 127 129 62 67 70 98 61 55 2362 687 332 25077 58 52 79 1916 450 195 293 6137 4643
internal_value=7.3248e-08 -0.000663875 -0.00124364 0.000107318 -0.0025279 -0.000835176 -0.000292169 -0.00302439 -0.00435831 -0.00268278 -0.00238939 -0.0012443 -0.00217235 -0.00347692 -0.00353376 -0.00234092 -0.00393615 -0.000207001 -0.000451368 0.000220515 0.000239697 -0.00193661 -0.0019353 -0.000701787 0.00010012 0.000517223 0.00150228 -0.00181891 -9.75676e-05 6.99662e-05
internal_weight=80000 11125 4903 68875 1183 3720 215 968 312 195 656 328 266 199 328 230 169 6222 3753 1019 41841 134 114 2734 16764 2561 645 372 27034 10780
internal_count=80000 11125 4903 68875 1183 3720 215 968 312 195 656 328 266 199 328 230 169 6222 3753 1019 41841 134 114 2734 16764 2561 645 372 27034 10780
is_linear=0
shrinkage=0.05


Tree=114
num_leaves=31
num_cat=0
split_feature=8 8 5 2 8 9 9 9 8 8 9 8 8 9 5 11 8 9 8 8 8 2 2 8 2 2 8 8 2 2
split_gain=24.697 6.6611 8.45059 4.40058 4.2303 4.94285 3.43581 2.57043 2.56296 2.12189 1.93809 1.93554 1.86462 1.44204 1.42996 1.97161 1.33502 1.71019 1.58518 1.32281 1.27217 1.23836 1.11542 2.56425 3.95576 2.95513 2.09808 1.93006 1.48447 1.35999
threshold=-1.5353580203992327 -1.1736837150558832 1.0000000180025095e-35 1.0000000180025095e-35 -0.28892120142891164 1.0000000180025095e-35 -1.117930881447166 1.0000000180025095e-35 -0.55749786150795455 0.32525535042266529 1.0000000180025095e-35 -0.73900478141174653 -1.700120759500092 1.0000000180025095e-35 1.0000000180025095e-35 101.79556250000002 -0.6358606276656803 0.45124090117685461 -0.44832580267283234 -1.286204610051592 -1.0712093285419342 2.5000000000000004 2.5000000000000004 -0.032400351527980438 1.5000000000000002 1.5000000000000002 -0.032400351527980438 0.74586917219233861 3.5000000000000004 3.5000000000000004
decision_type=2 2 2 2 2 2 2 2 2 2 2 2 2 2 2 2 2 2 2 2 2 2 2 2 2 2 2 2 2 2
left_child=6 7 4 9 5 -3 -1 -2 10 -4 11 20 -8 -6 15 -9 -7 18 -18 -17 -5 -13 23 25 -25 -10 -24 28 -28 -29
right_child=1 2 3 8 13 16 12 14 22 -11 -12 21 -14 -15 -16 19 17 -19 -20 -21 -22 -23 26 24 -26 -27 27 29 -30 -31
leaf_value=0.00081042640170177855 4.8849267351785769e-05 -0.00055189195961436799 -0.0031567680303070133 -0.00076747832552855196 -1.3806578460916879e-06 0.0020937542645330862 0.0058489317256714291 -2.1829155016913606e-05 0.003139422641197858 -0.0085218466283540888 -0.0013711355316816084 -0.0037713214361293716 0.0034616408767364441 -0.00058723463967352482 0.0012046116714327557 0.0050748444890532859 0.0011436055588078435 0.0015385589789264941 -0.0027351225265725698 0.0018696457288582859 0.0022014565735522149 0.00035355759549849725 -0.0044622676472018761 -0.0061766896698667324 1.0558470121674791e-06 -0.0022199375491531548 -0.0021846734828009501 -0.0010287063678020034 0.0022790437469339324 -0.0084630811902701997
leaf_weight=817 3389 4799 1904 490 17602 4204 1368 424 524 204 2600 349 2036 26046 3272 862 498 2204 559 514 1368 380 1052 506 531 505 378 113 367 135
leaf_count=817 3389 4799 1904 490 17602 4204 1368 424 524 204 2600 349 2036 26046 3272 862 498 2204 559 514 1368 380 1052 506 531 505 378 113 367 135
internal_value=6.74933e-08 -0.000207273 -0.000373467 -0.00161378 -0.000120442 0.000700037 0.00372234 0.001115 -0.00114613 -0.00367635 -0.000407087 0.000561822 0.00442119 -0.000350977 0.00182736 0.00295925 0.00150486 0.000745626 -0.000907745 0.00387778 0.00141848 -0.00162143 -0.00207858 -0.00125908 -0.00301366 0.000509261 -0.00290639 -0.00125778 1.42423e-05 -0.00507742
internal_weight=80000 75779 67318 11406 55912 12264 4221 8461 9298 2108 5187 2587 3404 43648 5072 1800 7465 3261 1057 1376 1858 729 4111 2066 1037 1029 2045 993 745 248
internal_count=80000 75779 67318 11406 55912 12264 4221 8461 9298 2108 5187 2587 3404 43648 5072 1800 7465 3261 1057 1376 1858 729 4111 2066 1037 1029 2045 993 745 248
is_linear=0
shrinkage=0.05


Tree=115
num_leaves=31
num_cat=0
split_feature=8 8 5 6 9 8 7 5 8 8 9 8 7 8 9 8 8 10 9 6 8 6 11 8 8 11 10 9 8 6
split_gain=22.2892 6.03244 7.04921 4.26991 4.41705 4.04939 3.55272 3.43795 3.74347 3.25753 3.17113 3.07267 2.93466 2.88079 2.50528 2.85512 3.58974 2.33354 2.23536 2.44836 8.90858 1.94153 1.8596 1.84748 1.78845 3.27409 1.7749 1.73334 1.78865 1.67647
threshold=-1.5353580203992327 -1.083934905952163 1.0000000180025095e-35 1.0000000180025095e-35 1.0000000180025095e-35 -0.79124662551689706 1.0996584012090167 1.0000000180025095e-35 -1.3900185310297755 -0.73900478141174653 0.45124090117685461 -1.3900185310297755 -0.69551337407469915 0.025869397666225803 1.0789096142264631 -0.97476284711704109 -0.54343274963349086 3.0444195000000005 0.45124090117685461 1.0000000180025095e-35 0.54895760594984822 1.0000000180025095e-35 101.79792650000002 0.19799957632037568 -1.2111906800544525 101.79616150000001 3.0439695000000007 -1.117930881447166 -1.700120759500092 3.5000000000000004
decision_type=2 2 2 2 2 2 2 2 2 2 2 2 2 2 2 2 2 2 2 2 2 2 2 2 2 2 2 2 2 2
left_child=6 7 13 9 5 -5 27 10 21 17 11 -2 -10 14 -3 -16 -17 -4 -15 20 -20 -9 -6 26 -13 -26 -21 -1 -29 -25
right_child=1 2 3 4 22 -7 -8 8 12 -11 -12 24 -14 18 15 16 -18 -19 19 23 -22 -23 -24 29 25 -27 -28 28 -30 -31
leaf_value=0.00012525201977039239 -0.0024090976626593209 7.9664049436213439e-05 0.0032795451667171349 0.0020378752571736745 -0.0033090558166817886 -0.0031448098757727427 0.005721518348984639 0.0034931422370586157 -0.0065701712236223972 -0.0014692654916842452 0.0037953847504661217 0.0033262484855023592 -0.00034429556050179997 -9.3376946656225735e-05 0.006735861821856092 -0.0010579542073038772 0.0024352655637839972 -0.00049138800123761509 0.0044247109985492443 0.0019034336389727059 -0.00090414695624075388 0.00052595503449745908 -0.0063680350047503973 -0.0021142227816884989 -0.004430058688712591 0.0023223684200500516 -0.0018656441123018645 0.0047565666258486614 0.0019722354078547948 -0.0071956787470822334
leaf_weight=580 538 14513 704 672 1436 858 1291 1022 198 4837 1598 990 4250 22517 249 1149 2043 983 863 579 8590 1197 760 3557 263 565 678 1017 1333 170
leaf_count=580 538 14513 704 672 1436 858 1291 1022 198 4837 1598 990 4250 22517 249 1149 2043 983 863 579 8590 1197 760 3557 263 565 678 1017 1333 170
internal_value=6.31831e-08 -0.000196911 -0.000377023 -0.0015807 -0.00293105 -0.000868509 0.00353624 0.000908035 0.000215254 -0.000809451 0.00207613 0.000909896 -0.000621578 -0.000152323 0.000367263 0.00158022 0.00117784 0.00108236 -0.000404762 -0.000890417 -0.000417614 0.00189264 -0.00436796 -0.00178714 0.00189216 0.0001773 -0.000129516 0.00257321 0.00317735 -0.00234619
internal_weight=80000 75779 65158 10250 3726 1530 4221 10621 6667 6524 3954 2356 4448 54908 17954 3441 3192 1687 36954 14437 9453 2219 2196 4984 1818 828 1257 2930 2350 3727
internal_count=80000 75779 65158 10250 3726 1530 4221 10621 6667 6524 3954 2356 4448 54908 17954 3441 3192 1687 36954 14437 9453 2219 2196 4984 1818 828 1257 2930 2350 3727
is_linear=0
shrinkage=0.05


Tree=116
num_leaves=31
num_cat=0
split_feature=8 8 5 2 6 5 6 9 6 8 8 8 9 8 6 6 9 8 6 6 6 2 8 0 5 8 8 8 0 5
split_gain=20.1366 4.62708 7.90571 4.07639 3.657 4.18248 3.45104 2.86125 2.65927 2.47784 2.45229 2.14863 1.96384 1.94986 1.90787 1.77568 2.87409 1.6856 1.64386 1.66611 1.6216 2.45974 1.59717 1.41709 1.36159 1.29555 1.26921 1.21233 1.79371 1.13051
threshold=-1.4878045469189034 -0.85420474533592461 1.0000000180025095e-35 1.0000000180025095e-35 1.0000000180025095e-35 1.0000000180025095e-35 1.0000000180025095e-35 -1.117930881447166 1.0000000180025095e-35 -1.6739998374475167 -1.1375162845215483 -0.26480958107268832 0.45124090117685461 -1.6043440453073161 2.5000000000000004 1.0000000180025095e-35 0.45124090117685461 -1.4308743321889319 2.5000000000000004 3.5000000000000004 2.5000000000000004 1.0000000180025095e-35 0.32525535042266529 2.5000000000000004 1.0000000180025095e-35 -0.054502670187851793 -0.12683753125652172 0.74586917219233861 4.5000000000000009 1.0000000180025095e-35
decision_type=2 2 2 2 2 2 2 2 2 2 2 2 2 2 2 2 2 2 2 2 2 2 2 2 2 2 2 2 2 2
left_child=6 4 11 14 12 7 13 10 27 24 17 15 -2 23 22 16 -3 -6 -7 -20 -13 26 25 -1 -8 -4 -22 -5 -29 -14
right_child=1 2 3 8 5 18 9 -9 -10 -11 -12 20 29 -15 -16 -17 -18 -19 19 -21 21 -23 -24 -25 -26 -27 -28 28 -30 -31
leaf_value=0.0041979665479379225 0.00079184114675887702 0.00022730773233990473 -0.004021645432813868 -0.00041831800725231576 -0.0063535790586729413 -0.00053829342600795191 0.0011659834497966483 0.0016333097442260804 -0.002879103251780367 0.0012395975617100824 -0.0040821164921398785 -0.0002530045845729503 0.0040618029082217042 0.0038030658366508541 -0.01291247194553403 5.4340657112923155e-05 0.0035134261818903084 0.0027635623084043075 -0.0052884681146296037 -0.0014326568736823047 -0.0008775658338369993 -0.00088010183570141193 -0.0080081347060343734 0.010154555387374717 0.0044807653130098943 0.00033119265118583844 -0.007128044354139506 -0.001111470985181518 -0.0079668315305346307 0.001814238400665618
leaf_weight=154 3651 1608 900 4113 60 3112 400 3579 1993 2268 457 40897 877 690 62 6072 1135 324 411 880 116 1889 204 285 1375 211 271 325 135 1546
leaf_count=154 3651 1608 900 4113 60 3112 400 3579 1993 2268 457 40897 877 690 62 6072 1135 324 411 880 116 1889 204 285 1375 211 271 325 135 1546
internal_value=6.03502e-08 -0.000208494 -0.00040452 -0.00187369 0.000580124 -6.98768e-05 0.00301734 0.00101664 -0.00135493 0.00233473 -0.00160756 -0.00018005 0.00152429 0.0054614 -0.00434703 0.000531314 0.00158712 0.00133773 -0.00116059 -0.0026605 -0.000325296 -0.00162423 -0.00394223 0.00806643 0.00373388 -0.003195 -0.00525523 -0.000690613 -0.00312466 0.00262787
internal_weight=80000 74828 59931 7943 14897 8823 5172 4420 6566 4043 841 51988 6074 1129 1377 8815 2743 384 4403 1291 43173 2276 1315 439 1775 1111 387 4573 460 2423
internal_count=80000 74828 59931 7943 14897 8823 5172 4420 6566 4043 841 51988 6074 1129 1377 8815 2743 384 4403 1291 43173 2276 1315 439 1775 1111 387 4573 460 2423
is_linear=0
shrinkage=0.05


Tree=117
num_leaves=31
num_cat=0
split_feature=8 1 8 6 8 6 11 11 3 6 11 11 6 3 3 1 11 11 3 11 11 11 11 11 11 8 8 8 1 1
split_gain=18.31 4.47766 3.02114 2.89245 3.91352 2.86661 2.61142 2.4053 2.18865 2.03134 1.89441 3.78877 1.89119 1.78939 1.72038 3.7755 1.64213 1.97075 1.55776 1.55088 1.50116 1.46376 0.98105 3.70827 1.93327 1.00256 0.959084 0.93297 2.39515 3.25564
threshold=-1.3371069196925081 1.5000000000000002 -1.568176614772981 2.5000000000000004 -0.67604666159271909 2.5000000000000004 101.79829150000002 101.79802350000001 3.5000000000000004 3.5000000000000004 101.79810050000002 101.79787250000001 1.0000000180025095e-35 4.5000000000000009 1.5000000000000002 2.5000000000000004 101.79832350000001 101.79828050000002 4.5000000000000009 101.79824450000001 101.79825650000002 101.79812450000001 101.79812850000002 101.79815650000002 101.79806450000001 -1.5025394260254843 -1.700120759500092 0.47126460702423967 1.5000000000000002 2.5000000000000004
decision_type=2 2 2 2 2 2 2 2 2 2 2 2 2 2 2 2 2 2 2 2 2 2 2 2 2 2 2 2 2 2
left_child=1 7 5 4 -2 6 20 -1 9 10 11 -7 -4 -5 -11 -16 17 22 27 -12 26 -10 24 -24 -14 -25 -3 -6 -29 -30
right_child=3 2 12 13 18 8 -8 -9 21 14 19 -13 16 -15 15 -17 -18 -19 -20 -21 -22 -23 23 25 -26 -27 -28 28 29 -31
leaf_value=-0.00070303942172174035 0.00067439369185756659 0.0075554610774993293 0.003609011321642386 -0.0016681602218432722 -0.00026031710738203445 0.00085732466105305617 0.014410245124657363 0.0019759024270236325 0.00078171565425182274 0.0031192328043031497 -0.0083091209539527758 0.016060386409613062 0.0011528391560087447 -0.00014498944420037588 0.020714647687919401 0.0044075248230498109 0.0087842939191874071 -0.0065759895497721323 4.1234124074147297e-05 0.0023587435611601912 -0.0025206689676759201 -0.007942541887699368 0.014383183884493972 -0.0038338134949483303 -0.0053710118913241362 0.0029913667018919062 0.0046193631292303387 -9.6049058662561003e-05 -0.0027497123152870444 -0.00073898141562752371
leaf_weight=1539 11801 462 1189 5473 15856 207 86 1839 153 159 74 51 1231 2977 57 94 66 87 17838 63 57 70 64 77 125 178 701 7252 2764 7410
leaf_count=1539 11801 462 1189 5473 15856 207 86 1839 153 159 74 51 1231 2977 57 94 66 87 17838 63 57 70 64 77 125 178 701 7252 2764 7410
internal_value=5.58352e-08 0.0021755 0.00308902 -0.000262965 -0.000146317 0.00448275 0.0059925 0.000755405 0.00235761 0.00372315 0.0013449 0.00386764 0.00205689 -0.00113154 0.00675209 0.0105728 0.00104718 0.00075689 -0.000335779 -0.00340532 0.00539799 -0.00195917 0.00113813 0.00363252 0.0005511 0.000929735 0.00578627 -0.000537844 -0.000790364 -0.00128526
internal_weight=80000 8629 5251 71371 62921 2234 1306 3378 928 705 395 258 3017 8450 310 151 1828 1762 51120 137 1220 223 1675 319 1356 255 1163 33282 17426 10174
internal_count=80000 8629 5251 71371 62921 2234 1306 3378 928 705 395 258 3017 8450 310 151 1828 1762 51120 137 1220 223 1675 319 1356 255 1163 33282 17426 10174
is_linear=0
shrinkage=0.05


Tree=118
num_leaves=31
num_cat=0
split_feature=8 8 5 8 9 9 8 9 8 3 10 11 9 11 8 10 8 11 10 8 8 11 5 10 10 10 10 8 0 8
split_gain=16.6748 4.56588 6.44734 3.14215 4.1488 3.12759 2.74749 2.57929 2.38856 2.13529 2.45742 2.19938 2.09778 1.81171 1.63512 1.36132 3.18237 1.45452 1.34996 1.57124 1.84843 1.14753 1.61137 1.24798 2.18911 2.84663 1.30841 1.14103 1.42266 1.45452
threshold=-1.5353580203992327 -1.1736837150558832 1.0000000180025095e-35 -0.28892120142891164 1.0000000180025095e-35 0.45124090117685461 0.80748775754713131 0.45124090117685461 -0.27686539125079995 4.5000000000000009 3.0477455000000004 101.79822050000001 1.0000000180025095e-35 101.79622550000002 -0.032400351527980438 3.0468145000000004 -1.6043440453073161 101.79828350000001 3.0443835000000004 -0.032400351527980438 -0.54343274963349086 101.79562450000002 1.0000000180025095e-35 3.0447035000000002 3.0455025000000004 3.0458625000000006 3.0444905000000007 -0.6358606276656803 2.5000000000000004 -0.47578625918964224
decision_type=2 2 2 2 2 2 2 2 2 2 2 2 2 2 2 2 2 2 2 2 2 2 2 2 2 2 2 2 2 2
left_child=7 12 3 4 -3 8 18 -1 -4 10 11 -9 -2 14 -10 -13 17 -17 19 20 -7 -14 -23 26 -25 -26 -24 -6 29 -29
right_child=1 2 5 -5 27 6 -8 9 13 -11 -12 15 21 -15 -16 16 -18 -19 -20 -21 -22 22 23 24 25 -27 -28 28 -30 -31
leaf_value=0.0019803061414210075 -3.8725508721849822e-05 -0.00052674550887989407 -0.00014513744077645447 -0.0002855838269951745 0.0019020013831089631 -0.0011245833493883901 -0.0088972063814063088 0.0054168713312507579 0.0004570445491696898 -0.0030751097257490515 0.013967547016205208 -0.0033546685360195264 0.00029932495071204626 -0.0011689925817613231 -0.0057780854526088268 0.0098887988276242997 -0.0064991847536978037 1.7851743865724374e-05 -0.0032405428720269076 0.0012246961525727814 -0.0044978287447722965 0.003405673027095003 0.0020976667546751108 -0.004540540777535647 0.0096110501592786592 0.0003505301212985149 0.0098140876701746059 0.0014544058069712396 0.0013788775054253146 -0.0023434197054698707
leaf_weight=2397 3389 4799 4980 43648 4204 1521 158 1311 134 89 71 120 1319 1338 488 116 62 55 1780 453 554 1338 1012 204 90 1051 58 415 2204 642
leaf_count=2397 3389 4799 4980 43648 4204 1521 158 1311 134 89 71 120 1319 1338 488 116 62 55 1780 453 554 1338 1012 204 90 1051 58 415 2204 642
internal_value=5.72704e-08 -0.000170313 -0.000307908 -8.68988e-05 0.000620225 -0.00139128 -0.00242338 0.00305862 -0.000727082 0.00447549 0.00486297 0.00447367 0.000924424 -0.00220561 -0.00443497 0.000970201 0.00319809 0.0067158 -0.00218575 -0.00144296 -0.00202537 0.00156797 0.00201382 0.00124257 0.000228736 0.00108176 0.00251682 0.00135757 0.000655668 -0.000852319
internal_weight=80000 75779 67318 55912 12264 11406 4466 4221 6940 1824 1735 1664 8461 1960 622 353 233 171 4308 2528 2075 5072 3753 2415 1345 1141 1070 7465 3261 1057
internal_count=80000 75779 67318 55912 12264 11406 4466 4221 6940 1824 1735 1664 8461 1960 622 353 233 171 4308 2528 2075 5072 3753 2415 1345 1141 1070 7465 3261 1057
is_linear=0
shrinkage=0.05


Tree=119
num_leaves=31
num_cat=0
split_feature=7 7 10 11 10 3 10 10 11 10 10 10 11 11 7 11 10 10 7 7 11 10 3 3 10 11 10 10 10 10
split_gain=1.23516 0.613409 0.828391 0.549821 0.540737 0.500328 0.440047 0.516421 0.49985 0.53962 0.485299 0.416402 0.318312 0.402721 0.247386 0.479656 0.677588 0.332628 0.245298 0.24138 0.424283 0.271832 0.518777 0.222488 0.227235 0.459065 0.353623 0.222093 0.211128 0.497411
threshold=-1.5930992617165571 2.0969760541444149 3.0471665000000003 101.79492050000002 3.0473465000000002 4.5000000000000009 3.0435585000000005 3.0427425000000006 101.79564450000001 3.0456145000000006 3.0428745000000004 3.0426325000000003 101.79587850000001 101.79577550000002 2.8948301764927331 101.79820050000002 3.0445965000000004 3.0466735000000003 -1.194172200542398 2.5956348806121139 101.79810450000001 3.0476305000000004 1.5000000000000002 4.5000000000000009 3.0425285000000004 101.79789950000001 3.0428205000000004 3.0419525000000003 3.0431105000000005 3.0430835000000003
decision_type=2 2 2 2 2 2 2 2 2 2 2 2 2 2 2 2 2 2 2 2 2 2 2 2 2 2 2 2 2 2
left_child=5 18 3 -3 -4 -1 7 11 9 -8 -9 -5 13 -10 15 16 -14 -16 23 21 -21 22 -6 24 25 -2 -26 -7 29 -20
right_child=1 2 4 6 19 27 8 10 12 -11 -12 -13 14 -15 17 -17 -18 -19 28 20 -22 -23 -24 -25 26 -27 -28 -29 -30 -31
leaf_value=-0.0018408118645201707 0.0047197470471849259 -0.0028486755630617831 -0.0044307212623241939 0.0010692631107479833 0.00013772168424918953 0.0028136756898150331 0.0017095965279418117 -0.0050195981007030883 0.0024843966620809034 -0.001925296829715384 -0.00012292466918220309 0.0056851913480758104 -0.00024851891286199762 0.0080463182434032717 0.002314654047047371 -0.0011587856707998164 0.0038108991337775888 0.0073537516156190587 0.00013839872734571927 -0.00017741962549838166 0.0039403728609674902 -0.00025231678840121821 -0.0063640394395948104 -2.7134279319211584e-05 -0.0043525231292888943 -0.00044123666953192287 -0.00087359329580013328 -0.0004720618110820305 -2.7287530571503512e-05 0.0022475934129481887
leaf_weight=1241 52 83 83 613 65 55 339 58 76 146 392 53 154 57 95 114 309 50 17364 253 83 411 58 1967 77 249 1392 772 53055 284
leaf_count=1241 52 83 83 613 65 55 339 58 76 146 392 53 154 57 95 114 309 50 17364 253 83 411 58 1967 77 249 1392 772 53055 284
internal_value=5.55161e-08 3.20602e-05 0.000679719 0.00115152 -0.000577238 -0.00120598 0.00128681 0.000553366 0.00189757 0.00061521 -0.000755026 0.0014374 0.00262483 0.00487233 0.00221019 0.00174568 0.00246092 0.00405614 1.67746e-06 -0.00020914 0.000840643 -0.000869711 -0.00293083 -0.000393112 -0.000799798 0.000451633 -0.00105623 -0.000253229 2.25445e-05 0.000172353
internal_weight=80000 77932 3492 2539 953 2068 2456 1116 1340 485 450 666 855 133 722 577 463 145 74440 870 336 534 123 3737 1770 301 1469 827 70703 17648
internal_count=80000 77932 3492 2539 953 2068 2456 1116 1340 485 450 666 855 133 722 577 463 145 74440 870 336 534 123 3737 1770 301 1469 827 70703 17648
is_linear=0
shrinkage=0.05


Tree=120
num_leaves=31
num_cat=0
split_feature=6 6 5 6 3 7 9 7 7 3 9 7 7 7 7 9 3 7 7 5 2 2 7 7 7 7 3 2 7 7
split_gain=2.41246 1.36872 1.0272 0.7889 0.455622 1.11378 0.72235 0.456424 0.742742 0.58531 0.510422 0.528884 0.80362 0.421931 0.362763 0.506161 1.10952 1.91331 0.56127 0.378677 0.807961 0.40606 0.360787 0.616001 0.337554 0.312344 0.51939 0.406553 0.285878 0.375337
threshold=2.5000000000000004 3.5000000000000004 1.0000000180025095e-35 1.0000000180025095e-35 1.0000000180025095e-35 -0.99470866995531859 0.45124090117685461 -1.0944404352488581 -1.9920263228907162 2.5000000000000004 1.0000000180025095e-35 -0.49604984348761971 -0.79524513936823904 -0.99470866995531859 0.10234074827361882 0.45124090117685461 2.5000000000000004 0.50126780944777805 1.498585462383176 1.0000000180025095e-35 1.0000000180025095e-35 3.5000000000000004 0.50126780944777805 0.30180427886069844 -1.3936357311294776 2.2964395847314942 3.5000000000000004 1.5000000000000002 2.6953666459056533 0.70073134003485771
decision_type=2 2 2 2 2 2 2 2 2 2 2 2 2 2 2 2 2 2 2 2 2 2 2 2 2 2 2 2 2 2
left_child=3 2 13 25 5 -4 -7 8 -6 -10 -9 12 -12 -2 19 -16 17 -17 -19 21 -21 -3 23 -18 -23 -1 27 -27 29 -5
right_child=1 14 4 28 7 6 -8 10 9 -11 11 -13 -14 -15 15 16 22 18 -20 20 -22 24 -24 -25 -26 26 -28 -29 -30 -31
leaf_value=0.00021535226516616399 -0.00072110428126684659 -0.00036743588193737854 -0.0043657760907589768 -2.6806907875918273e-05 -0.0059272626114080934 -0.00063063748834674192 0.0073577315730606017 -0.0022727768783636693 -0.0028704737227921899 0.0011552628809947567 -0.0037070512596122196 -0.0029838934541120831 -0.010652085404511019 -0.0024875446734891134 -9.4708426363115063e-05 -0.0097369094619989775 -0.00046304249289360916 -0.00027303161610275683 -0.0053925082112059276 0.0051678386426407584 0.00029972732784834169 0.0045736271012097552 -0.0010236054668333696 0.0065990370305741676 0.00061133441575650458 0.0022362129816284426 -0.00066728709612286392 0.00061610702061988673 0.0022845361873114426 -0.00052438666957227756
leaf_weight=39783 3344 3177 100 22345 91 65 50 224 182 179 81 125 86 376 1040 97 78 208 72 108 403 58 211 51 719 645 444 969 125 4564
leaf_count=39783 3344 3177 100 22345 91 65 50 224 182 179 81 125 86 376 1040 97 78 208 72 108 403 58 211 51 719 645 444 969 125 4564
internal_value=5.37332e-08 -0.000683125 -0.00130787 0.000110405 -0.00259118 -0.000508816 0.00284594 -0.00305359 -0.0018929 -0.000874566 -0.00406976 -0.00544701 -0.00728777 -0.00089971 -0.000190803 -0.000799393 -0.00182137 -0.00368887 -0.00159092 4.86935e-05 0.00132941 -0.000116851 0.000249821 0.00233189 0.000907655 0.000246425 0.000847047 0.00126365 -0.000100117 -0.000111202
internal_weight=80000 11125 4903 68875 1183 215 115 968 452 361 516 292 167 3720 6222 1757 717 377 280 4465 511 3954 340 129 777 41841 2058 1614 27034 26909
internal_count=80000 11125 4903 68875 1183 215 115 968 452 361 516 292 167 3720 6222 1757 717 377 280 4465 511 3954 340 129 777 41841 2058 1614 27034 26909
is_linear=0
shrinkage=0.05


Tree=121
num_leaves=31
num_cat=0
split_feature=6 6 5 6 7 9 7 7 7 4 7 9 7 7 5 9 0 0 7 7 0 7 7 7 4 7 0 6 5 7
split_gain=2.17732 1.23534 0.927168 0.711983 0.395437 0.510295 0.546942 1.18702 0.385675 0.381565 0.327427 0.45685 0.637559 0.715017 0.341779 0.3734 0.36649 0.359952 0.314885 0.535566 1.05218 0.30768 0.304706 0.281895 0.272366 0.53856 0.451097 0.263695 0.332212 0.357949
threshold=2.5000000000000004 3.5000000000000004 1.0000000180025095e-35 1.0000000180025095e-35 0.20207251356715863 0.45124090117685461 -0.79524513936823904 -0.49604984348761971 -0.59578160878115949 1.0000000180025095e-35 0.10234074827361882 0.45124090117685461 1.5983172276767157 1.2991219317960965 1.0000000180025095e-35 0.45124090117685461 4.5000000000000009 4.5000000000000009 -1.194172200542398 -1.8922945575971761 4.5000000000000009 -0.79524513936823904 -1.3936357311294776 2.2964395847314942 1.0000000180025095e-35 0.40153604415423816 4.5000000000000009 1.5000000000000002 1.0000000180025095e-35 1.0996584012090167
decision_type=2 2 2 2 2 2 2 2 2 2 2 2 2 2 2 2 2 2 2 2 2 2 2 2 2 2 2 2 2 2
left_child=3 2 8 23 5 -4 18 -8 9 21 14 -12 13 24 16 -16 -3 -17 19 -7 -21 -2 -18 -1 25 26 -13 28 -5 -30
right_child=1 10 4 27 -6 6 7 -9 -10 -11 11 12 -14 -15 15 17 22 -19 -20 20 -22 -23 -24 -25 -26 -27 -28 -29 29 -31
leaf_value=0.00020458468063480804 -0.0010767402442437765 -0.00034906467277536353 -0.0018010347893037096 -8.5010752069484516e-05 0.0014234629264997466 0.00012855909199921956 -0.010631632729527657 -0.0020705752823973727 -0.0047945620022628779 -0.00012504794708515277 -8.9973431369206049e-05 -0.0086881892519668751 -0.0054535686926997073 0.0033719850587507596 0.0002010161820866877 0.0049096857594751742 0.0043453394143606527 0.00058828205635811791 -0.00040215789910301675 -0.010741231309400053 -0.0017043749145741168 -0.0043737211349433314 0.00058077194270795207 0.00080470026986429778 0.0006098814226048985 -0.0012693867843017079 -0.0023941983949989317 0.00012577325594751826 -0.00095265590714027149 -1.9881538952131372e-05
leaf_weight=39783 2226 3177 670 13706 62 58 80 82 61 1360 1040 52 99 77 316 108 58 87 100 57 74 73 719 2058 98 328 63 9009 2630 1689
leaf_count=39783 2226 3177 670 13706 62 58 80 82 61 1360 1040 52 99 77 316 108 58 87 100 57 74 73 719 2058 98 328 63 9009 2630 1689
internal_value=4.95407e-08 -0.000648981 -0.00124251 0.000104885 -0.00246173 -0.00267672 -0.00397693 -0.00630221 -0.000854729 -0.000788918 -0.000181263 -0.000759453 -0.00173038 -0.00113316 4.62703e-05 0.001263 -0.000111003 0.00298296 -0.00267176 -0.00387176 -0.00564164 -0.00118161 0.000862305 0.000234104 -0.00177488 -0.00230245 -0.00524525 -9.51104e-05 -0.000205509 -0.000587892
internal_weight=80000 11125 4903 68875 1183 1121 451 162 3720 3659 6222 1757 717 618 4465 511 3954 195 289 189 131 2299 777 41841 541 443 115 27034 18025 4319
internal_count=80000 11125 4903 68875 1183 1121 451 162 3720 3659 6222 1757 717 618 4465 511 3954 195 289 189 131 2299 777 41841 541 443 115 27034 18025 4319
is_linear=0
shrinkage=0.05


Tree=122
num_leaves=31
num_cat=0
split_feature=6 6 5 6 3 7 9 7 7 3 9 7 7 7 7 9 3 7 3 3 7 7 5 2 2 7 7 9 7 7
split_gain=1.96513 1.11497 0.836874 0.642565 0.410289 1.01729 0.677655 0.413763 0.696564 0.524685 0.43711 0.437978 0.646442 0.35046 0.295542 0.412358 0.981747 1.66868 0.511154 0.517337 0.331499 0.5514 0.308479 0.658222 0.330776 0.275054 0.270195 0.268812 0.256112 0.335259
threshold=2.5000000000000004 3.5000000000000004 1.0000000180025095e-35 1.0000000180025095e-35 1.0000000180025095e-35 -0.99470866995531859 0.45124090117685461 -1.0944404352488581 -1.9920263228907162 2.5000000000000004 1.0000000180025095e-35 -0.49604984348761971 -0.79524513936823904 -0.99470866995531859 0.10234074827361882 0.45124090117685461 2.5000000000000004 0.50126780944777805 1.5000000000000002 1.0000000180025095e-35 0.50126780944777805 0.30180427886069844 1.0000000180025095e-35 1.0000000180025095e-35 3.5000000000000004 -1.3936357311294776 -0.19685454760700036 0.45124090117685461 2.6953666459056533 0.70073134003485771
decision_type=2 2 2 2 2 2 2 2 2 2 2 2 2 2 2 2 2 2 2 2 2 2 2 2 2 2 2 2 2 2
left_child=3 2 13 -1 5 -4 -7 8 -6 -10 -9 12 -12 -2 22 -16 17 -17 19 -19 21 -18 24 -24 -3 -26 -13 -11 29 -5
right_child=1 14 4 28 7 6 -8 10 9 27 11 26 -14 -15 15 16 20 18 -20 -21 -22 -23 23 -25 25 -27 -28 -29 -30 -31
leaf_value=0.00022239886736846772 -0.00064922919532934371 -0.00033161198519975348 -0.0040489174206959798 -2.1085418071052589e-05 -0.0055793978391481909 -0.00052410003352916013 0.0072132929148312338 -0.0020821269563388763 -0.0025761095537834887 -0.00035436418589337602 -0.0034828705345102476 -2.2859839311820561e-05 -0.009712210041606037 -0.0022591242281323159 -8.5475215414132161e-05 -0.0090488085574082014 -0.00034436071395907414 -0.00044164055051939779 0.0016869020093792653 -0.0056536326053207089 -0.00091634858659371977 0.0063372639549163466 0.0046644286553234994 0.00027051725713279689 0.0041284463793141912 0.0005517373770405321 -0.0047378549658057632 0.0035952082115009785 0.0021667367050820273 -0.00049135002619453091
leaf_weight=41841 3344 3177 100 22345 91 65 50 224 182 107 81 52 86 376 1040 97 78 101 89 90 211 51 108 403 58 719 73 72 125 4564
leaf_count=41841 3344 3177 100 22345 91 65 50 224 182 107 81 52 86 376 1040 97 78 101 89 90 211 51 108 403 58 719 73 72 125 4564
internal_value=4.4582e-08 -0.00061655 -0.00118042 9.96404e-05 -0.00233875 -0.00036276 0.00284333 -0.00277755 -0.00167249 -0.000686368 -0.00374504 -0.00501955 -0.00669469 -0.000812006 -0.000172202 -0.00072152 -0.00164395 -0.00340063 -0.00144141 -0.00289923 0.000304318 0.00230007 4.39683e-05 0.0011999 -0.000105447 0.000819222 -0.002778 0.00123541 -9.03551e-05 -0.000100848
internal_weight=80000 11125 4903 68875 1183 215 115 968 452 361 516 292 167 3720 6222 1757 717 377 280 191 340 129 4465 511 3954 777 125 179 27034 26909
internal_count=80000 11125 4903 68875 1183 215 115 968 452 361 516 292 167 3720 6222 1757 717 377 280 191 340 129 4465 511 3954 777 125 179 27034 26909
is_linear=0
shrinkage=0.05


Tree=123
num_leaves=31
num_cat=0
split_feature=8 5 8 7 8 9 7 8 9 6 8 8 9 2 6 5 9 8 8 8 2 6 3 7 8 2 2 2 2 7
split_gain=15.9926 5.42831 7.2756 4.54258 4.326 3.51965 3.04614 2.27403 2.4531 2.85499 7.90886 2.21579 2.00285 1.9846 1.91885 1.90088 1.86488 1.86008 2.81278 1.85249 1.77203 1.74107 1.48268 1.45597 1.42815 6.6323 1.64309 1.6813 1.52541 1.65837
threshold=-1.4308743321889319 1.0000000180025095e-35 -1.0564744494353533 0.20207251356715863 -0.55749786150795455 -1.117930881447166 2.2964395847314942 0.11963681016264981 0.45124090117685461 1.0000000180025095e-35 0.44045531434684321 -1.6739998374475167 0.45124090117685461 3.5000000000000004 2.5000000000000004 1.0000000180025095e-35 0.45124090117685461 -0.51664206034879834 -0.97476284711704109 -1.700120759500092 1.0000000180025095e-35 3.5000000000000004 4.5000000000000009 -1.4933674964230172 -0.44832580267283234 1.5000000000000002 1.5000000000000002 1.0000000180025095e-35 1.0000000180025095e-35 -0.79524513936823904
decision_type=2 2 2 2 2 2 2 2 2 2 2 2 2 2 2 2 2 2 2 2 2 2 2 2 2 2 2 2 2 2
left_child=5 2 16 12 -5 15 11 13 -9 10 -10 22 -3 24 -13 -1 -2 18 -15 -8 -6 -11 -7 -14 25 28 27 -26 29 -4
right_child=1 3 7 4 20 6 19 8 9 21 -12 14 23 17 -16 -17 -18 -19 -20 -21 -22 -23 -24 -25 26 -27 -28 -29 -30 -31
leaf_value=-0.0032086171275709863 0.0012376141384195685 -0.0021190990422947152 -0.00062799527854896645 -9.9267269399054548e-05 -0.0041271524479452957 0.004517580503759464 0.015822105117784663 -4.0154203022001583e-05 0.0056720022432325008 -0.0017063960942663209 -0.00075589166172245392 0.0026884040683205954 -0.013715431154769373 0.0057023379155642945 1.7726398483151301e-05 0.0011864546578256644 0.00353922897462646 0.0021760183944140202 -0.00097226932138201572 0.0058932726885060445 -0.0015349899298442329 -0.0059112839056807863 -0.0035599289452515276 -0.004927648403213955 -5.979955847777235e-05 -0.0010317585420168086 0.00032334067749541614 -0.0019561905589237415 0.0032738911360117653 0.0023998222086192384
leaf_weight=332 2165 1086 764 8992 798 1485 56 21291 506 4058 8787 2303 51 181 950 949 1483 2383 1229 291 3793 262 59 614 2334 3193 4576 2341 1580 1108
leaf_count=332 2165 1086 764 8992 798 1485 56 21291 506 4058 8787 2303 51 181 950 949 1483 2383 1229 291 3793 262 59 614 2334 3193 4576 2341 1580 1108
internal_value=4.09445e-08 -0.000208869 1.15008e-05 -0.00104586 -0.000736862 0.00239231 0.00297629 -0.000132961 -0.000375328 -0.000899543 -0.000405838 0.00264893 -0.00344268 0.000296699 0.00190849 4.72113e-05 0.00217335 0.00132434 -0.000115114 0.00749972 -0.00198564 -0.00196155 0.00420871 -0.00560356 5.14832e-05 0.000610669 -0.000350183 -0.00100944 0.00212985 0.00116414
internal_weight=80000 73575 58241 15334 13583 6425 5144 54593 34904 13613 9293 4797 1751 19689 3253 1281 3648 3793 1410 347 4591 4320 1544 665 15896 6645 9251 4675 3452 1872
internal_count=80000 73575 58241 15334 13583 6425 5144 54593 34904 13613 9293 4797 1751 19689 3253 1281 3648 3793 1410 347 4591 4320 1544 665 15896 6645 9251 4675 3452 1872
is_linear=0
shrinkage=0.05


Tree=124
num_leaves=31
num_cat=0
split_feature=8 8 5 2 7 7 5 8 2 2 8 8 8 7 8 2 8 7 8 7 8 8 8 11 2 11 11 11 2 2
split_gain=14.5338 3.77781 6.63484 2.81592 2.26629 2.03089 2.62318 2.57363 2.53828 3.32522 3.88943 2.00395 2.78354 1.86336 1.70175 2.37315 1.48615 1.42552 1.40936 1.40791 1.35741 1.34038 1.32046 2.72324 1.81399 1.31819 2.65727 1.28357 1.19851 1.19386
threshold=-1.5186138395962998 -0.76579547069643916 1.0000000180025095e-35 1.0000000180025095e-35 1.0996584012090167 -1.4933674964230172 1.0000000180025095e-35 -1.3900185310297755 1.5000000000000002 2.5000000000000004 -0.93591634765423681 -1.1107255952368555 -1.4449394440633954 -0.39631807819407994 0.11963681016264981 3.5000000000000004 -1.6043440453073161 0.20207251356715863 -1.700120759500092 2.495903115318574 -1.3772929536195466 -0.54343274963349086 -0.55749786150795455 101.79629450000002 1.5000000000000002 101.79812050000001 101.79816050000001 101.79777150000001 3.5000000000000004 1.0000000180025095e-35
decision_type=2 2 2 2 2 2 2 2 2 2 2 2 2 2 2 2 2 2 2 2 2 2 2 2 2 2 2 2 2 2
left_child=4 5 14 -4 18 -2 8 25 -7 11 20 12 -10 -5 15 22 19 29 -1 -6 27 -17 24 -24 -3 -8 -27 -11 -20 -9
right_child=1 2 3 13 16 6 7 17 9 10 -12 -13 -14 -15 -16 21 -18 -19 28 -21 -22 -23 23 -25 -26 26 -28 -29 -30 -31
leaf_value=0.0032689214986684613 -0.0015022762761819348 0.002417359832627686 -0.0040003940331365898 -0.0072852859300965959 0.0050859494510362814 0.0024871318039121925 0.00076889233563618429 -0.0053854996807395257 -0.008512373586334842 0.0038489467068129439 -0.0014513274956281313 -0.0033544948070854176 0.0018276848688413073 -0.001210517582079544 -0.00035656226299359765 -0.00063914576787822306 0.0024894388697162496 -6.5117959938784271e-05 0.00047717251088678464 0.011987259509039071 0.0033052278446408963 0.0020324526644863402 -0.0016488251968946315 0.00020121768583945826 -0.00038963409233506221 0.01218472392113895 0.0023607771388300274 -0.0026776609810521736 0.0036976354493897935 -0.0011892387479047646
leaf_weight=1278 1210 1185 1205 129 747 2901 1269 215 74 120 779 698 535 5697 34904 580 592 6562 1478 82 1643 2463 2664 7851 1119 78 581 202 359 800
leaf_count=1278 1210 1185 1205 129 747 2901 1269 215 74 120 779 698 535 5697 34904 580 592 6562 1478 82 1643 2463 2664 7851 1119 78 581 202 359 800
internal_value=3.94043e-08 -0.000165189 -0.00036078 -0.00180027 0.00274884 0.000474679 0.000620042 8.01711e-05 0.00135816 0.00054964 0.00153828 -0.00152593 0.000570066 -0.00134515 -0.000161411 0.000268015 0.00440354 -0.000334857 0.00199388 0.00576995 0.00272349 0.00152324 -2.99617e-05 -0.000267506 0.00105411 0.00171115 0.00352522 -0.000244945 0.00110671 -0.00207854
internal_weight=80000 75464 57797 7031 4536 17667 16457 9505 6952 4051 2744 1307 609 5826 50766 15862 1421 7577 3115 829 1965 3043 12819 10515 2304 1928 659 322 1837 1015
internal_count=80000 75464 57797 7031 4536 17667 16457 9505 6952 4051 2744 1307 609 5826 50766 15862 1421 7577 3115 829 1965 3043 12819 10515 2304 1928 659 322 1837 1015
is_linear=0
shrinkage=0.05


Tree=125
num_leaves=31
num_cat=0
split_feature=8 8 5 6 8 1 8 6 6 1 1 10 7 6 7 1 0 8 8 1 10 10 10 1 5 8 7 10 1 10
split_gain=13.1278 3.63087 4.80939 3.47525 2.65297 2.84769 2.40234 2.38256 2.12591 2.07511 1.71534 2.05086 2.13809 1.67874 1.6676 1.60422 1.60343 1.38304 1.37389 2.14498 1.34189 1.38694 1.70145 1.33507 1.2972 2.0243 1.75837 1.58046 1.28658 1.18
threshold=-1.5353580203992327 -1.186409292466112 1.0000000180025095e-35 2.5000000000000004 -0.28892120142891164 1.5000000000000002 -0.77852104810666811 2.5000000000000004 1.0000000180025095e-35 1.5000000000000002 1.5000000000000002 3.0477365000000005 2.6953666459056533 1.0000000180025095e-35 -1.5930992617165571 1.5000000000000002 2.5000000000000004 -1.0156186482761971 0.61325526023311017 1.5000000000000002 3.0417195000000006 3.0460385000000003 3.0469165000000005 2.5000000000000004 1.0000000180025095e-35 -1.3900185310297755 -0.99470866995531859 3.0470925000000002 1.5000000000000002 3.0457555000000007
decision_type=2 2 2 2 2 2 2 2 2 2 2 2 2 2 2 2 2 2 2 2 2 2 2 2 2 2 2 2 2 2
left_child=7 8 4 6 5 -3 9 10 28 17 -1 12 -12 18 -7 -5 -17 -4 23 -20 -9 29 -23 -8 25 -10 -26 -28 -2 -22
right_child=1 2 3 15 -6 14 13 20 24 -11 11 -13 -14 -15 -16 16 -18 -19 19 -21 21 22 -24 -25 26 -27 27 -29 -30 -31
leaf_value=0.0019896139173636029 0.00062560587568931771 -0.00037966576382299097 -0.00021962100368041172 -0.0016247861831609164 -0.00026308310226062028 -0.0010963919887483314 -0.0014448809509872312 -0.0054562754890424342 -0.00091700633690872937 -0.00088500547771222396 0.0040057058349886468 0.014647933637756788 0.01403836192505708 -0.0028951752525408869 0.001416380047931029 -0.0023182220713908195 -0.0077494078234134275 0.0028069737596010517 -2.5894803230215342e-05 -0.0053586769175533663 0.0024177522021134172 -0.0042726997994986986 0.0013302110192621708 0.00033654141268884625 -0.0049992547026437946 0.0024414205589769937 0.00060763714441971822 -0.0021115110865705471 0.0025885867578483747 0.010239310150600627
leaf_weight=934 1411 4850 669 406 43648 731 2556 71 725 2304 1481 50 55 1639 6818 217 364 866 337 428 860 181 538 1787 204 1177 1846 752 2044 51
leaf_count=934 1411 4850 669 406 43648 731 2556 71 725 2304 1481 50 55 1639 6818 217 364 866 337 428 860 181 538 1787 204 1177 1846 752 2044 51
internal_value=3.86046e-08 -0.000151129 -0.000271351 -0.00119931 -7.97373e-05 0.000565689 -0.000934722 0.00271387 0.000845233 6.3825e-05 0.00368982 0.00469089 0.00436584 -0.00150288 0.00117305 -0.00403675 -0.00572164 0.00148796 -0.00105609 -0.00300977 0.00126788 0.00156109 -8.06555e-05 -0.000711894 0.00015353 0.00116128 -0.000530551 -0.000179481 0.00178696 0.0028567
internal_weight=80000 75779 67620 11573 56047 12399 10586 4221 8159 3839 2520 1586 1536 6747 7549 987 581 1535 5108 765 1701 1630 719 4343 4704 1902 2802 2598 3455 911
internal_count=80000 75779 67620 11573 56047 12399 10586 4221 8159 3839 2520 1586 1536 6747 7549 987 581 1535 5108 765 1701 1630 719 4343 4704 1902 2802 2598 3455 911
is_linear=0
shrinkage=0.05


Tree=126
num_leaves=31
num_cat=0
split_feature=8 5 8 6 8 9 5 7 2 8 9 6 8 4 6 6 6 9 8 2 8 8 9 8 2 2 8 6 8 8
split_gain=11.9683 4.29803 5.57711 3.94216 3.18732 3.12678 2.77149 2.24198 2.14204 1.72075 2.21393 2.57667 7.17765 1.68846 1.63654 1.57142 1.56889 2.22357 1.40674 1.47054 1.28078 1.24168 1.21673 1.47272 2.351 1.2068 1.15112 1.80356 1.14383 1.39401
threshold=-1.416809220314468 1.0000000180025095e-35 -1.0564744494353533 2.5000000000000004 -0.77852104810666811 0.45124090117685461 1.0000000180025095e-35 1.6980489929702556 1.0000000180025095e-35 0.11963681016264981 0.45124090117685461 1.0000000180025095e-35 0.54895760594984822 1.0000000180025095e-35 3.5000000000000004 3.5000000000000004 2.5000000000000004 0.45124090117685461 -1.6043440453073161 3.5000000000000004 0.35606464310006175 -1.700120759500092 0.45124090117685461 -1.186409292466112 2.5000000000000004 3.5000000000000004 -1.700120759500092 1.0000000180025095e-35 0.32525535042266529 -0.13822357420251608
decision_type=2 2 2 2 2 2 2 2 2 2 2 2 2 2 2 2 2 2 2 2 2 2 2 2 2 2 2 2 2 2
left_child=5 2 22 4 -3 6 -1 21 28 16 -11 12 13 25 -5 20 17 -4 -9 -20 -13 -7 23 -2 -25 -12 -8 -28 29 -6
right_child=1 3 9 14 8 7 26 18 -10 10 11 15 -14 -15 -16 -17 -18 -19 19 -21 -22 -23 -24 24 -26 -27 27 -29 -30 -31
leaf_value=-0.0011946212619026312 0.0022651686163709449 0.00010721114797781258 1.5893451482569194e-05 -0.0060194576204172998 -0.0037329954409581882 0.0045234742045486276 0.0035453956065555647 0.0099648222374574148 -0.0010160686768717817 -7.1643781787675946e-06 0.0059168533559985524 -0.00040954899115577576 -0.00075210447917751393 -0.0033034761118954977 -0.0023483542379383205 -0.0055848620298969889 -0.00046169029218863619 0.001287295961704808 0.0074043059008372693 0.00056048131743901425 -0.00225847050049565 0.0019321203692420172 0.0030545174506326433 -0.0023460050336776284 0.0031418474102489001 -0.0020264316057060595 0.0032113831771860891 0.00020377504068228589 -0.0067623740428075785 0.00061949360586220452
leaf_weight=984 1245 6781 8416 407 738 635 761 174 5560 21291 588 1467 8590 63 1195 262 5458 5815 177 141 2591 1700 1437 558 300 52 778 1387 204 245
leaf_count=984 1245 6781 8416 407 738 635 761 174 5560 21291 588 1467 8590 63 1195 262 5458 5815 177 141 2591 1700 1437 558 300 52 778 1387 204 245
internal_value=3.77684e-08 -0.000185415 9.96086e-06 -0.000936092 -0.000658342 0.00201676 0.00110079 0.00328355 -0.00142774 -0.000114749 -0.00032558 -0.000823585 -0.000354562 0.00450245 -0.00328134 -0.0018325 0.000259004 0.000535413 0.00635087 0.00437091 -0.0015901 0.002637 0.00193316 0.00116681 -0.000427033 0.00527125 0.00187274 0.00128467 -0.00335581 -0.00264824
internal_weight=80000 73263 58133 15130 13528 6737 3910 2827 6747 54593 34904 13613 9293 703 1602 4320 19689 14231 492 318 4058 2335 3540 2103 858 640 2926 2165 1187 983
internal_count=80000 73263 58133 15130 13528 6737 3910 2827 6747 54593 34904 13613 9293 703 1602 4320 19689 14231 492 318 4058 2335 3540 2103 858 640 2926 2165 1187 983
is_linear=0
shrinkage=0.05


Tree=127
num_leaves=31
num_cat=0
split_feature=8 8 9 9 3 0 3 2 8 8 7 7 8 7 7 8 8 8 7 8 3 3 7 7 9 7 3 3 7 7
split_gain=10.8514 2.47088 2.39728 1.9437 1.80823 2.05601 1.742 1.57043 3.5907 1.99551 1.54461 1.1785 1.35726 1.10684 1.0883 1.0738 1.02851 1.00329 1.64314 0.999058 0.898101 0.877426 0.978075 0.856014 0.791053 0.761189 1.50372 1.1955 2.2156 1.37282
threshold=-1.4730696678123223 -0.67604666159271909 0.45124090117685461 -1.117930881447166 4.5000000000000009 4.5000000000000009 4.5000000000000009 1.0000000180025095e-35 0.71907848290764587 -0.11478172107840999 -1.4933674964230172 1.6980489929702556 -1.6043440453073161 1.6980489929702556 -0.79524513936823904 -1.700120759500092 0.28372978203139171 -1.3237115750501616 0.20207251356715863 -1.700120759500092 2.5000000000000004 2.5000000000000004 0.50126780944777805 -0.79524513936823904 0.45124090117685461 1.3988536970896364 1.5000000000000002 1.5000000000000002 -0.99470866995531859 1.0996584012090167
decision_type=2 2 2 2 2 2 2 2 2 2 2 2 2 2 2 2 2 2 2 2 2 2 2 2 2 2 2 2 2 2
left_child=2 3 14 -2 11 -6 7 8 9 13 -5 19 -13 -3 -1 -16 -11 20 -19 -4 -12 23 -23 -18 -22 27 -27 28 -21 -30
right_child=1 6 4 10 5 -7 -8 -9 -10 16 17 12 -14 -15 15 -17 21 18 -20 25 24 22 -24 -25 -26 26 -28 -29 29 -31
leaf_value=-0.00060016813127186685 -0.00068046454565976518 -0.001255488288037252 0.0048108427177114216 -0.0011906904753220234 -0.0093759560281099844 0.0037107206798562007 5.1865403881990175e-05 -0.00037422833279575688 -0.0029683639368418228 0.0014367202818143111 0.00077521847659392637 0.0094668673797275726 0.003487108410471923 -0.0051405548060103889 0.0033901015707848204 0.0010763430072742474 -0.004871664489462163 0.0011384448167570131 -6.3274431215338344e-05 -0.0076239929963375173 0.0013257008973230466 -0.0012748832128354596 -0.0076437049913294242 0.00097926433290174164 0.0039142258805207825 0.0049891773604421215 -0.0060071933915183751 0.0041080084849958115 0.00098374875601519988 0.0095309050687793287
leaf_weight=637 3765 1803 609 1128 58 62 19714 29174 2047 1309 1436 174 209 204 692 1821 68 5614 5766 67 583 473 69 762 598 54 73 657 319 55
leaf_count=637 3765 1803 609 1128 58 62 19714 29174 2047 1309 1436 174 209 204 692 1821 68 5614 5766 67 583 473 69 762 598 54 73 657 319 55
internal_value=3.64769e-08 -0.000157987 0.00214595 0.000336084 0.00335928 -0.00261705 -0.000325778 -0.000533103 -0.00122128 -0.000458381 0.000589132 0.00368286 0.00620552 -0.00165062 0.00124569 0.00171359 0.000434158 0.000732573 0.000529564 0.00315574 0.0016153 -0.000522404 -0.00208693 0.000499382 0.00263662 0.00233259 -0.00133132 0.00275646 0.000742456 0.0022429
internal_weight=80000 74513 5487 18890 2337 120 55623 35909 6735 4688 15125 2217 383 2007 3150 2513 2681 13997 11380 1834 2617 1372 542 830 1181 1225 127 1098 441 374
internal_count=80000 74513 5487 18890 2337 120 55623 35909 6735 4688 15125 2217 383 2007 3150 2513 2681 13997 11380 1834 2617 1372 542 830 1181 1225 127 1098 441 374
is_linear=0
shrinkage=0.05


Tree=128
num_leaves=31
num_cat=0
split_feature=6 6 7 10 10 0 1 6 7 5 7 7 7 10 7 2 0 10 7 10 10 0 10 7 10 6 7 0 0 10
split_gain=1.89436 1.09506 0.816904 0.788558 1.83619 1.43291 0.782692 0.74839 0.637836 0.331979 0.356923 0.873947 0.685953 0.640723 0.910658 0.763564 0.515248 0.435271 0.321473 0.788315 1.01253 0.823755 0.736113 0.608071 0.906239 0.695721 0.460596 0.650075 0.422334 0.492316
threshold=2.5000000000000004 3.5000000000000004 -0.79524513936823904 3.0472355000000007 3.0457925000000006 2.5000000000000004 2.5000000000000004 1.0000000180025095e-35 -0.29658631290054016 1.0000000180025095e-35 -0.99470866995531859 -1.0944404352488581 -1.194172200542398 3.0425035000000005 -1.8922945575971761 1.0000000180025095e-35 2.5000000000000004 3.0458985000000003 0.70073134003485771 3.0446675000000005 3.0443835000000004 2.5000000000000004 3.0448165000000005 1.0996584012090167 3.0449935000000004 1.5000000000000002 2.0969760541444149 3.5000000000000004 2.5000000000000004 3.0470925000000002
decision_type=2 2 2 2 2 2 2 2 2 2 2 2 2 2 2 2 2 2 2 2 2 2 2 2 2 2 2 2 2 2
left_child=7 2 9 4 6 -6 -4 -1 -8 -2 11 12 13 -11 17 -16 -12 -15 -9 20 26 -22 -21 25 -25 28 27 -20 -24 -30
right_child=1 -3 3 -5 5 -7 8 18 -10 10 16 -13 -14 14 15 -17 -18 -19 19 22 21 -23 23 24 -26 -27 -28 -29 29 -31
leaf_value=0.00023030307300165475 -0.0007193819437330849 -0.00016499257691345479 3.6336737855477434e-05 0.00027084411265797557 -0.0037121251008425983 -0.015236717735006459 -0.0070953818289228839 -2.8239144573288855e-05 -0.00082772856664284518 0.0013076312564221462 -0.0029654790795752336 -0.0079654943059226605 0.0031984012162285871 -0.0025811321282135889 -0.010051271600498707 -0.0035165461017239233 0.003474632694855026 0.0034907373311014395 -0.00473193052648561 -0.005879187801835912 0.00096673620880974103 0.0084232697084534649 -0.0021639642736053779 0.0056096221138944215 -0.00059406815730785501 -0.00014637572540882193 0.0019387438691799562 -0.00014443656404857649 -0.0033650907139333845 -0.0092375973550577768
leaf_weight=41841 3556 6222 191 152 53 55 103 22345 67 94 57 63 62 61 57 207 68 57 81 77 86 65 363 61 1612 313 249 1616 114 52
leaf_count=41841 3556 6222 191 152 53 55 103 22345 67 94 57 63 62 61 57 207 68 57 81 77 86 65 363 61 1612 313 249 1616 114 52
internal_value=3.50324e-08 -0.000605355 -0.00116417 -0.00285879 -0.00387292 -0.0095898 -0.00216043 9.78211e-05 -0.00462713 -0.000918345 -0.00189265 -0.00239818 -0.00174488 -0.00238929 -0.00329911 -0.00493072 0.000537919 0.000352362 -0.000107224 -0.000483608 0.00023716 0.00417995 -0.00106672 -0.000919149 -0.000367551 -0.00201496 -6.89802e-05 -0.000363669 -0.00312034 -0.00520913
internal_weight=80000 11125 4903 621 469 108 361 68875 170 4282 726 601 538 476 382 264 125 118 27034 4689 2097 151 2592 2515 1673 842 1946 1697 529 166
internal_count=80000 11125 4903 621 469 108 361 68875 170 4282 726 601 538 476 382 264 125 118 27034 4689 2097 151 2592 2515 1673 842 1946 1697 529 166
is_linear=0
shrinkage=0.05


Tree=129
num_leaves=31
num_cat=0
split_feature=8 5 8 6 8 9 8 6 6 6 9 9 8 8 8 8 8 8 0 3 8 9 8 6 6 6 0 8 8 0
split_gain=10.0174 2.85869 4.03021 3.43126 2.92403 2.79521 2.66154 2.35339 1.84482 3.3574 1.63055 1.6121 1.83207 1.51766 2.44092 1.36755 1.28152 1.18414 1.85843 1.14494 1.14386 1.99456 1.12316 1.11525 1.08289 1.5071 1.06593 1.53865 2.05919 1.09044
threshold=-1.4730696678123223 1.0000000180025095e-35 -0.31303282178513492 1.0000000180025095e-35 -0.73900478141174653 1.0000000180025095e-35 -0.77852104810666811 1.0000000180025095e-35 2.5000000000000004 3.5000000000000004 -1.117930881447166 0.45124090117685461 -0.04311662724185749 -1.083934905952163 -1.3772929536195466 -1.6739998374475167 -1.6043440453073161 -0.79124662551689706 3.5000000000000004 4.5000000000000009 0.61325526023311017 0.45124090117685461 -0.94864192506446587 2.5000000000000004 2.5000000000000004 3.5000000000000004 3.5000000000000004 -0.92252100301189055 -1.3498324971027367 4.5000000000000009
decision_type=2 2 2 2 2 2 2 2 2 2 2 2 2 2 2 2 2 2 2 2 2 2 2 2 2 2 2 2 2 2
left_child=7 2 5 4 26 13 24 16 -7 -10 -9 -8 -13 14 -2 19 -1 18 -15 -12 -6 -22 -20 -4 -5 -26 -3 28 -28 -30
right_child=1 3 23 6 20 8 11 10 9 -11 15 12 -14 17 -16 -17 -18 -19 22 -21 21 -23 -24 -25 25 -27 27 -29 29 -31
leaf_value=0.0061451673895405682 -0.0029616125386120124 0.0001823165817610886 -0.00016554329942778453 -0.0004577039269916139 -0.00064290992770426074 0.0018051515776821053 -0.0020459882914276874 -0.0004726496474030743 -0.00094492034311799379 0.0026339964239216335 0.0034669971964309482 -0.0062437902399160271 -0.00021033001762813658 -0.0035900482272928332 0.0022899539058417119 0.0011377599123207685 0.0027893463556113236 6.4389768982261412e-06 0.0021702371712539006 -0.003643082505227547 -0.00083157561237210949 -0.0061475409694725681 -0.0016966379815816499 -0.0012538582120953392 -0.0046296428833800703 -0.0010027258578209376 0.0041670305734156391 0.0044300929983413636 -0.0019679091090312874 0.0013934985858969392
leaf_weight=439 274 2736 41621 3294 4072 5860 1308 840 1934 991 1361 589 160 712 1148 1979 809 2726 328 59 489 276 439 2495 419 905 359 413 477 488
leaf_count=439 274 2736 41621 3294 4072 5860 1308 840 1934 991 1361 589 160 712 1148 1979 809 2726 328 59 489 276 439 2495 419 905 359 413 477 488
internal_value=3.00189e-08 -0.0001518 1.00501e-05 -0.0007444 -0.000124111 0.000735966 -0.00160954 0.00206183 0.00129325 0.000267677 0.00149992 -0.00310546 -0.00495513 -0.000134091 0.00127791 0.0019874 0.0039702 -0.000611605 -0.00175067 0.00317134 -0.000976216 -0.00275005 -4.29395e-05 -0.000227096 -0.000943153 -0.00215078 0.000797336 0.00176601 0.000934716 -0.000268079
internal_weight=80000 74513 58528 15985 9310 14412 6675 5487 8785 2925 4239 2057 749 5627 1422 3399 1248 4205 1479 1420 4837 765 767 44116 4618 1324 4473 1737 1324 965
internal_count=80000 74513 58528 15985 9310 14412 6675 5487 8785 2925 4239 2057 749 5627 1422 3399 1248 4205 1479 1420 4837 765 767 44116 4618 1324 4473 1737 1324 965
is_linear=0
shrinkage=0.05


Tree=130
num_leaves=31
num_cat=0
split_feature=8 9 5 6 8 8 9 8 9 6 8 6 11 11 11 11 11 11 11 11 11 11 6 9 8 6 9 11 11 8
split_gain=9.15693 3.65958 3.30567 2.74214 2.52946 1.90079 1.78275 2.13549 1.7667 1.73721 1.45327 1.60002 2.17577 2.07824 2.19806 1.64412 1.90154 3.01297 2.01152 1.46151 3.39149 3.0889 1.43534 1.52406 1.46527 1.45567 1.42365 1.27436 1.26016 1.09405
threshold=-1.286204610051592 0.45124090117685461 1.0000000180025095e-35 1.0000000180025095e-35 -0.28892120142891164 0.47126460702423967 0.45124090117685461 -1.1489023274675425 1.0000000180025095e-35 2.5000000000000004 -1.5835812611116793 2.5000000000000004 101.79829150000002 101.79827650000001 101.79570850000002 101.79822050000001 101.79814850000001 101.79810850000001 101.79803650000001 101.79823650000002 101.79813250000002 101.79805250000001 2.5000000000000004 1.0000000180025095e-35 -1.1107255952368555 3.5000000000000004 -1.117930881447166 101.79842450000001 101.79818450000002 -0.032400351527980438
decision_type=2 2 2 2 2 2 2 2 2 2 2 2 2 2 2 2 2 2 2 2 2 2 2 2 2 2 2 2 2 2
left_child=1 26 4 5 22 -4 29 -8 -7 -9 11 13 19 14 -3 16 17 18 -16 20 21 -13 23 24 -2 -24 -1 -12 -18 -5
right_child=2 10 3 6 -6 8 7 9 -10 -11 27 12 -14 -15 15 -17 28 -19 -20 -21 -22 -23 25 -25 -26 -27 -28 -29 -30 -31
leaf_value=-0.00047675933633321594 0.0025370337886746752 0.012350574693858554 -2.0534779380400655e-05 -0.00076725500712935863 -0.00022080394005527819 7.8991980722637801e-05 0.0002208327623437285 -0.0029485936251919097 -0.0040074973252996323 -0.0069793102211518536 0.0017049617091148114 0.0018147431486040498 -0.0065654981138820361 0.0121503695484847 0.0021480913222991808 -0.002691982882644182 0.015772610408185565 -0.0076893760133457285 0.010361016340444916 0.0096619145842544163 -0.0054838968511298327 0.01289565586422578 -0.00081256129505943495 0.0014583183065305818 -0.0003283083270657738 0.0010647378746296422 0.0011788273982192799 0.0083985127736056278 0.0054469998778800327 -0.0038621643190487284
leaf_weight=1970 527 77 6804 2871 43648 459 414 1251 624 340 2620 269 67 98 251 94 53 58 106 71 115 82 2959 5414 2906 1586 3809 73 67 317
leaf_count=1970 527 77 6804 2871 43648 459 414 1251 624 340 2620 269 67 98 251 94 53 58 106 71 115 82 2959 5414 2906 1586 3809 73 67 317
internal_value=2.81257e-08 0.00142511 -0.00020077 -0.000917676 -3.63724e-05 -0.000330227 -0.00180986 -0.00297801 -0.0022757 -0.00381035 0.00256741 0.00386913 0.00192402 0.00532996 0.00438163 0.00340429 0.00447572 0.00287144 0.00458888 0.00298426 0.001965 0.00440638 0.000564735 0.000935748 0.000111612 -0.00015746 0.000614457 0.00188671 0.0100168 -0.00107511
internal_weight=80000 9880 70120 13080 57040 7887 5193 2005 1083 1591 4101 1408 604 804 706 629 535 415 357 537 466 351 13392 8847 3433 4545 5779 2693 120 3188
internal_count=80000 9880 70120 13080 57040 7887 5193 2005 1083 1591 4101 1408 604 804 706 629 535 415 357 537 466 351 13392 8847 3433 4545 5779 2693 120 3188
is_linear=0
shrinkage=0.05


Tree=131
num_leaves=31
num_cat=0
split_feature=6 6 6 7 10 10 7 10 3 6 3 0 9 10 10 7 10 7 7 10 10 3 7 7 7 7 7 7 7 0
split_gain=1.59209 0.644994 0.916866 0.763196 0.74312 1.71113 0.968244 0.624044 0.465756 0.32234 0.560172 0.899355 0.659595 0.875322 0.893739 1.11707 0.802289 0.710928 0.571574 0.543555 1.74646 0.670672 0.811062 0.657522 0.62668 0.507134 0.47957 0.476794 0.891904 1.43123
threshold=1.0000000180025095e-35 2.5000000000000004 3.5000000000000004 -0.79524513936823904 3.0472355000000007 3.0445255000000002 -0.49604984348761971 3.0436855000000005 4.5000000000000009 1.5000000000000002 3.5000000000000004 4.5000000000000009 0.45124090117685461 3.0463595000000003 3.0455415000000006 1.1993901665025566 3.0458985000000003 1.3988536970896364 -1.2939039658359379 3.0476775000000003 3.0479215000000006 1.5000000000000002 -0.097122782313460637 -0.097122782313460637 -0.39631807819407994 -0.097122782313460637 -0.49604984348761971 1.3988536970896364 0.90019487062193726 4.5000000000000009
decision_type=2 2 2 2 2 2 2 2 2 2 2 2 2 2 2 2 2 2 2 2 2 2 2 2 2 2 2 2 2 2
left_child=-1 9 3 8 5 7 -7 -5 -3 10 12 -12 -2 14 27 16 26 19 -13 21 24 23 -23 -15 -21 -18 -16 28 -14 -30
right_child=1 2 -4 4 -6 6 -8 -9 -10 -11 11 18 13 17 15 -17 25 -19 -20 20 -22 22 -24 -25 -26 -27 -28 -29 29 -31
leaf_value=0.0002130428063034858 -0.0001433988000495702 -0.0011777164234147534 -0.0001510366146241525 -0.0023671262810015799 0.0003348133795354932 -0.010826206224395998 -0.0037203194570706102 0.0035378440356283792 -5.0810184433171131e-05 0.0001425476223190052 -0.00017045384236977071 -0.0024710069717532334 -0.00099411699301345919 -0.0021305408772781388 -5.0409886196594939e-05 0.0084892599589272717 0.00027202152503520184 0.0023585218306819444 0.0014370572390645002 -0.0049817576937511293 0.0011540784730992328 -0.0019049275386544978 -0.0074168953326247122 0.0027804855423483542 -0.012574156575809898 -0.0052575530475173181 0.0059044367555169137 -0.0031206077497582235 0.0082204551296507933 -0.00030743666844293568
leaf_weight=41841 6266 2952 6222 221 152 97 95 56 1330 9009 6178 100 2362 201 57 52 129 72 1434 50 66 193 102 103 60 61 83 221 70 165
leaf_count=41841 6266 2952 6222 221 152 97 95 56 1330 9009 6178 100 2362 201 57 52 129 72 1434 50 66 193 102 103 60 61 83 221 70 165
internal_value=3.02436e-08 -0.000233536 -0.00055398 -0.00106531 -0.00270327 -0.00368775 -0.00731404 -0.0011725 -0.000827706 -0.000101666 -0.000223725 9.86055e-05 -0.000464761 -0.000962312 -0.000583957 0.0016853 0.000610911 -0.00239151 0.00118215 -0.00283305 -0.00527546 -0.00211466 -0.00381263 -0.00046624 -0.00913073 -0.00150509 0.00348166 -0.00089162 -0.000701824 0.0022352
internal_weight=80000 38159 11125 4903 621 469 192 277 4282 27034 18025 7712 10313 4047 3200 382 330 847 1534 775 176 599 295 304 110 190 140 2818 2597 235
internal_count=80000 38159 11125 4903 621 469 192 277 4282 27034 18025 7712 10313 4047 3200 382 330 847 1534 775 176 599 295 304 110 190 140 2818 2597 235
is_linear=0
shrinkage=0.05


Tree=132
num_leaves=31
num_cat=0
split_feature=8 8 9 9 3 2 8 8 3 11 11 8 8 9 11 3 8 11 11 11 11 8 2 11 11 11 11 8 8 2
split_gain=8.4955 2.44534 1.73623 1.535 1.45484 1.41067 3.27006 1.8502 1.08475 1.41237 1.11684 0.958121 0.916035 0.772308 1.4522 1.45048 0.767993 1.04001 1.15072 1.03248 0.936481 0.866852 0.638915 2.17231 4.77062 2.26273 1.41705 0.637938 0.63611 1.21999
threshold=-1.5353580203992327 -0.67604666159271909 -1.117930881447166 -1.117930881447166 4.5000000000000009 1.0000000180025095e-35 0.71907848290764587 -0.11478172107840999 4.5000000000000009 101.79613750000001 101.79487550000002 0.44045531434684321 -1.286204610051592 0.45124090117685461 101.79842450000001 1.5000000000000002 -1.700120759500092 101.79833950000001 101.79831150000001 101.79824850000001 101.79846450000001 -1.5835812611116793 1.0000000180025095e-35 101.79812050000001 101.79803650000001 101.79823250000001 101.79820050000002 -1.6257765967350701 -0.35388862294429102 1.0000000180025095e-35
decision_type=2 2 2 2 2 2 2 2 2 2 2 2 2 2 2 2 2 2 2 2 2 2 2 2 2 2 2 2 2 2
left_child=3 2 -2 -1 5 6 7 -3 10 -10 -5 -9 13 -4 15 -15 22 18 19 -18 -19 -21 23 24 -12 26 -25 -22 29 -6
right_child=1 4 12 8 28 -7 -8 11 9 -11 16 -13 -14 14 -16 -17 17 20 -20 21 27 -23 -24 25 -26 -27 -28 -29 -30 -31
leaf_value=0.00023686866479746406 -0.00057946428927737432 -0.0015542311945316025 0.0005254683748815728 -0.0040265595826533543 0.0037638185785376223 -0.00033144764544433482 -0.0028015135511137946 0.0010762158547086046 0.0053489128238869629 -0.0048173207624352008 -0.0016307178639198205 -0.00098074364706758296 0.00034737860015596824 -5.0812858680262935e-05 0.0097082269712573093 0.0026026685418913233 0.002995427727055992 -0.0041577648202976497 0.0099183762185748817 0.0014580611139996501 -0.0020997726235893782 -0.0063375184116923099 0.0031147695704416543 0.0022681936194010495 0.017086462630889334 0.0075118844573526288 -0.0078908040691623143 0.0041254669723231573 -3.1798126815873073e-05 0.00031605427808950034
leaf_weight=817 4020 2007 2229 58 321 29174 2047 1869 51 103 53 812 11630 812 57 1408 1397 107 55 101 66 55 864 97 95 140 53 109 18116 1277
leaf_count=817 4020 2007 2229 58 321 29174 2047 1869 51 103 53 812 11630 812 57 1408 1397 107 55 101 66 55 864 97 95 140 53 109 18116 1277
internal_value=2.71716e-08 -0.000121579 0.000350254 0.00218316 -0.000292557 -0.000482025 -0.00113426 -0.000406221 0.00265028 -0.00144929 0.00284457 0.000453207 0.000581879 0.0011871 0.00183474 0.00163216 0.00296954 0.0023256 0.00281676 0.00256463 -0.00047502 -0.00129268 0.00390405 0.00545991 0.0103871 0.00294262 -0.00132418 0.0017778 5.25582e-05 0.00100882
internal_weight=80000 75779 20156 4221 55623 35909 6735 4688 3404 154 3250 2681 16136 4506 2277 2220 3192 1890 1608 1553 282 156 1302 438 148 290 150 175 19714 1598
internal_count=80000 75779 20156 4221 55623 35909 6735 4688 3404 154 3250 2681 16136 4506 2277 2220 3192 1890 1608 1553 282 156 1302 438 148 290 150 175 19714 1598
is_linear=0
shrinkage=0.05


Tree=133
num_leaves=31
num_cat=0
split_feature=6 6 6 7 10 10 7 10 3 2 6 7 10 10 7 10 10 7 7 10 7 7 7 7 10 10 10 3 10 3
split_gain=1.56697 0.62968 0.860951 0.718318 0.694068 1.56498 0.869675 0.564131 0.428466 0.34243 0.885494 1.55584 1.04525 1.19857 0.936978 1.55862 1.08445 0.929181 3.5052 1.10817 0.881976 0.550843 0.532254 0.424857 0.887082 0.719285 0.392969 0.624815 0.435528 0.60499
threshold=1.0000000180025095e-35 2.5000000000000004 3.5000000000000004 -0.79524513936823904 3.0472355000000007 3.0445255000000002 -0.49604984348761971 3.0436855000000005 4.5000000000000009 1.0000000180025095e-35 1.5000000000000002 1.1993901665025566 3.0449595000000005 3.0460385000000003 0.50126780944777805 3.0474155000000005 3.0445255000000002 0.70073134003485771 0.50126780944777805 3.0459375000000004 1.6980489929702556 1.3988536970896364 1.0996584012090167 0.80046310532839737 3.0456485000000004 3.0462485000000004 3.0462485000000004 3.5000000000000004 3.0467085000000007 4.5000000000000009
decision_type=2 2 2 2 2 2 2 2 2 2 2 2 2 2 2 2 2 2 2 2 2 2 2 2 2 2 2 2 2 2
left_child=-1 9 3 8 5 7 -7 -5 -3 10 11 14 -13 -14 26 16 -16 18 -12 21 22 -19 -21 25 -25 -18 -2 -28 -29 -30
right_child=1 2 -4 4 -6 6 -8 -9 -10 -11 17 12 13 -15 15 -17 23 19 -20 20 -22 -23 -24 24 -26 -27 27 28 29 -31
leaf_value=0.00021135383440487495 -0.00042206376561577821 -0.0011489931120788035 -0.00015784197514044404 -0.0023146565744088065 0.00030324204449366137 -0.010380943150589978 -0.0036461979276429645 0.0032997263635719553 -6.8137696756781992e-05 -1.2662008382049342e-05 0.00053829036811370149 0.0080608548173813355 -0.0042310238616362359 0.0033463423604606548 -0.0086774497229240959 -0.011359733936736892 -0.002095512483739645 -0.0014021236392013532 0.013403599280733007 -0.0037081066000118124 -0.00035636229531818304 0.0041370612337194692 -0.010581042925328684 0.0020060070558701676 -0.0059692994155182344 0.0058745183317853271 -0.0026126531955486978 -0.002786845165087903 0.0031513415323037547 -0.00085764701315217337
leaf_weight=41841 1660 2952 6222 221 152 97 95 56 1330 21651 1353 66 76 166 54 55 65 102 55 55 79 80 58 59 85 50 686 142 137 300
leaf_count=41841 1660 2952 6222 221 152 97 95 56 1330 21651 1353 66 76 166 54 55 65 102 55 55 79 80 58 59 85 50 686 142 137 300
internal_value=2.80084e-08 -0.000231689 -0.000548306 -0.0010438 -0.00263287 -0.00358431 -0.00705228 -0.00117884 -0.000813286 -0.000101393 -0.000458274 -0.000909386 0.00248838 0.000965909 -0.00122725 -0.00360475 -0.00223886 0.000453318 0.00104176 -0.00176167 -0.00441053 0.00103362 -0.00724204 -0.00089362 -0.00270251 0.00137181 -0.00092802 -0.00159188 -0.000382217 0.000399609
internal_weight=80000 38159 11125 4903 621 469 192 277 4282 27034 5383 3601 308 242 3293 368 313 1782 1408 374 192 182 113 259 144 115 2925 1265 579 437
internal_count=80000 38159 11125 4903 621 469 192 277 4282 27034 5383 3601 308 242 3293 368 313 1782 1408 374 192 182 113 259 144 115 2925 1265 579 437
is_linear=0
shrinkage=0.05


Tree=134
num_leaves=31
num_cat=0
split_feature=8 8 6 6 0 3 6 9 8 6 6 3 8 3 9 8 0 3 3 9 9 8 8 9 6 8 0 6 8 9
split_gain=7.81687 2.17318 2.39636 1.75532 1.7326 1.31273 1.63334 1.1992 1.19442 0.83251 0.830138 0.868871 1.18739 1.11081 2.30563 0.843522 0.812798 0.799402 1.01094 1.57131 0.779278 1.00515 0.779221 3.24246 1.25509 1.16791 1.36684 0.954802 1.3636 4.61946
threshold=-1.5186138395962998 -0.67604666159271909 1.0000000180025095e-35 2.5000000000000004 2.5000000000000004 4.5000000000000009 2.5000000000000004 -1.117930881447166 -1.700120759500092 1.0000000180025095e-35 3.5000000000000004 3.5000000000000004 -1.6472091481628242 1.5000000000000002 0.45124090117685461 -1.700120759500092 4.5000000000000009 1.5000000000000002 2.5000000000000004 0.45124090117685461 0.45124090117685461 0.066055431593264671 0.47126460702423967 0.45124090117685461 1.0000000180025095e-35 0.71907848290764587 4.5000000000000009 1.0000000180025095e-35 -0.010298032868109099 0.45124090117685461
decision_type=2 2 2 2 2 2 2 2 2 2 2 2 2 2 2 2 2 2 2 2 2 2 2 2 2 2 2 2 2 2
left_child=3 2 4 7 -2 6 22 -1 9 -9 15 12 13 -12 -15 -5 17 -10 19 -19 -8 -22 27 -24 25 -25 -27 28 -3 -30
right_child=1 5 -4 10 -6 -7 20 8 16 -11 11 -13 -14 14 -16 -17 -18 18 -20 -21 21 -23 23 24 -26 26 -28 -29 29 -31
leaf_value=0.00065242750400168329 8.867689020873186e-05 -9.0822745601739046e-05 -0.00011411274721478027 0.0011574954481061166 0.0016131244492338715 4.6426195505890501e-05 -0.00099020545415300499 0.0083710722783044197 0.00033728551808756606 0.004134313830552629 0.0019061524458489029 -0.00093484509145620178 0.00032877802864957344 0.0023133386272096838 0.013691935050564624 -0.0017417302659881154 0.0046899305619648229 0.0024440641496083194 0.0017377898924890564 0.010876694898824979 -0.0020659958468941509 -0.0063815204083253561 -7.4314386402273195e-05 0.00067415229625460442 -0.0030542024621880983 -0.0025007414844905218 -0.0007571223131968615 -0.00048353123777328017 -0.001284977750406147 0.0037168712109931258
leaf_weight=521 3081 5698 12042 559 4718 19714 1634 151 468 501 165 188 248 96 83 455 351 143 517 90 832 161 10972 736 1066 1900 2752 8293 839 1026
leaf_count=521 3081 5698 12042 559 4718 19714 1634 151 468 501 165 188 248 96 83 455 351 143 517 90 832 161 10972 736 1066 1900 2752 8293 839 1026
internal_value=2.48271e-08 -0.00012115 0.000328104 0.00201593 0.0010109 -0.000281401 -0.000461378 0.0028115 0.00331792 0.00511666 0.000799865 0.00202608 0.00296637 0.00486724 0.00759415 -0.000143483 0.00257018 0.00195898 0.00297073 0.00570457 -0.00166163 -0.00276627 -0.000366635 -0.000597412 -0.00148668 -0.0011765 -0.0014693 -0.000113006 0.000293284 0.00146676
internal_weight=80000 75464 19841 4536 7799 55623 35909 2742 2221 652 1794 780 592 344 179 1014 1569 1218 750 233 2627 993 33282 17426 6454 5388 4652 15856 7563 1865
internal_count=80000 75464 19841 4536 7799 55623 35909 2742 2221 652 1794 780 592 344 179 1014 1569 1218 750 233 2627 993 33282 17426 6454 5388 4652 15856 7563 1865
is_linear=0
shrinkage=0.05


Tree=135
num_leaves=31
num_cat=0
split_feature=6 6 5 6 3 10 10 10 10 11 11 11 11 11 10 11 2 6 3 5 10 3 3 10 10 10 3 10 3 3
split_gain=1.32166 0.782591 0.66791 0.527278 0.364989 0.410618 1.32331 0.499691 0.45033 0.565489 0.485878 0.816243 0.402714 0.385919 0.685413 0.350853 0.307281 0.817854 0.557552 0.675577 0.46826 0.568414 0.304882 0.84591 0.534246 0.56171 0.516856 0.453291 0.464656 0.43702
threshold=2.5000000000000004 3.5000000000000004 1.0000000180025095e-35 1.0000000180025095e-35 1.0000000180025095e-35 3.0476975000000004 3.0474155000000005 3.0469525000000002 3.0441405000000006 101.79596250000002 101.79695750000002 101.79810050000002 101.79810850000001 101.79807650000002 3.0457225000000006 101.79530650000001 1.0000000180025095e-35 1.5000000000000002 3.5000000000000004 1.0000000180025095e-35 3.0476595000000004 1.5000000000000002 1.5000000000000002 3.0443435000000005 3.0454655000000002 3.0469915000000003 1.0000000180025095e-35 3.0449595000000005 2.5000000000000004 1.0000000180025095e-35
decision_type=2 2 2 2 2 2 2 2 2 2 2 2 2 2 2 2 2 2 2 2 2 2 2 2 2 2 2 2 2 2
left_child=3 2 -2 -1 13 6 7 8 10 15 -6 -12 -11 14 -4 -10 17 20 22 -20 -5 -22 23 -19 26 -26 -25 28 -24 -27
right_child=1 -3 4 16 5 -7 -8 -9 9 12 11 -13 -14 -15 -16 -17 -18 18 19 -21 21 -23 27 24 25 29 -28 -29 -30 -31
leaf_value=0.00019290595498641395 -0.00064891997698888321 -0.00013336908532913161 -0.0047772192877779725 -0.00067459017502200457 -0.0051315596566933498 -0.00011244467478524719 -0.010223382144461789 0.0020876101471480556 -0.0045848550548891753 -0.0097963741462538268 0.0027371406363582177 -0.0025648174514943333 -0.0042746732638982042 0.0025204455762402249 0.0025673890810831677 0.00020447718000154844 -6.3513038587681258e-06 -0.0058169515836916999 -4.2144075809849278e-05 -0.0047428050445139621 -0.0058977384357463448 -0.0013699351129112555 0.0076669873963960125 0.0068892365129816198 -0.0018672694261288971 -0.00063319043941842336 0.00056070681550945403 0.0012184604089137191 0.0016171634009051862 0.0048648410334207132
leaf_weight=41841 3720 6222 79 3250 79 160 57 59 74 56 110 213 81 83 53 79 21651 50 681 86 95 256 64 65 185 68 64 379 63 77
leaf_count=41841 3720 6222 79 3250 79 160 57 59 74 56 110 213 81 83 53 79 21651 50 681 86 95 256 64 65 185 68 64 379 63 77
internal_value=2.59817e-08 -0.000505639 -0.000978045 8.1704e-05 -0.00201285 -0.00242672 -0.00288492 -0.00232665 -0.00270326 -0.00420481 -0.00161927 -0.000758909 -0.00653722 -0.000149236 -0.00182854 -0.00211341 -9.04054e-05 -0.000428474 0.000447609 -0.000569756 -0.000862015 -0.00259674 0.00121638 0.000352247 0.00102539 -4.14196e-05 0.00375237 0.00208539 0.00466953 0.00228779
internal_weight=80000 11125 4903 68875 1183 968 808 751 692 290 402 323 137 215 132 153 27034 5383 1782 767 3601 351 1015 509 459 330 129 506 127 145
internal_count=80000 11125 4903 68875 1183 968 808 751 692 290 402 323 137 215 132 153 27034 5383 1782 767 3601 351 1015 509 459 330 129 506 127 145
is_linear=0
shrinkage=0.05


Tree=136
num_leaves=31
num_cat=0
split_feature=8 5 8 6 8 6 2 8 10 5 10 8 0 8 8 2 10 10 0 8 6 8 6 8 8 0 0 8 2 2
split_gain=7.22032 3.50717 4.03536 2.80222 2.18225 2.07753 1.71679 1.68434 1.71956 2.38663 2.18149 1.44492 1.33674 1.71043 2.36101 1.25157 1.79072 3.35249 1.2095 3.30269 1.20947 1.2044 1.15149 1.08192 1.06632 4.66874 2.73045 1.41937 1.33936 1.04819
threshold=-1.416809220314468 1.0000000180025095e-35 -1.0564744494353533 2.5000000000000004 -0.77852104810666811 1.0000000180025095e-35 1.0000000180025095e-35 -1.6739998374475167 3.0460385000000003 1.0000000180025095e-35 3.0419025000000004 0.11963681016264981 4.5000000000000009 -0.51664206034879834 -0.97476284711704109 1.0000000180025095e-35 3.0453275000000004 3.0446335000000002 2.5000000000000004 -1.2111906800544525 3.5000000000000004 -1.6043440453073161 3.5000000000000004 -0.86826985721038807 -0.44832580267283234 1.5000000000000002 1.5000000000000002 -0.55749786150795455 1.5000000000000002 1.0000000180025095e-35
decision_type=2 2 2 2 2 2 2 2 2 2 2 2 2 2 2 2 2 2 2 2 2 2 2 2 2 2 2 2 2 2
left_child=5 2 18 4 -3 21 -6 8 10 -10 -7 12 24 14 -14 16 17 -12 19 -2 -13 -1 23 -5 25 27 -26 -4 -27 -22
right_child=1 3 11 22 6 7 -8 -9 9 -11 15 20 13 -15 -16 -17 -18 -19 -20 -21 29 -23 -24 -25 26 28 -28 -29 -30 -31
leaf_value=0.0053113553767624687 0.0028114088081499997 4.5502186781975492e-05 0.003644622680561998 -0.0039394225711103879 -0.0029506967979836345 -0.0031166316292483036 -0.00085603812011915902 0.00035903031959940226 -0.0044526086731020318 0.0020578112718859813 0.0038639804643053801 -0.00022393973689285651 0.0050617844763215514 0.0019289659840460551 -0.0010533604537691385 0.0034725410424857415 0.0017419866907530453 0.020400083774505199 0.0024092762058601194 -0.0020807130285078516 -0.0065333063335063337 0.0022885381070103165 -0.0020168172926747648 -0.010848868342879587 -0.0017552224649561553 0.00087242677056511772 0.00022053825671803818 -0.00019107760001978299 -0.0008119770238814647 -0.001436055073607518
leaf_weight=439 735 6781 1283 339 1187 106 5560 3201 184 598 65 34179 181 2383 1229 692 72 58 2155 650 121 1322 1195 68 2341 1872 6910 297 3193 604
leaf_count=439 735 6781 1283 339 1187 106 5560 3201 184 598 65 34179 181 2383 1229 692 72 58 2155 650 121 1322 1195 68 2341 1872 6910 297 3193 604
internal_value=2.27944e-08 -0.000144022 3.24663e-05 -0.000822125 -0.000587952 0.00156644 -0.00122459 0.00104407 0.00227937 0.000525574 0.00366031 -7.36148e-05 0.000268875 0.00111226 -0.000268063 0.00447045 0.00800814 0.0116717 0.00166838 0.000515483 -0.00026681 0.00304236 -0.00279943 -0.00509621 6.76256e-05 0.000550811 -0.000279449 0.00292364 -0.000189424 -0.00228755
internal_weight=80000 73263 58133 15130 13528 6737 6747 4976 1775 782 993 54593 19689 3793 1410 887 195 123 3540 1385 34904 1761 1602 407 15896 6645 9251 1580 5065 725
internal_count=80000 73263 58133 15130 13528 6737 6747 4976 1775 782 993 54593 19689 3793 1410 887 195 123 3540 1385 34904 1761 1602 407 15896 6645 9251 1580 5065 725
is_linear=0
shrinkage=0.05


Tree=137
num_leaves=31
num_cat=0
split_feature=8 8 5 6 5 0 8 8 0 8 0 0 6 8 8 0 6 8 8 0 1 0 8 8 0 0 8 6 8 2
split_gain=6.55478 1.89735 3.67094 2.05053 2.15794 1.86246 2.42792 2.21963 1.5214 1.81544 3.35152 3.22029 1.56223 1.49246 1.41691 1.37775 1.35321 1.00399 1.13466 1.33239 0.983 0.942947 0.941908 0.915425 2.52123 1.49917 1.82435 1.13249 3.78427 2.20781
threshold=-1.5353580203992327 -0.67604666159271909 1.0000000180025095e-35 1.0000000180025095e-35 1.0000000180025095e-35 1.5000000000000002 -1.0022233036338508 -0.97476284711704109 2.5000000000000004 0.025869397666225803 1.5000000000000002 1.5000000000000002 2.5000000000000004 -1.3900185310297755 -1.2232464902325644 2.5000000000000004 2.5000000000000004 0.86173890334863368 -0.04311662724185749 4.5000000000000009 1.5000000000000002 4.5000000000000009 -1.700120759500092 0.11963681016264981 4.5000000000000009 1.5000000000000002 -0.52869787052691009 1.0000000180025095e-35 0.44045531434684321 1.0000000180025095e-35
decision_type=2 2 2 2 2 2 2 2 2 2 2 2 2 2 2 2 2 2 2 2 2 2 2 2 2 2 2 2 2 2
left_child=16 3 23 15 5 6 14 13 9 10 -4 -11 17 21 -5 -2 22 18 -10 -20 -19 -7 -1 24 25 26 -3 28 29 -25
right_child=1 2 8 4 -6 7 -8 -9 12 11 -12 -13 -14 -15 -16 -17 -18 20 19 -21 -22 -23 -24 27 -26 -27 -28 -29 -30 -31
leaf_value=0.0040692731432425818 0.00011948224373242022 0.0021104285873106959 0.0028410380568617247 0.0021365006366479895 -0.00083559552226252431 -0.0022578925505559199 0.0042101629015853124 -0.0009134394037607895 -0.0023541868466106014 -0.0050718989487898922 -0.0018081098628657624 0.00065237148985797602 -0.0065215593950553171 0.0017213332789185445 -0.0025653785935778853 0.0014699415103407714 0.00082792075684486987 -0.00062743121555615931 -0.0016320723184054709 0.001835295445513814 -0.0081865905516046843 0.002485939290777089 0.0019931044621394021 0.0055834770095760317 0.0015641794062292193 0.0002229914710027947 -0.001564464693951587 -0.00066069037322471179 -0.00016226149205903579 -0.00073067662310757756
leaf_weight=801 3121 389 801 345 5466 444 698 2744 2005 482 751 501 187 2119 299 4783 1701 68 792 426 117 137 1719 460 2809 8833 2558 11465 22781 198
leaf_count=801 3121 389 801 345 5466 444 698 2744 2005 482 751 501 187 2119 299 4783 1701 68 792 426 117 137 1719 460 2809 8833 2558 11465 22781 198
internal_value=2.25456e-08 -0.000106795 -0.000257402 0.000308823 -9.62392e-05 0.000499303 0.00216759 8.8022e-05 -0.00141157 -0.000473502 0.000591382 -0.00215467 -0.00207301 0.0011058 -4.65741e-05 0.000936703 0.00191766 -0.00182873 -0.00162301 -0.000419297 -0.00540993 -0.00113906 0.00265316 -0.000114449 0.00021816 -0.000102816 -0.00107933 -0.000253471 -5.42804e-05 0.00368365
internal_weight=80000 75779 55623 20156 12252 6786 1342 5444 6130 2535 1552 983 3595 2700 644 7904 4221 3408 3223 1218 185 581 2520 49493 14589 11780 2947 34904 23439 658
internal_count=80000 75779 55623 20156 12252 6786 1342 5444 6130 2535 1552 983 3595 2700 644 7904 4221 3408 3223 1218 185 581 2520 49493 14589 11780 2947 34904 23439 658
is_linear=0
shrinkage=0.05


Tree=138
num_leaves=31
num_cat=0
split_feature=6 6 7 10 10 11 11 7 10 10 6 3 6 2 7 3 10 10 7 10 10 7 11 10 10 10 3 2 7 7
split_gain=1.21208 0.805732 0.594596 0.636925 1.4941 1.40516 1.09113 1.28742 0.562515 0.506333 0.462765 0.355709 0.296507 0.711809 1.38483 1.06082 1.68667 1.51535 0.862697 1.35336 0.962621 0.581396 0.624616 0.417127 0.799003 0.411407 0.409578 0.527252 0.51963 0.423298
threshold=2.5000000000000004 3.5000000000000004 -0.79524513936823904 3.0472355000000007 3.0457925000000006 101.79611550000001 101.79808850000002 -0.29658631290054016 3.0430045000000003 3.0442375000000004 1.0000000180025095e-35 4.5000000000000009 1.5000000000000002 1.0000000180025095e-35 1.1993901665025566 1.5000000000000002 3.0463595000000003 3.0460385000000003 0.50126780944777805 3.0474155000000005 3.0445255000000002 1.3988536970896364 101.79799550000001 3.0463955000000005 3.0457925000000006 3.0423185000000004 4.5000000000000009 3.5000000000000004 -1.2939039658359379 0.50126780944777805
decision_type=2 2 2 2 2 2 2 2 2 2 2 2 2 2 2 2 2 2 2 2 2 2 2 2 2 2 2 2 2 2
left_child=10 2 11 4 6 -6 7 9 -8 -4 -1 -2 13 14 18 16 -16 -17 -12 20 -20 26 -23 24 -22 -24 -15 -28 -29 -30
right_child=1 -3 3 -5 5 -7 8 -9 -10 -11 12 -13 -14 21 15 17 -18 -19 19 -21 23 22 25 -25 -26 -27 27 28 29 -31
leaf_value=0.00018241744180967059 -0.0010597232715453908 -0.00010649528640298016 -0.0045551261838325521 0.00040325507340844993 -0.0023274834518982636 -0.013766364374385567 -0.00081204820132895991 0.0010140009042015113 0.0054531985865441078 -0.010949247089333406 -0.00084166566790980278 -7.4903173597380866e-05 0.00015122620759138654 -0.00014241105541750026 0.011307393649007277 -0.0049492592749481546 -0.0007544268932332031 0.0040369296751909386 -0.0082034637437971552 -0.010636451727661648 -5.0297201183216147e-05 -0.0021917587945392615 -0.0016915695308068514 0.0017653905907028861 -0.0075847448488613571 0.0023069864692927232 0.00012820082553253144 -0.0021823164111855527 0.0015039788456258111 0.0057159612505942271
leaf_weight=41841 2952 6222 73 152 50 58 106 74 54 54 2925 1330 9009 9495 67 84 51 106 54 55 113 601 107 95 51 161 3043 90 863 64
leaf_count=41841 2952 6222 73 152 50 58 106 74 54 54 2925 1330 9009 9495 67 84 51 106 54 55 113 601 107 95 51 161 3043 90 863 64
internal_value=2.12915e-08 -0.000484229 -0.000963568 -0.00240933 -0.00332076 -0.00847764 -0.00177606 -0.00422773 0.00130456 -0.00728036 7.82402e-05 -0.000753845 -8.29969e-05 -0.000200063 -0.0008289 0.0023767 0.00609801 6.35746e-05 -0.00112879 -0.0034101 -0.0021373 -4.30673e-05 -0.00129672 -0.000869859 -0.00239652 0.000710513 3.73122e-05 0.000457619 0.00144317 0.00179536
internal_weight=80000 11125 4903 621 469 108 361 201 160 127 68875 4282 27034 18025 3601 308 118 190 3293 368 313 14424 869 259 164 268 13555 4060 1017 927
internal_count=80000 11125 4903 621 469 108 361 201 160 127 68875 4282 27034 18025 3601 308 118 190 3293 368 313 14424 869 259 164 268 13555 4060 1017 927
is_linear=0
shrinkage=0.05


Tree=139
num_leaves=31
num_cat=0
split_feature=6 6 7 10 10 11 7 11 10 6 7 11 3 3 10 10 7 7 10 10 6 10 7 11 10 10 10 7 11 7
split_gain=1.09395 0.727222 0.536762 0.576108 1.47395 0.984931 1.1621 0.509763 0.457071 0.417653 0.411535 0.330347 0.321028 0.294962 0.365794 0.51756 0.284224 0.273251 0.671752 0.871171 0.798369 0.695925 0.493297 1.16921 0.77109 0.482226 0.765299 0.404881 0.431086 1.14478
threshold=2.5000000000000004 3.5000000000000004 -0.79524513936823904 3.0471665000000003 3.0457925000000006 101.79808850000002 -0.29658631290054016 101.79820050000002 3.0442375000000004 1.0000000180025095e-35 -0.39631807819407994 101.79816450000001 4.5000000000000009 3.5000000000000004 3.0462115000000005 3.0472355000000007 -0.8949769046617787 0.70073134003485771 3.0446675000000005 3.0443835000000004 1.5000000000000002 3.0448165000000005 1.0996584012090167 101.79828750000001 3.0449935000000004 3.0463595000000003 3.0459375000000004 2.0969760541444149 101.79763450000002 1.3988536970896364
decision_type=2 2 2 2 2 2 2 2 2 2 2 2 2 2 2 2 2 2 2 2 2 2 2 2 2 2 2 2 2 2
left_child=9 2 12 4 5 6 8 -7 -4 -1 -5 -6 13 16 -15 -16 -2 -11 19 27 -21 -20 23 25 -24 26 -23 28 29 -19
right_child=1 -3 3 10 11 7 -8 -9 -10 17 -12 -13 -14 14 15 -17 -18 18 21 20 -22 22 24 -25 -26 -27 -28 -29 -30 -31
leaf_value=0.00017329658841755955 -0.00086841639374602797 -0.00010117060403076677 -0.0043276814427277745 0.0022863112852295939 -0.0056691802120580718 0.0053016639559488607 0.00096336917778700251 -0.00071948900005802143 -0.010402796709094053 -6.0294775998307845e-06 -0.0029578093505586915 -0.01140788772506844 -7.1158305789411884e-05 -0.0010974335528578813 -0.007302255000177932 -0.0019713567745498922 0.0018677851824253407 0.0024121501094364339 -0.0056433746732841468 0.0064527457736572582 -0.0012690491264243564 -0.0015779765447858367 0.0051896589603915256 -0.0091380163044860099 -0.00053277877928521635 -0.00046984918084455406 -0.0079409477168299238 0.0018379024705594512 -0.00091925010547248224 -0.0020558470388186796
leaf_weight=41841 2248 6222 73 99 51 52 74 108 54 22345 60 50 1330 396 67 142 99 383 77 101 50 198 61 51 1612 531 62 249 1085 229
leaf_count=41841 2248 6222 73 99 51 52 74 108 54 22345 60 50 1330 396 67 142 99 383 77 101 50 198 61 51 1612 531 62 249 1085 229
internal_value=1.77921e-08 -0.00046003 -0.000915417 -0.00228907 -0.00318232 -0.0016874 -0.0040167 0.00123947 -0.00691695 7.43273e-05 0.000306783 -0.0085186 -0.000716154 -0.00100674 -0.00199108 -0.00368298 -0.000752925 -7.88493e-05 -0.000425858 0.000239491 0.00389671 -0.000964133 -0.000820653 -0.00180765 -0.000323833 -0.00133392 -0.00309777 -4.4477e-05 -0.00032077 0.000740239
internal_weight=80000 11125 4903 621 462 361 201 160 127 68875 159 101 4282 2952 605 209 2347 27034 4689 2097 151 2592 2515 842 1673 791 260 1946 1697 612
internal_count=80000 11125 4903 621 462 361 201 160 127 68875 159 101 4282 2952 605 209 2347 27034 4689 2097 151 2592 2515 842 1673 791 260 1946 1697 612
is_linear=0
shrinkage=0.05


Tree=140
num_leaves=31
num_cat=0
split_feature=8 5 8 9 7 8 9 7 10 8 8 9 9 1 8 8 7 8 10 8 10 8 1 8 8 1 8 10 9 8
split_gain=6.28717 3.13614 3.13267 2.39997 2.08623 1.6193 1.56321 1.39422 1.92769 2.94958 1.26294 1.37664 1.25911 1.19687 2.83844 1.15448 1.0368 1.27698 1.19749 0.922542 0.869355 1.47109 1.57861 2.93673 1.22427 1.16511 0.865173 1.11109 0.830247 1.50272
threshold=-1.3625580745129657 1.0000000180025095e-35 -1.0564744494353533 -1.117930881447166 0.20207251356715863 -0.55749786150795455 0.45124090117685461 -0.99470866995531859 3.0476125000000005 -1.568176614772981 0.025869397666225803 0.45124090117685461 1.0789096142264631 3.5000000000000004 -1.2232464902325644 0.28372978203139171 2.2964395847314942 -1.6043440453073161 3.0448165000000005 -1.6472091481628242 3.0446675000000005 -0.96069773524257751 1.5000000000000002 -1.2111906800544525 -0.72694897123363489 1.5000000000000002 -0.88300473631696907 3.0463245000000003 1.0789096142264631 -0.54343274963349086
decision_type=2 2 2 2 2 2 2 2 2 2 2 2 2 2 2 2 2 2 2 2 2 2 2 2 2 2 2 2 2 2
left_child=3 2 13 -1 6 20 -3 12 16 -10 28 -12 19 -2 -15 -13 -9 -18 -19 -5 21 22 -6 -24 25 -23 27 -22 -4 -30
right_child=1 4 10 7 5 -7 -8 8 9 -11 11 15 -14 14 -16 -17 17 18 -20 -21 26 24 23 -25 -26 -27 -28 -29 29 -31
leaf_value=-0.00041605846206334572 0.0020452720464328965 -0.0012996533248279909 0.00010945239798630534 0.0011078618106394004 -0.0021911163976399105 -0.0013475443641622583 -0.0045379917221604754 0.001674365624219951 0.01479849792632316 0.0019375085722684968 6.3820003819958182e-06 0.0004245004380467637 0.0033133899658324448 0.0035070561639324229 -0.0032309434313954853 -0.00081066124101873227 0.0092747627869469006 0.00026128018286186358 0.0062894261079760498 -0.0026479358925066863 -0.0015187725435936916 0.0047130008225581745 0.0033701441981724904 -0.0015912473541591929 -2.6296082109851694e-05 0.00115600988462018 -0.0016168112794012171 0.00056471692753492272 -0.00032628102120323442 0.0018331969260104249
leaf_weight=1577 2502 989 14266 275 832 4591 598 4898 74 112 22517 2239 209 271 369 12198 97 198 141 403 966 403 542 663 751 537 1514 1895 1330 2043
leaf_count=1577 2502 989 14266 275 832 4591 598 4898 74 112 22517 2239 209 271 369 12198 97 198 141 403 966 403 542 663 751 537 1514 1895 1330 2043
internal_value=1.37815e-08 -0.000147574 1.65281e-05 0.00133125 -0.000810999 -0.000597308 -0.00252011 0.00176132 0.00205698 0.00705945 -7.18304e-05 -0.00023798 -7.86612e-05 0.00155173 -0.00037772 -0.000619101 0.00188241 0.0042187 0.00276968 -0.00112463 -0.000172228 0.00038881 -0.00051614 0.000640444 0.00147889 0.00268131 -0.000650295 -0.00013879 0.000276254 0.000981714
internal_weight=80000 72016 57735 7984 14281 12694 1587 6407 5520 186 54593 36954 887 3142 640 14437 5334 436 339 678 8103 3728 2037 1205 1691 940 4375 2861 17639 3373
internal_count=80000 72016 57735 7984 14281 12694 1587 6407 5520 186 54593 36954 887 3142 640 14437 5334 436 339 678 8103 3728 2037 1205 1691 940 4375 2861 17639 3373
is_linear=0
shrinkage=0.05


Tree=141
num_leaves=31
num_cat=0
split_feature=8 7 2 10 9 8 9 9 8 4 7 7 7 8 10 10 4 10 8 10 10 10 10 10 10 7 10 10 7 10
split_gain=5.70465 1.81885 1.48544 2.33256 1.30885 1.19721 1.29841 1.08986 1.07866 1.02018 1.23185 0.996684 0.879667 0.955597 0.889586 0.928905 0.872344 1.73799 1.09704 2.31514 1.95071 1.48648 0.965224 2.39439 1.1323 1.82817 1.02705 1.06045 0.94606 0.844314
threshold=-1.416809220314468 2.2964395847314942 1.0000000180025095e-35 3.0462115000000005 0.45124090117685461 -0.55749786150795455 -1.117930881447166 -1.117930881447166 -1.6472091481628242 1.0000000180025095e-35 0.50126780944777805 -1.4933674964230172 0.60099957474131782 -1.3772929536195466 3.0472355000000007 3.0470265000000003 1.0000000180025095e-35 3.0442375000000004 -1.568176614772981 3.0422145000000005 3.0425285000000004 3.0477455000000004 3.0459715000000007 3.0455775000000007 3.0469525000000002 0.40153604415423816 3.0435085000000002 3.0431385000000004 0.60099957474131782 3.0437365000000005
decision_type=2 2 2 2 2 2 2 2 2 2 2 2 2 2 2 2 2 2 2 2 2 2 2 2 2 2 2 2 2 2
left_child=1 4 3 -3 -1 6 -2 -7 -4 10 -9 -8 14 -14 15 -13 18 -18 19 28 -21 29 23 26 -24 -26 27 -20 -6 -22
right_child=5 2 8 -5 16 7 11 9 -10 -11 -12 12 13 -15 -16 -17 17 -19 22 20 21 -23 24 -25 25 -27 -28 -29 -30 -31
leaf_value=0.00055534466971469065 -0.00060793750503722397 0.016407727736041187 0.0083622363370004903 0.0024594667937716053 0.00053293993314645286 0.00019779665774424267 -0.00094383934991045014 -0.00040245058147572819 0.0013224218522168612 -4.3259909952172965e-05 -0.0013120709482400614 0.00079239561419732418 0.0024700220237531419 -8.9598893414471464e-05 0.0025830043254890874 -0.0021540497982169048 0.0032419790610046604 -0.0071756746764477051 0.0019688849597846022 0.013068746160246779 0.00055329222573189979 0.011318934021188165 -0.0046557320889800595 0.011848041568980627 0.0073163332976903597 -0.0031838619732174247 -0.00050829686663350214 0.0094798977711872453 -0.0076643694624542727 0.0037921040648632742
leaf_weight=3639 4018 58 68 62 87 10675 1281 22341 271 15391 4466 7721 388 6032 673 277 87 74 266 55 261 57 139 57 74 94 393 57 59 879
leaf_count=3639 4018 58 68 62 87 10675 1281 22341 271 15391 4466 7721 388 6032 673 277 87 74 266 55 261 57 139 57 74 94 393 57 59 879
internal_value=1.52695e-08 0.00139235 0.0044304 0.00920917 0.00117017 -0.000128021 0.000197456 -0.000253538 0.00273659 -0.000367714 -0.000553996 0.000395117 0.00050878 6.51308e-05 0.000837252 0.000690324 0.00201791 -0.00154774 0.00224963 0.00317428 0.0038691 0.00344534 0.00105255 0.00199448 -0.00131903 0.00144283 0.00120851 0.00329688 -0.00278265 0.0030507
internal_weight=80000 6737 459 120 6278 73263 20390 52873 339 42198 26807 16372 15091 6420 8671 7998 2639 161 2478 1398 1252 1197 1080 773 307 168 716 323 146 1140
internal_count=80000 6737 459 120 6278 73263 20390 52873 339 42198 26807 16372 15091 6420 8671 7998 2639 161 2478 1398 1252 1197 1080 773 307 168 716 323 146 1140
is_linear=0
shrinkage=0.05


Tree=142
num_leaves=31
num_cat=0
split_feature=7 11 11 7 5 7 7 7 7 2 7 11 11 11 11 7 11 11 11 11 7 7 7 7 7 7 11 7 11 11
split_gain=0.49619 0.285628 0.667924 0.228178 0.205023 0.66678 0.843549 0.799812 0.688934 0.42194 1.06991 0.796567 0.981104 0.843504 0.758831 0.843217 0.739827 0.586875 0.431825 1.73763 0.724842 0.708125 0.595688 1.65364 1.42127 0.55194 0.393034 0.371117 0.327791 0.523604
threshold=-1.6928310270100968 101.79507050000001 101.79541450000001 2.6953666459056533 1.0000000180025095e-35 -0.99470866995531859 -1.0944404352488581 -1.194172200542398 -1.2939039658359379 1.0000000180025095e-35 1.2991219317960965 101.79820050000002 101.79829150000002 101.79815650000002 101.79807650000002 1.8975125235573351 101.79831550000002 101.79826450000002 101.79803650000001 101.79804850000001 1.0000000180025095e-35 0.99992663591547692 -0.29658631290054016 -0.49604984348761971 -0.097122782313460637 0.60099957474131782 101.79825250000002 1.9972442888508748 101.79703950000001 101.79814850000001
decision_type=2 2 2 2 2 2 2 2 2 2 2 2 2 2 2 2 2 2 2 2 2 2 2 2 2 2 2 2 2 2
left_child=1 -1 -3 4 -2 6 7 8 28 10 18 13 17 14 -12 -16 -14 26 20 -20 -7 25 23 -21 -24 -22 -13 -19 -6 -30
right_child=3 2 -4 -5 5 9 -8 -9 -10 -11 11 12 16 -15 15 -17 -18 27 19 22 21 -23 24 -25 -26 -27 -28 -29 29 -31
leaf_value=0.0025568404538382009 5.3791715291939239e-05 -0.0049205159817605187 -0.00073133576727139318 0.00074372990911822975 -0.0030383295439681255 0.0015251952460821269 -0.0064917971054470648 0.003769147742124414 -0.0063080708632561773 2.9813774326620856e-05 0.0020623295122033166 -0.0018472824787993019 0.0053622034208646663 0.0041127916733035711 -0.0031849591886852543 0.0015984391875546325 -0.00082254394365855799 -0.0028007286289805085 0.0071759237690368323 -0.0022802736189393991 -0.0027671437219673987 -0.00012152488467140064 -0.0080157936260409034 0.0081181751615282596 -0.001284241923047256 -0.0085371653140554823 0.0023392080264591142 -0.0080274785752619485 0.0044659180819479364 -0.0020048834023627896
leaf_weight=58 58499 102 1399 1067 89 67 86 71 74 14759 391 280 91 208 210 164 103 89 62 105 72 70 83 60 1392 98 70 55 57 69
leaf_count=58 58499 102 1399 1067 89 67 86 71 74 14759 391 280 91 208 210 164 103 89 62 105 72 70 83 60 1392 98 70 55 57 69
internal_value=1.88503e-08 -0.00088323 -0.00101632 1.75744e-05 7.55961e-06 -0.000135726 -0.00204581 -0.0009822 -0.00215039 -8.94897e-05 -0.00056926 0.000369623 -0.00093244 0.0012903 0.000522443 -0.00108756 0.00207982 -0.00211557 -0.00134549 -0.00103404 -0.00307126 -0.00435454 -0.00134483 0.00150361 -0.00166355 -0.00609645 -0.00100956 -0.00480124 -0.000717102 0.000923604
internal_weight=80000 1559 1501 78441 77374 18875 446 360 289 18429 3670 1661 688 973 765 374 194 494 2009 1702 307 240 1640 165 1475 170 350 144 215 126
internal_count=80000 1559 1501 78441 77374 18875 446 360 289 18429 3670 1661 688 973 765 374 194 494 2009 1702 307 240 1640 165 1475 170 350 144 215 126
is_linear=0
shrinkage=0.05


Tree=143
num_leaves=31
num_cat=0
split_feature=6 2 3 6 6 7 9 3 3 6 7 11 11 3 11 11 11 6 7 6 7 6 3 11 11 7 11 6 3 7
split_gain=1.0644 0.457328 0.681312 0.422212 0.563502 0.436462 0.390054 0.608082 0.359434 0.868302 1.58054 0.811538 1.30303 0.770901 1.4982 0.801692 0.586953 0.50657 0.688778 1.09225 0.484051 0.468053 0.658483 1.61983 1.77869 1.19173 1.54216 1.43242 0.800459 0.480535
threshold=1.0000000180025095e-35 1.0000000180025095e-35 4.5000000000000009 2.5000000000000004 3.5000000000000004 -1.0944404352488581 1.0000000180025095e-35 3.5000000000000004 3.5000000000000004 1.5000000000000002 1.1993901665025566 101.79830350000002 101.79832350000001 1.5000000000000002 101.79817250000001 101.79816850000002 101.79831550000002 2.5000000000000004 1.1993901665025566 1.5000000000000002 -0.29658631290054016 2.5000000000000004 2.5000000000000004 101.79808050000001 101.79823650000002 1.0000000180025095e-35 101.79810850000001 3.5000000000000004 1.0000000180025095e-35 -0.79524513936823904
decision_type=2 2 2 2 2 2 2 2 2 2 2 2 2 2 2 2 2 2 2 2 2 2 2 2 2 2 2 2 2 2
left_child=-1 8 3 -3 5 -5 -7 -8 9 10 11 -2 20 14 -12 -15 21 18 -10 -20 -13 -11 25 -24 29 27 -27 -23 -28 -25
right_child=1 2 -4 4 -6 6 7 -9 17 16 13 12 -14 15 -16 -17 -18 -19 19 -21 -22 22 23 24 -26 26 28 -29 -30 -31
leaf_value=0.00017418672987380202 -0.0011542145588054416 -0.0001136864390059787 0.00026913181726183984 -0.00073734373223630968 -0.00018050245537977797 -0.0010940922645754502 -0.0022783730772845943 -0.0073036271559013951 -0.00033043549753634173 0.0010607143606776188 0.011234794049903428 -0.004876443219163998 0.0009577761263724581 -0.0044263183957341037 -3.0096501701875317e-05 0.0037688828948255742 0.0036757246472915064 -0.001896551639300604 -3.4401082990428011e-05 -0.0094939907844903138 -0.011559188815509462 -0.0020115624547256098 0.0075506892958297324 -0.0012776790216805474 0.004885559521775093 -0.011095046035167281 0.003195704958985203 0.0025359971266730777 -0.0044830972507685979 -0.007334529302461968
leaf_weight=41841 1616 15516 8720 1976 3528 422 289 76 2218 953 60 57 63 55 58 65 131 961 70 54 52 415 83 65 87 61 54 297 91 66
leaf_count=41841 1616 15516 8720 1976 3528 422 289 76 2218 953 60 57 63 55 58 65 131 961 70 54 52 415 83 65 87 61 54 297 91 66
internal_value=1.67021e-08 -0.000190959 -0.000104409 -0.000253778 -0.00059929 -0.001134 -0.00212972 -0.00332644 -0.000537142 -0.000237409 -0.000992371 -0.00150191 -0.00476608 0.00283464 0.00570248 1.21909e-05 0.000426762 -0.00092996 -0.000533272 -0.00415823 -0.00807221 0.000230647 -0.000418325 0.00161078 -0.000653173 -0.00108374 -0.00443197 -0.000114527 -0.00162317 -0.00433249
internal_weight=80000 38159 30527 21807 6291 2763 787 365 7632 4329 2026 1788 172 238 118 120 2303 3303 2342 124 109 2172 1219 301 218 918 206 712 145 131
internal_count=80000 38159 30527 21807 6291 2763 787 365 7632 4329 2026 1788 172 238 118 120 2303 3303 2342 124 109 2172 1219 301 218 918 206 712 145 131
is_linear=0
shrinkage=0.05


Tree=144
num_leaves=31
num_cat=0
split_feature=8 8 9 9 7 11 11 11 10 11 10 11 9 4 7 11 11 7 7 7 8 7 10 10 10 8 9 8 11 10
split_gain=5.3485 1.4031 1.497 1.20159 1.16326 2.1142 3.67191 1.21701 0.990285 1.55189 2.92049 1.20011 0.907443 0.932049 0.968804 0.873437 1.65617 0.810391 0.807258 0.767957 0.661332 1.03636 0.710522 1.04984 0.634225 1.73048 1.26308 1.95163 1.03286 0.850254
threshold=-1.4878045469189034 -0.61174900730945692 -1.117930881447166 1.0000000180025095e-35 2.2964395847314942 101.79817650000001 101.79695750000002 101.79485350000002 3.0477455000000004 101.79828350000001 3.0473465000000002 101.79825650000002 -1.117930881447166 1.0000000180025095e-35 0.50126780944777805 101.79823250000001 101.79821650000001 -1.4933674964230172 1.0000000180025095e-35 -1.7925627923036365 -1.3237115750501616 0.40153604415423816 3.0472355000000007 3.0470265000000003 3.0446675000000005 -0.97476284711704109 1.0000000180025095e-35 -1.2111906800544525 101.79844450000002 3.0419025000000004
decision_type=2 2 2 2 2 2 2 2 2 2 2 2 2 2 2 2 2 2 2 2 2 2 2 2 2 2 2 2 2 2
left_child=3 2 -2 -1 7 6 -6 -5 9 10 11 15 -3 14 19 16 -9 -4 -11 -14 -19 22 23 -22 25 26 -23 -28 29 -27
right_child=1 12 17 4 5 -7 -8 8 -10 18 -12 -13 13 -15 -16 -17 -18 20 -20 -21 21 24 -24 -25 -26 28 27 -29 -30 -31
leaf_value=0.00059012225516781971 -0.00061087434647201901 0.00016593798848806371 -0.00076582300650464546 -0.0058124532034070399 0.0025921725688806438 -0.0027723908545121321 0.019166876080221145 0.0020916513514117343 0.0074279510666012197 -0.0071790594129954189 0.011017621762546136 -0.0042841790588850452 -0.005645444825582757 -3.5223301540831053e-05 -0.0011614963916135475 0.0068834895985438755 -0.0057608499693753024 0.0012410050239204699 0.00016911730461322049 -0.00036633316111823002 0.00079126176527032186 -0.0023143087022335839 0.002574950282244028 -0.0027560415535614461 -0.00070210933705772583 -0.0043772181732615626 0.0032496404551636163 -0.0012645240701414694 0.0048154919583355939 0.0013597543737169152
leaf_weight=1987 4118 10913 1258 50 85 51 55 2383 83 66 90 77 69 15586 4837 90 69 2853 86 22706 5995 724 530 216 2465 68 381 644 213 1252
leaf_count=1987 4118 10913 1258 50 85 51 55 2383 83 66 90 77 69 15586 4837 90 69 2853 86 22706 5995 724 530 216 2465 68 381 644 213 1252
internal_value=1.38453e-08 -0.00010747 0.000242443 0.00155505 0.00215699 0.0059394 0.0091127 0.0019155 0.00204694 0.00189058 0.00216645 0.00186187 -0.000241438 -0.000344352 -0.000518844 0.00204821 0.00187045 0.000454143 -0.00302416 -0.000382352 0.000554187 0.000397269 0.000817833 0.000667855 -9.60417e-05 0.000359163 -0.000715701 0.000413577 0.00158544 0.0010639
internal_weight=80000 74828 20717 5172 3185 191 140 2994 2944 2861 2709 2619 54111 43198 27612 2542 2452 16599 152 22775 15341 12488 6741 6211 5747 3282 1749 1025 1533 1320
internal_count=80000 74828 20717 5172 3185 191 140 2994 2944 2861 2709 2619 54111 43198 27612 2542 2452 16599 152 22775 15341 12488 6741 6211 5747 3282 1749 1025 1533 1320
is_linear=0
shrinkage=0.05


Tree=145
num_leaves=31
num_cat=0
split_feature=8 6 8 1 1 8 8 3 8 6 10 2 8 3 3 8 2 10 10 1 3 3 10 3 2 10 10 10 6 10
split_gain=4.85834 1.48718 2.66463 1.39013 1.12564 2.01489 1.84542 1.52202 1.11501 0.938929 1.05461 0.854214 1.67619 1.74788 0.955255 1.09795 1.54405 0.838819 1.85194 2.28551 1.37983 0.912417 1.55058 1.48846 2.28286 1.28223 1.72327 1.00972 0.878085 0.835791
threshold=-1.5353580203992327 1.0000000180025095e-35 0.51747854604033428 1.5000000000000002 3.5000000000000004 -0.22462354714564947 0.066055431593264671 3.5000000000000004 -1.2620929896953685 2.5000000000000004 3.0417195000000006 1.0000000180025095e-35 0.10624146552030346 4.5000000000000009 4.5000000000000009 -1.0022233036338508 3.5000000000000004 3.0470925000000002 3.0473465000000002 1.5000000000000002 2.5000000000000004 2.5000000000000004 3.0467085000000007 1.5000000000000002 1.0000000180025095e-35 3.0462485000000004 3.0458265000000004 3.0452895000000004 1.5000000000000002 3.0460385000000003
decision_type=2 2 2 2 2 2 2 2 2 2 2 2 2 2 2 2 2 2 2 2 2 2 2 2 2 2 2 2 2 2
left_child=9 2 3 -2 6 -6 8 -8 -5 17 -11 12 -3 -14 -13 16 -16 21 -19 -20 -21 23 25 -1 -25 26 27 28 -23 -12
right_child=1 11 -4 4 5 -7 7 -9 -10 10 29 14 13 -15 15 -17 -18 18 19 20 -22 22 -24 24 -26 -27 -28 -29 -30 -31
leaf_value=0.0024520116044811154 2.5872632479766029e-05 -0.00032537743748140176 -0.00023476547913935857 0.0024608369414566879 0.00088120623197969798 -0.0019537550956906994 0.0043329505659917174 -0.00012710372115555651 0.0006622466417818434 -0.005217767914930037 0.0020089350274625642 -0.00040466045010505055 -0.0034912235675278432 -0.00055305910951876619 0.00076544043822511195 5.8948113239009172e-05 0.0061404837755845093 -0.0068777076264387518 4.2312425013967106e-05 0.002205771695720637 0.012513626541736942 0.00038265730024275883 0.0094711898108894507 0.012837947211176624 0.0039071629081153794 -0.0068761016959752036 0.0098014989894368229 -0.005346471626051774 0.0056682453247545051 -0.00027126068231170616
leaf_weight=736 6862 4806 23578 1036 2568 829 784 253 5120 71 911 19348 1025 1000 535 7857 178 71 474 63 67 431 56 99 258 50 56 63 96 719
leaf_count=736 6862 4806 23578 1036 2568 829 784 253 5120 71 911 19348 1025 1000 535 7857 178 71 474 63 67 431 56 99 258 50 56 63 96 719
internal_value=1.42972e-08 -9.19473e-05 0.000111896 0.000580242 0.000939453 0.000189328 0.0012937 0.00324491 0.000964968 0.00165095 0.000743221 -0.000332636 -0.000833799 -0.00204038 -0.000210009 0.000229445 0.00210799 0.00226361 0.000755301 0.00165355 0.00752382 0.00281536 0.00147457 0.00373763 0.00638667 0.000829897 0.00142731 0.000630943 0.00134639 0.00100318
internal_weight=80000 75779 41030 17452 10590 3397 7193 1037 6156 4221 1701 34749 6831 2025 27918 8570 713 2520 675 604 130 1845 752 1093 357 696 646 590 527 1630
internal_count=80000 75779 41030 17452 10590 3397 7193 1037 6156 4221 1701 34749 6831 2025 27918 8570 713 2520 675 604 130 1845 752 1093 357 696 646 590 527 1630
is_linear=0
shrinkage=0.05


Tree=146
num_leaves=31
num_cat=0
split_feature=7 11 11 0 11 11 11 11 5 2 7 11 7 7 11 7 5 7 7 7 7 2 7 11 11 11 3 11 11 11
split_gain=0.400018 0.252033 0.608838 0.178208 0.312384 0.368073 0.340845 0.281477 0.229547 0.253618 0.233653 0.32835 0.198093 0.189494 0.234272 0.176751 0.24887 0.591969 0.751326 0.723251 0.623612 0.432591 0.907586 0.69607 0.86059 0.799877 0.715323 0.674547 0.574881 0.525975
threshold=-1.6928310270100968 101.79507050000001 101.79541450000001 1.5000000000000002 101.79800750000001 101.79792650000002 101.79806850000001 101.79755350000001 1.0000000180025095e-35 1.5000000000000002 -1.9920263228907162 101.79818050000002 -1.8922945575971761 -1.7925627923036365 101.79818850000001 2.6953666459056533 1.0000000180025095e-35 -0.99470866995531859 -1.0944404352488581 -1.194172200542398 -1.2939039658359379 1.0000000180025095e-35 1.2991219317960965 101.79820050000002 101.79829150000002 101.79818850000001 1.0000000180025095e-35 101.79831550000002 101.79807650000002 101.79826450000002
decision_type=2 2 2 2 2 2 2 2 2 2 2 2 2 2 2 2 2 2 2 2 2 2 2 2 2 2 2 2 2 2
left_child=1 -1 -3 12 5 7 -6 -5 9 10 -8 -12 -4 14 -11 16 -2 18 19 20 -18 22 -19 25 29 26 28 -26 -24 -25
right_child=15 2 3 4 6 -7 8 -9 -10 13 11 -13 -14 -15 -16 -17 17 21 -20 -21 -22 -23 23 24 27 -27 -28 -29 -30 -31
leaf_value=0.0024383889881712858 5.790118629738007e-05 -0.004645552607670511 0.0023736923399529618 -0.0019903035910031515 0.0025529048426448917 -0.0058541649660011734 0.00086869343994910159 0.001195014987960804 -0.0030450396718277868 -0.002873488458707872 0.00012424674033953683 -0.0046250277482159227 -0.00087156925047318038 0.0024144330846053615 0.00082600060812289809 0.00065488712529012272 -0.00069406825090594494 -0.0013080460782684085 -0.0061465719166216119 0.0035713725654885134 -0.0060133869474905824 1.3464738666098565e-05 0.0066508210196062276 -0.001006541895113249 0.0050099200905168997 0.0068739422551322002 8.3107615373997855e-05 -0.00089559295539004395 0.00098292589337247555 -0.0045961376084711972
leaf_weight=58 58499 102 96 357 97 51 68 86 85 59 62 88 92 103 155 1067 215 2009 86 71 74 14759 83 350 91 57 736 103 97 144
leaf_count=58 58499 102 96 357 97 51 68 86 85 59 62 88 92 103 155 1067 215 2009 86 71 74 14759 83 350 91 57 736 103 97 144
internal_value=1.63908e-08 -0.000793031 -0.00091805 -0.000645968 -0.000868313 -0.00183565 -0.000201673 -0.0013718 -0.000632973 -0.00024925 -0.00156163 -0.00266322 0.000785967 0.000653477 -0.000194818 1.5779e-05 6.9648e-06 -0.000150901 -0.00195064 -0.000946852 -0.00205772 -0.000107335 -0.000593122 0.000271614 -0.000945539 0.00113226 0.000774261 0.00187567 0.0035987 -0.00205362
internal_weight=80000 1559 1501 1399 1211 494 717 443 620 535 218 150 188 317 214 78441 77374 18875 446 360 289 18429 3670 1661 688 973 916 194 180 494
internal_count=80000 1559 1501 1399 1211 494 717 443 620 535 218 150 188 317 214 78441 77374 18875 446 360 289 18429 3670 1661 688 973 916 194 180 494
is_linear=0
shrinkage=0.05


Tree=147
num_leaves=31
num_cat=0
split_feature=6 6 7 3 1 3 7 7 5 6 7 7 0 7 7 6 7 3 3 3 3 7 6 3 7 0 7 1 3 3
split_gain=0.92874 0.550814 0.52908 0.514414 0.596898 0.51877 0.928499 0.448013 0.438445 0.360644 0.329308 0.291039 0.296986 0.774798 0.517999 0.468806 0.466652 0.502057 0.459471 0.344914 0.348923 0.30851 0.279395 0.282083 0.254081 0.600877 0.583242 0.369048 0.252911 0.246311
threshold=2.5000000000000004 3.5000000000000004 -0.79524513936823904 1.0000000180025095e-35 1.5000000000000002 1.5000000000000002 -0.49604984348761971 -0.59578160878115949 1.0000000180025095e-35 1.0000000180025095e-35 -0.49604984348761971 0.70073134003485771 4.5000000000000009 1.1993901665025566 1.0996584012090167 1.5000000000000002 2.0969760541444149 3.5000000000000004 1.0000000180025095e-35 3.5000000000000004 1.5000000000000002 2.3961713500250346 1.5000000000000002 1.5000000000000002 1.498585462383176 2.5000000000000004 1.3988536970896364 1.5000000000000002 4.5000000000000009 3.5000000000000004
decision_type=2 2 2 2 2 2 2 2 2 2 2 2 2 2 2 2 2 2 2 2 2 2 2 2 2 2 2 2 2 2
left_child=9 2 28 10 7 -6 8 -5 -7 -1 -4 -11 14 22 15 -13 17 -15 -17 20 -20 -18 23 -14 26 -26 -3 -27 29 -2
right_child=1 24 3 4 5 6 -8 -9 -10 11 -12 12 13 16 -16 18 21 -19 19 -21 -22 -23 -24 -25 25 27 -28 -29 -30 -31
leaf_value=0.0001604508164516166 -0.00064835052996570555 -9.0373470442395472e-05 -0.0021608096822546032 0.0021660066860824559 -0.0083038840737475698 -0.00311569490925512 -8.7561260902312217e-06 -0.0025849877872389164 -0.0092778668384558907 1.2974278148691227e-06 0.0032689539898665128 -0.0021872848482776207 -0.0011408661315273751 -0.0024769788973353531 -0.00020867810674428207 -0.0034694466521862002 0.0043332849292707426 0.0017599849793384758 -0.0010183116846668027 -0.001085644340812792 0.0033141560432124735 -0.00076415393718994766 0.0040699950703832069 0.0023689996209391301 0.0012009412266432752 8.3475008492090125e-05 0.0049874160154159929 -0.0050058392913314969 -4.9876264759202966e-05 -0.001779793353343391
leaf_weight=41841 2347 5880 50 78 64 55 114 136 61 22345 63 800 87 339 2488 88 63 88 69 179 142 56 123 167 116 51 57 118 1330 605
leaf_count=41841 2347 5880 50 78 64 55 114 136 61 22345 63 800 87 339 2488 88 63 88 69 179 142 56 123 167 116 51 57 118 1330 605
internal_value=1.50801e-08 -0.000423872 -0.000820196 -0.00218398 -0.00286259 -0.00432448 -0.00321404 -0.000853114 -0.00636135 6.84838e-05 0.000866617 -7.38552e-05 -0.000431981 0.000371768 -0.000628974 -0.00144712 -0.00083195 -0.00160358 -0.000208159 0.000528422 0.00189757 0.00193586 0.00211484 0.00116683 -0.000111557 -0.00156961 -4.15394e-05 -0.00347087 -0.000622367 -0.000880287
internal_weight=80000 11125 4903 621 508 294 230 214 116 68875 113 27034 4689 923 3766 1278 546 427 478 390 211 119 377 254 6222 285 5937 169 4282 2952
internal_count=80000 11125 4903 621 508 294 230 214 116 68875 113 27034 4689 923 3766 1278 546 427 478 390 211 119 377 254 6222 285 5937 169 4282 2952
is_linear=0
shrinkage=0.05


Tree=148
num_leaves=31
num_cat=0
split_feature=6 6 5 6 6 2 10 10 5 10 11 11 11 11 11 10 11 11 11 10 10 10 11 10 11 11 11 10 11 10
split_gain=0.838223 0.497145 0.4084 0.325479 0.271602 0.544326 0.385811 0.373325 0.318168 0.463758 0.406681 0.608864 0.336843 0.702004 0.343441 0.305485 0.280589 0.635341 0.336767 0.246588 0.217773 0.210011 0.675084 0.431616 0.888783 0.769726 1.22017 0.769996 0.519155 0.481963
threshold=2.5000000000000004 3.5000000000000004 1.0000000180025095e-35 1.0000000180025095e-35 1.5000000000000002 1.0000000180025095e-35 3.0476595000000004 3.0480035000000005 1.0000000180025095e-35 3.0480115000000003 101.79492050000002 101.79500750000001 101.79518050000001 101.79528450000002 101.79511450000001 3.0480455000000002 101.79800350000001 101.79803650000001 101.79804450000002 3.0439695000000007 3.0476125000000005 3.0423715000000002 101.79827650000001 3.0472355000000007 101.79792650000002 101.79814850000001 101.79808050000001 3.0467085000000007 101.79802750000002 3.0458265000000004
decision_type=2 2 2 2 2 2 2 2 2 2 2 2 2 2 2 2 2 2 2 2 2 2 2 2 2 2 2 2 2 2
left_child=3 2 -2 -1 5 6 16 -8 -7 10 -10 -12 14 -14 -13 -11 19 -18 -19 -5 -20 -4 23 25 -25 26 27 28 -23 -27
right_child=1 -3 21 4 -6 8 7 -9 9 15 11 12 13 -15 -16 -17 17 18 20 -21 -22 22 -24 24 -26 29 -28 -29 -30 -31
leaf_value=0.00015242829648141681 -0.00052184634497891367 -0.00010597814301385284 -6.5350869235958415e-05 -0.00012210105486642095 0.00015400871826799455 8.6779878046070805e-05 -0.0032282131140561141 0.00057742461286097789 0.0025377840924495419 0.005034739541326853 -0.0051321224328105689 -0.00019399772789827378 -0.0054062139037537524 -0.0005719364066780673 0.0045259593707020797 0.00036530861251474797 -0.002752197913247041 0.0025209916298617645 -0.00058448823211753535 0.0039934943008429783 0.0027433534635197439 -0.0023419700087834545 -0.0062812652799533984 -0.0012200441481635936 0.0062380984505478613 -0.0017496831245727821 0.0042921014852712932 0.0034517337268067127 -0.0075279071515362951 -0.0080102302957228526
leaf_weight=41841 3720 6222 190 90 9009 10973 266 85 101 60 75 99 77 2892 63 84 326 94 2629 61 50 347 80 197 50 50 82 51 56 80
leaf_count=41841 3720 6222 190 90 9009 10973 266 85 101 60 75 99 77 2892 63 84 326 94 2629 61 50 347 80 197 50 50 82 51 56 80
internal_value=1.32217e-08 -0.000402688 -0.000779209 6.50599e-05 -7.01618e-05 -0.000182204 -0.000732107 -0.00230672 -4.49145e-05 -0.000463648 -0.000584623 -0.000683065 -0.000576332 -0.00069749 0.0016432 0.00231305 -0.000561983 -0.000664549 -0.000419029 0.00154203 -0.000522278 -0.00158839 -0.00187977 -0.00149345 0.000291615 -0.00215542 -0.00131775 -0.00233171 -0.00306429 -0.00560552
internal_weight=80000 11125 4903 68875 27034 18025 3601 351 14424 3451 3307 3206 3131 2969 162 144 3250 3099 2773 151 2679 1183 993 913 247 666 536 454 403 130
internal_count=80000 11125 4903 68875 27034 18025 3601 351 14424 3451 3307 3206 3131 2969 162 144 3250 3099 2773 151 2679 1183 993 913 247 666 536 454 403 130
is_linear=0
shrinkage=0.05


Tree=149
num_leaves=31
num_cat=0
split_feature=8 5 8 8 9 2 7 7 8 8 7 8 10 3 2 9 9 10 8 8 8 10 8 10 10 8 7 10 10 10
split_gain=4.68803 1.69991 2.52962 2.0688 1.86179 1.65302 1.44525 1.34106 1.30254 1.45807 1.27511 1.11867 1.69364 1.08066 1.79471 1.3468 1.03698 1.01848 1.00517 1.91098 1.04079 1.64 1.0659 0.949919 1.22532 1.72447 1.37362 1.27033 0.950875 0.88285
threshold=-1.4878045469189034 1.0000000180025095e-35 -0.28892120142891164 -0.77852104810666811 1.0000000180025095e-35 1.0000000180025095e-35 -0.49604984348761971 -0.79524513936823904 -1.286204610051592 -1.4449394440633954 0.30180427886069844 -1.3772929536195466 3.0439395000000005 4.5000000000000009 1.0000000180025095e-35 0.45124090117685461 0.45124090117685461 3.0465365000000006 -1.3900185310297755 -1.1107255952368555 -0.79124662551689706 3.0477935000000005 -0.97476284711704109 3.0477455000000004 3.0464335000000005 -1.5835812611116793 2.3961713500250346 3.0472355000000007 3.0466735000000003 3.0422145000000005
decision_type=2 2 2 2 2 2 2 2 2 2 2 2 2 2 2 2 2 2 2 2 2 2 2 2 2 2 2 2 2 2
left_child=13 2 4 6 18 -5 16 -6 9 -9 -7 12 -8 15 -15 -1 -3 -11 -2 -20 21 -21 -23 24 26 27 29 28 -26 -17
right_child=1 3 -4 5 7 10 11 8 -10 17 -12 -13 -14 14 -16 23 -18 -19 19 20 -22 22 -24 -25 25 -27 -28 -29 -30 -31
leaf_value=0.00090830991470622607 -0.0031489626295819468 -0.00080702497785295989 -0.00016771079309193734 -0.0028574487055749789 0.0002553679626480381 -0.0030867679219827573 0.0034959229909701552 -0.001305963230870852 0.0012309679048595123 0.0034769039482785689 -0.00060352651546020117 -0.00017485714752281631 9.165487297008786e-05 -0.010096813506517859 0.0003814558778733877 -0.00043282352434389809 -0.0055252236486503289 0.0085410366000862829 0.0019319785290202618 -0.00045066379188723126 0.00014322769382256828 -0.00727070862003027 -0.0021779278905200749 0.0076944126614426128 0.0049824692991759945 -0.0049821287692285521 0.0098230312438881019 0.0065914717025833437 -0.0029405126714206848 0.0031292792604840185
leaf_weight=2825 260 289 43648 1229 3454 572 564 123 5012 401 5364 6954 1037 51 204 200 195 132 1069 1158 2922 161 284 87 55 125 70 100 121 1334
leaf_count=2825 260 289 43648 1229 3454 572 564 123 5012 401 5364 6954 1037 51 204 200 195 132 1069 1158 2922 161 284 87 55 125 70 100 121 1334
internal_value=1.19869e-08 -0.000100616 2.46762e-05 -0.000553907 0.000585391 -0.00118846 -5.09067e-05 0.00103199 0.00150524 0.0036002 -0.000842863 9.94882e-05 0.00129105 0.00145587 -0.00171733 0.00162046 -0.0027087 0.00473243 -0.000110523 3.0752e-05 -0.000418432 -0.00144219 -0.0040217 0.00258206 0.00235985 -0.000112241 0.00297784 0.00209433 -0.000463157 0.00266486
internal_weight=80000 74828 58624 16204 14976 7165 9039 9122 5668 656 5936 8555 1601 5172 255 4917 484 533 5854 5594 4525 1603 445 2092 2005 401 1604 276 176 1534
internal_count=80000 74828 58624 16204 14976 7165 9039 9122 5668 656 5936 8555 1601 5172 255 4917 484 533 5854 5594 4525 1603 445 2092 2005 401 1604 276 176 1534
is_linear=0
shrinkage=0.05


Tree=150
num_leaves=31
num_cat=0
split_feature=8 8 5 5 9 6 0 8 10 0 8 8 10 6 8 8 8 6 8 0 10 10 6 6 0 9 9 10 10 8
split_gain=4.25149 1.36245 2.379 1.38668 2.91299 1.43234 1.34998 1.94183 2.64223 2.46754 1.46101 1.49817 1.25843 1.24889 1.22643 2.14573 1.17989 1.04636 1.16039 0.99092 0.930856 1.33145 1.13667 1.43176 1.09339 0.919396 0.901874 1.22247 0.893025 0.981199
threshold=-1.5353580203992327 -0.55749786150795455 1.0000000180025095e-35 1.0000000180025095e-35 1.0000000180025095e-35 2.5000000000000004 2.5000000000000004 -0.032400351527980438 3.0475565000000002 1.5000000000000002 -0.150949151612745 0.61325526023311017 3.0455775000000007 1.0000000180025095e-35 -1.4034138756721219 -1.1107255952368555 -1.3772929536195466 3.5000000000000004 -0.86826985721038807 4.5000000000000009 3.0459715000000007 3.0455025000000004 1.5000000000000002 1.0000000180025095e-35 2.5000000000000004 0.45124090117685461 -1.117930881447166 3.0477455000000004 3.0470265000000003 -1.416809220314468
decision_type=2 2 2 2 2 2 2 2 2 2 2 2 2 2 2 2 2 2 2 2 2 2 2 2 2 2 2 2 2 2
left_child=26 3 -3 4 14 16 7 9 -9 -4 13 19 -6 -8 -2 -16 20 18 -7 -12 21 -5 23 28 -25 -13 -1 -28 -22 -30
right_child=1 2 6 5 12 17 10 8 -10 -11 11 25 -14 -15 15 -17 -18 -19 -20 -21 22 -23 -24 24 -26 -27 27 -29 29 -31
leaf_value=5.2562801336855693e-05 -0.0033170722033101039 -0.00011767167949823038 0.0036501122957198215 0.0016065436670865557 0.00071309205772613368 -0.0024625407324122975 -0.0020181374314317754 -0.0044089735221391367 0.00064010137392077164 -0.0012472468124587518 -0.0010131522931429218 -0.00047388008469421853 0.0021057058572061796 -0.0051994580016732428 0.0017484117622532389 -0.00085269922370695807 -0.00017350650214624876 -0.00062865903598802219 -0.0097754742529505417 0.0021373498218925399 -0.0028555671266703069 0.007818481033741163 0.0041338686291670108 -0.0022165497201819756 -0.010447776789293674 -0.0051416758587198783 0.0017600743006714395 0.0082112485108854945 0.0035307403606406468 -0.0024842963079708541
leaf_weight=817 327 47915 524 1037 3872 485 842 505 532 505 738 170 2792 487 1097 2859 8287 1165 61 377 134 94 134 159 54 278 3329 75 257 92
leaf_count=817 327 47915 524 1037 3872 485 842 505 532 505 738 170 2792 487 1097 2859 8287 1165 61 377 134 94 134 159 54 278 3329 75 257 92
internal_value=1.1804e-08 -8.60149e-05 -0.00022556 0.00023609 0.000642702 -0.000136115 -0.00126818 -0.000292016 -0.00181889 0.00124676 -0.00196551 -0.000929128 0.00129657 -0.00318421 -0.000374678 -0.000131384 8.74788e-05 -0.00147526 -0.00328119 5.21809e-05 0.00119033 0.00212348 -8.1325e-05 -0.000893348 -0.00430726 -0.00337092 0.0015444 0.00190245 0.000612747 0.00194486
internal_weight=80000 75779 52873 22906 10947 11959 4958 2066 1037 1029 2892 1563 6664 1329 4283 3956 10248 1711 546 1115 1961 1131 830 696 213 448 4221 3404 483 349
internal_count=80000 75779 52873 22906 10947 11959 4958 2066 1037 1029 2892 1563 6664 1329 4283 3956 10248 1711 546 1115 1961 1131 830 696 213 448 4221 3404 483 349
is_linear=0
shrinkage=0.05


Tree=151
num_leaves=31
num_cat=0
split_feature=8 8 6 9 7 7 6 1 3 7 6 7 11 7 11 11 11 11 6 7 7 9 9 9 3 9 8 1 7 6
split_gain=3.83704 1.23461 1.13798 0.916801 0.914888 1.1931 0.815756 0.724795 1.48222 1.69853 3.57427 1.15566 1.11116 2.00066 1.46852 2.16444 1.84643 2.76737 1.76182 0.836707 0.891646 1.64837 0.716279 0.979802 0.696733 0.7578 0.898332 1.06277 0.883773 0.72069
threshold=-1.5353580203992327 -0.67604666159271909 1.0000000180025095e-35 0.45124090117685461 1.0996584012090167 0.80046310532839737 2.5000000000000004 1.5000000000000002 3.5000000000000004 0.50126780944777805 1.5000000000000002 0.50126780944777805 101.79821650000001 -0.19685454760700036 101.79799150000001 101.79679850000001 101.79809250000001 101.79813650000001 2.5000000000000004 -0.39631807819407994 -0.79524513936823904 1.0789096142264631 1.0789096142264631 0.45124090117685461 4.5000000000000009 0.45124090117685461 -0.10339567813241569 2.5000000000000004 -0.097122782313460637 3.5000000000000004
decision_type=2 2 2 2 2 2 2 2 2 2 2 2 2 2 2 2 2 2 2 2 2 2 2 2 2 2 2 2 2 2
left_child=4 2 3 -2 5 7 -3 -1 9 12 -11 19 14 -14 15 -9 18 -18 -16 20 21 -10 23 -7 25 -8 28 -28 29 -27
right_child=1 6 -4 -5 -6 22 24 8 11 10 -12 -13 13 -15 16 -17 17 -19 -20 -21 -22 -23 -24 -25 -26 26 27 -29 -30 -31
leaf_value=0.00029496317991028863 0.00027585278869881463 -0.00014637337033267857 -4.8209984634497518e-05 0.001372291954454383 0.0025761239859461269 -0.0008563405681070572 -0.00071183580534989915 0.0027160663680809135 -0.0036611450042182778 0.0014139332060121095 0.015901457463555476 -0.0073089781756503422 0.0024090226353606879 -0.0093046609760422273 0.0035505777377755005 -0.0057724058916471845 -0.0062035968380600767 0.0072327090320749576 0.015103925860917244 0.003608452390416181 -0.006854566763721261 0.0064876680304893145 0.0031592007387283151 -0.0071607634109496143 -0.00011236535626198813 -0.0029704408716353767 -0.0084726282732149587 -0.002217419904777123 -0.0059596247449886525 0.00053237723972977466
leaf_weight=998 4693 51120 12252 3211 1291 200 1634 451 99 102 73 55 104 56 59 90 62 100 75 133 56 67 61 89 1876 240 118 160 97 378
leaf_count=998 4693 51120 12252 3211 1291 200 1634 451 99 102 73 55 104 56 59 90 62 100 75 133 56 67 61 89 1876 240 118 160 97 378
internal_value=1.01693e-08 -8.17159e-05 0.000253546 0.000721293 0.00146719 0.000978513 -0.000203204 0.00135014 0.00201573 0.00292088 0.00746293 -0.000571758 0.00212296 -0.00169402 0.00285273 0.00130313 0.00568354 0.00208976 0.0100234 0.000473801 -0.00140494 0.000436502 -0.0017605 -0.00279965 -0.000848357 -0.00137392 -0.00246321 -0.0048746 -0.00152509 -0.000828201
internal_weight=80000 75779 20156 7904 4221 2930 55623 2580 1582 1172 175 410 997 160 837 541 296 162 134 355 222 166 350 289 4503 2627 993 278 715 618
internal_count=80000 75779 20156 7904 4221 2930 55623 2580 1582 1172 175 410 997 160 837 541 296 162 134 355 222 166 350 289 4503 2627 993 278 715 618
is_linear=0
shrinkage=0.05


Tree=152
num_leaves=31
num_cat=0
split_feature=7 11 11 10 11 5 7 7 10 7 7 2 7 10 7 7 11 7 11 10 7 7 7 7 10 11 7 11 10 10
split_gain=0.321486 0.22345 0.554285 0.150574 0.200604 0.148421 0.487208 0.667574 0.747534 1.06787 0.635873 0.268805 1.07117 0.719535 1.27941 0.665351 0.591813 0.876652 1.08956 0.688889 0.314065 0.527696 0.761204 0.772279 0.268831 0.204987 0.218841 0.417048 0.551895 0.504197
threshold=-1.6928310270100968 101.79507050000001 101.79541450000001 3.0480935000000007 101.79833550000002 1.0000000180025095e-35 -0.99470866995531859 -1.0944404352488581 3.0426065000000002 -1.194172200542398 -1.2939039658359379 1.0000000180025095e-35 1.8975125235573351 3.0467765000000004 2.8948301764927331 2.1967078194379543 101.79814050000002 2.6953666459056533 101.79816450000001 3.0452175000000006 -0.69551337407469915 -0.49604984348761971 -0.29658631290054016 0.40153604415423816 3.0443075000000004 101.79847350000001 -0.29658631290054016 101.79655750000002 3.0444195000000005 3.0426605000000007
decision_type=2 2 2 2 2 2 2 2 2 2 2 2 2 2 2 2 2 2 2 2 2 2 2 2 2 2 2 2 2 2
left_child=1 -1 -3 5 -5 -2 7 8 -7 10 -10 12 20 16 15 -15 19 18 -18 24 -8 -22 -23 -24 -14 26 27 28 -13 -29
right_child=3 2 -4 4 -6 6 11 -9 9 -11 -12 25 13 14 -16 -17 17 -19 -20 -21 21 22 23 -25 -26 -27 -28 29 -30 -31
leaf_value=0.002331711536613189 5.0640020668089103e-05 -0.0043852417715542378 -0.00056905879627018726 0.000486036158957606 0.0040254430197833565 0.0038792838574307621 0.0025204192888500965 -0.0056972342311284591 -0.0019110470708571419 0.0041556152323358689 -0.0079541335412559207 -0.0061084053211034172 0.004290572522327383 0.00059128199456132808 0.0059703923579232368 -0.0044457064664750086 0.01087132391756734 -0.0013251242950097798 0.0029182866486685845 -0.0030403569713336027 -0.0055138549565229853 0.0038836084754963018 -0.0029400314558778681 -0.00066154015338589509 0.00091380809349158687 0.00064708412203805308 1.269921702454668e-05 -0.0028876000979609429 -0.001035004152621525 0.0012335740025640762
leaf_weight=58 58330 102 1399 173 52 69 65 86 174 58 58 74 85 113 56 156 63 63 136 92 63 81 444 2288 192 1213 13683 101 194 279
leaf_count=58 58330 102 1399 173 52 69 65 86 174 58 58 74 85 113 56 156 63 63 136 92 63 81 444 2288 192 1213 13683 101 194 279
internal_value=9.58943e-09 -0.000710943 -0.000828661 1.41405e-05 0.00130546 1.04242e-05 -0.000107537 -0.00174316 -0.000794622 -0.00190764 -0.00342459 -7.00895e-05 -0.000441402 0.00101248 -0.000898683 -0.00233036 0.00199683 0.0038136 0.00544028 0.000706186 -0.000914019 -0.000991725 -0.000890255 -0.00103193 0.00195117 2.30035e-05 -2.98238e-05 -0.000927593 -0.00243762 0.000137738
internal_weight=80000 1559 1501 78441 225 78216 19886 445 359 290 232 19441 3897 956 325 269 631 262 199 369 2941 2876 2813 2732 277 15544 14331 648 268 380
internal_count=80000 1559 1501 78441 225 78216 19886 445 359 290 232 19441 3897 956 325 269 631 262 199 369 2941 2876 2813 2732 277 15544 14331 648 268 380
is_linear=0
shrinkage=0.05


Tree=153
num_leaves=31
num_cat=0
split_feature=6 2 3 3 6 10 10 10 10 10 10 6 10 10 3 6 3 10 10 10 10 10 10 10 3 5 10 3 10 10
split_gain=0.760784 0.341428 0.544352 0.322242 0.751208 0.618606 0.773227 0.72861 0.567216 0.506817 0.507303 0.437846 0.431123 0.578449 0.496772 0.39173 0.598404 1.34839 1.63451 0.819922 0.507443 0.416583 0.380349 0.378767 0.375812 0.369941 1.87656 0.518689 0.304901 0.301998
threshold=1.0000000180025095e-35 1.0000000180025095e-35 4.5000000000000009 3.5000000000000004 1.5000000000000002 3.0463595000000003 3.0455415000000006 3.0465015000000002 3.0478025000000004 3.0466735000000003 3.0467765000000004 2.5000000000000004 3.0458625000000006 3.0460045000000004 1.5000000000000002 2.5000000000000004 2.5000000000000004 3.0449595000000005 3.0468805000000003 3.0475565000000002 3.0472715000000004 3.0457925000000006 3.0466735000000003 3.0442375000000004 1.0000000180025095e-35 1.0000000180025095e-35 3.0451795000000006 1.5000000000000002 3.0445965000000004 3.0476305000000004
decision_type=2 2 2 2 2 2 2 2 2 2 2 2 2 2 2 2 2 2 2 2 2 2 2 2 2 2 2 2 2 2
left_child=-1 3 -3 4 5 6 25 -7 15 -9 -11 -5 -8 -14 -15 -6 19 -18 21 20 22 -19 -17 -13 -12 28 27 -27 -2 -26
right_child=1 2 -4 11 8 7 12 9 -10 10 24 23 13 14 -16 16 17 18 -20 -21 -22 -23 -24 -25 29 26 -28 -29 -30 -31
leaf_value=0.00014725828367812327 -0.0016528937667688939 -0.00022017945795956966 0.00024722602045817917 -0.00046370711668775695 0.0010046109385801495 -0.007169471016388429 0.0038693093075184318 0.0019017795353263433 0.0035359520798396403 -0.006531990682722838 -0.0037855622854038196 0.0012648341132839114 -0.0034904902350983524 -0.00061601243430265675 0.0047933521819629385 -0.00044668853141344194 0.0070034951020915316 -0.00062448891502066544 0.0049051698161831914 -0.006897619055176725 0.0035693552587280231 -0.0063523672042165719 -0.0032930069376591606 -0.0020599053683196086 1.8763004364954175e-05 0.0020863236641916415 -0.01066981268791007 -0.0028577311440440324 0.00077463871628691153 -0.0025857991794906755
leaf_weight=41841 225 21807 8720 2342 947 61 144 96 139 56 147 95 68 89 81 653 83 54 85 55 67 77 143 866 315 106 56 106 304 172
leaf_count=41841 225 21807 8720 2342 947 61 144 96 139 56 147 95 68 89 81 653 83 54 85 55 67 77 143 866 315 106 56 106 304 172
internal_value=9.13268e-09 -0.000161448 -8.66653e-05 -0.000460565 -0.000176765 -0.00087898 -0.000138413 -0.00190969 0.000441001 -0.00150063 -0.00197421 -0.000832505 0.00171086 0.000403829 0.00196269 0.000242049 -0.000351367 0.001591 -0.00049108 -0.000984116 -0.000606486 -0.00399353 -0.000958374 -0.00173114 -0.00157067 -0.00102487 -0.00253794 -0.000385886 -0.000257983 -0.000901465
internal_weight=80000 38159 30527 7632 4329 2026 1179 847 2303 786 690 3303 382 238 170 2164 1217 299 216 918 863 131 796 961 634 797 268 212 529 487
internal_count=80000 38159 30527 7632 4329 2026 1179 847 2303 786 690 3303 382 238 170 2164 1217 299 216 918 863 131 796 961 634 797 268 212 529 487
is_linear=0
shrinkage=0.05


Tree=154
num_leaves=31
num_cat=0
split_feature=6 6 3 9 11 11 6 11 11 11 11 11 6 2 3 2 11 11 3 11 11 11 11 11 11 3 3 11 11 11
split_gain=0.707315 0.457922 0.34721 0.289032 0.416172 0.35784 0.273825 0.224213 1.46386 0.704652 0.363407 0.318829 0.221732 0.448362 0.413019 0.442023 0.296921 0.330855 0.359492 0.258211 0.556655 0.312592 0.205202 1.02471 0.94916 0.493403 0.279985 0.707232 0.615802 0.201937
threshold=2.5000000000000004 3.5000000000000004 5.5000000000000009 0.45124090117685461 101.79535050000001 101.79524350000001 1.0000000180025095e-35 101.79826050000001 101.79828350000001 101.79822450000002 101.79831550000002 101.79835850000002 1.5000000000000002 1.0000000180025095e-35 4.5000000000000009 3.5000000000000004 101.79830750000001 101.79833150000002 1.5000000000000002 101.79800350000001 101.79803650000001 101.79804450000002 101.79814850000001 101.79818450000002 101.79812850000002 2.5000000000000004 2.5000000000000004 101.79725650000002 101.79679850000001 101.79485350000002
decision_type=2 2 2 2 2 2 2 2 2 2 2 2 2 2 2 2 2 2 2 2 2 2 2 2 2 2 2 2 2 2
left_child=6 2 3 4 5 -2 -1 9 -9 22 -10 -12 13 16 -15 -16 19 18 -18 -8 -21 -22 24 -24 26 -25 28 -28 -5 -14
right_child=1 -3 -4 7 -6 -7 12 8 10 -11 11 -13 29 14 15 -17 17 -19 -20 20 21 -23 23 25 -26 -27 27 -29 -30 -31
leaf_value=0.00013989538431187289 -0.001430623811963645 -8.5149916536915137e-05 0.00030925873777275351 -7.990289535099807e-06 -0.00032141279463480357 -0.0057287777159759339 0.0014893381528188535 0.0061543823349619747 -0.0050017843425133133 -0.0056164877007891661 0.0017481261329232096 -0.0030212453180077882 -0.0018097499201795647 -0.00020873617521350446 8.4333603268576824e-05 0.0012861267483853442 -0.0067429751146570981 0.00056576402607702396 -0.002018283067535018 -0.0025827717593040174 0.0024322909056353776 -0.0004986227316751843 -0.0063183585662255201 0.0036561193786090402 0.0055172093252377902 -0.0030629970523824556 -0.0023621983447999796 0.0012808867405716638 -0.0035253602395062577 0.00016704231833252273
leaf_weight=41841 234 6222 689 199 2201 61 151 70 74 104 69 71 131 10351 3052 1021 54 79 158 326 94 2739 104 60 52 50 273 260 332 8878
leaf_count=41841 234 6222 689 199 2201 61 151 70 74 104 69 71 131 10351 3052 1021 54 79 158 326 94 2739 104 60 52 50 273 260 332 8878
internal_value=7.13689e-09 -0.000369915 -0.000731278 -0.000901412 -0.00055783 -0.00232103 5.97591e-05 -0.00140052 -0.000116948 -0.00165471 -0.00217023 -0.000671057 -6.42694e-05 -0.000165504 -4.09031e-05 0.000385617 -0.000664585 -0.00219558 -0.00322435 -0.000529924 -0.000626489 -0.000401292 -0.00134451 -0.00276256 -0.00107237 0.000601968 -0.00139491 -0.000585177 -0.00220742 0.000138278
internal_weight=80000 11125 4903 4214 2496 295 68875 1718 284 1434 214 140 27034 18025 14424 4073 3601 291 212 3310 3159 2833 1330 214 1116 110 1064 533 531 9009
internal_count=80000 11125 4903 4214 2496 295 68875 1718 284 1434 214 140 27034 18025 14424 4073 3601 291 212 3310 3159 2833 1330 214 1116 110 1064 533 531 9009
is_linear=0
shrinkage=0.05


Tree=155
num_leaves=31
num_cat=0
split_feature=8 7 6 3 1 8 1 6 8 7 10 6 0 3 7 0 8 10 10 10 10 10 10 10 6 7 6 1 1 8
split_gain=3.68756 1.23793 1.30193 1.14403 1.48424 1.04997 1.16726 1.47335 1.43467 2.38693 1.48455 1.15525 1.37901 1.77309 1.04307 0.973333 0.92905 1.40635 1.14086 2.69758 1.19232 1.41181 1.47337 1.18036 1.0939 0.90588 0.890649 0.882161 0.8783 1.02653
threshold=-1.416809220314468 2.2964395847314942 1.0000000180025095e-35 3.5000000000000004 1.5000000000000002 0.19799957632037568 1.5000000000000002 1.0000000180025095e-35 0.47126460702423967 0.50126780944777805 3.0437365000000005 2.5000000000000004 4.5000000000000009 4.5000000000000009 1.1993901665025566 2.5000000000000004 -1.6739998374475167 3.0419025000000004 3.0475565000000002 3.0473095000000003 3.0471305000000002 3.0468145000000004 3.0463955000000005 3.0476125000000005 1.0000000180025095e-35 -1.194172200542398 3.5000000000000004 2.5000000000000004 2.5000000000000004 0.28372978203139171
decision_type=2 2 2 2 2 2 2 2 2 2 2 2 2 2 2 2 2 2 2 2 2 2 2 2 2 2 2 2 2 2
left_child=1 16 3 4 -3 11 -7 8 9 28 -11 12 -2 -14 -10 -9 17 -1 19 20 21 22 24 -20 -19 -25 -17 -6 29 -8
right_child=5 2 -4 -5 27 6 7 15 14 10 -12 -13 13 -15 -16 26 -18 18 23 -21 -22 -23 -24 25 -26 -27 -28 -29 -30 -31
leaf_value=-0.0036378777167076996 5.6057578815085849e-05 0.0022725618694037415 -0.00077500936269679188 -0.00066372283956996894 0.013933743137189054 4.7507540087860791e-05 0.0094447491872912005 -0.00035024654584516596 -0.000296940075379305 0.0043890727848059701 -0.0032411780296221953 -0.00044174485309990695 0.00048065012718053298 0.0026690268262732717 -0.0023767231168017925 -0.0015234026840237895 0.00053118182721355832 -0.0017354445000762504 -0.0071791465610170956 0.013628842035613943 -0.0046345380390953482 0.0089728149773386674 -0.0032044304278911816 -0.0036912206905051256 0.0034250852805012967 0.0021698989643320326 -0.0052260332321994521 0.0064115219858574476 -0.001577613928808487 0.0035613318915244971
leaf_weight=110 24031 112 123 66 71 14271 101 2114 13474 85 254 8347 4692 1153 631 3605 4350 115 51 56 57 85 110 84 955 305 170 87 56 279
leaf_count=110 24031 112 123 66 71 14271 101 2114 13474 85 254 8347 4692 1153 631 3605 4350 115 51 56 57 85 110 84 955 305 170 87 56 279
internal_value=5.18397e-09 0.00111944 0.00362581 0.00523658 0.00667859 -0.000102936 -0.000300631 -0.000539846 -0.000274911 0.00181945 -0.00132726 7.82969e-05 0.000223591 0.000912373 -0.000389997 -0.00120925 0.000936141 0.00184975 0.00218196 0.00288968 0.00243378 0.00275261 0.00230382 -3.46509e-05 0.00287034 0.000903635 -0.00169028 0.00979844 0.00426583 0.00512716
internal_weight=80000 6737 459 336 270 73263 35040 20769 14880 775 339 38223 29876 5845 14105 5889 6278 1928 1818 1378 1322 1265 1180 440 1070 389 3775 158 436 380
internal_count=80000 6737 459 336 270 73263 35040 20769 14880 775 339 38223 29876 5845 14105 5889 6278 1928 1818 1378 1322 1265 1180 440 1070 389 3775 158 436 380
is_linear=0
shrinkage=0.05


Tree=156
num_leaves=31
num_cat=0
split_feature=8 5 8 7 8 9 2 7 9 9 5 11 8 11 8 11 11 11 8 7 8 2 8 6 8 11 8 7 6 7
split_gain=3.33485 1.55464 2.14103 1.79162 1.64849 1.59436 1.32265 1.07483 1.02073 1.01727 0.912239 1.02475 0.876934 0.94824 0.874479 1.05323 0.870742 1.05775 0.76908 0.756357 0.904131 0.755832 2.68128 1.15518 0.977644 1.07546 0.853599 0.749923 0.747924 0.7473
threshold=-1.4730696678123223 1.0000000180025095e-35 -0.31303282178513492 -0.29658631290054016 -0.77852104810666811 1.0000000180025095e-35 1.0000000180025095e-35 -1.3936357311294776 0.45124090117685461 0.45124090117685461 1.0000000180025095e-35 101.79492050000002 -1.286204610051592 101.79824050000002 -1.3772929536195466 101.79844450000002 101.79805250000001 101.79701250000001 -1.6472091481628242 -1.194172200542398 -1.2111906800544525 1.5000000000000002 -1.030353527382778 1.5000000000000002 -0.98882795899150466 101.79800350000001 -1.083934905952163 -0.69551337407469915 1.0000000180025095e-35 1.7977807582637952
decision_type=2 2 2 2 2 2 2 2 2 2 2 2 2 2 2 2 2 2 2 2 2 2 2 2 2 2 2 2 2 2
left_child=8 2 5 9 14 -2 -6 -7 10 -3 16 -12 13 27 15 -5 17 -1 -13 -11 -21 23 -23 24 -16 -26 -25 -9 29 -20
right_child=1 3 -4 4 6 7 -8 12 -10 19 11 18 -14 -15 21 -17 -18 -19 28 20 -22 22 -24 26 25 -27 -28 -29 -30 -31
leaf_value=-0.00044356601435886143 -9.6248206325841195e-05 -0.0013983730590467092 -0.00014108793641673978 0.00084436888627801958 -0.0024784451782670879 -0.00032994870291621378 -0.00065379407969579995 -0.00052303932503221121 0.0019813496528344604 -0.0094196821628671698 -0.0050143453500049 0.0022928530505531217 0.0010268511441977007 0.0070430214494387024 0.0004508457196996805 0.0062201696898499612 0.0015862373433274996 -0.0052317815988967096 0.0040040846794031221 0.00029549675923413614 -0.0060424486272205183 -0.00066667942623013028 0.0020038170692285584 -0.0010672854670300217 -0.0042502848825003801 9.6813005243827097e-05 -0.0047484034957347059 0.003127282636249209 -0.00039516431657119432 -7.181986326951071e-05
leaf_weight=338 5627 491 44116 1280 1199 1326 5784 197 2337 75 67 1009 6658 112 1482 98 237 175 242 90 150 2675 1449 365 273 297 277 492 872 210
leaf_count=338 5627 491 44116 1280 1199 1326 5784 197 2337 75 67 1009 6658 112 1482 98 237 175 242 90 150 2675 1449 365 273 297 277 492 872 210
internal_value=6.89126e-09 -8.75958e-05 3.176e-05 -0.000524607 -0.000402618 0.000560855 -0.000967123 0.000981742 0.00118962 -0.00282162 0.000602195 0.00107784 0.00121492 0.00277789 7.83461e-05 0.00122711 -0.000919821 -0.00207767 0.00125301 -0.00503893 -0.00366659 -0.000153847 0.000271646 -0.000805182 -0.000226008 -0.0019856 -0.00265605 0.00208365 0.000460446 0.00211082
internal_weight=80000 74513 58528 15985 15179 14412 6983 8785 5487 806 3150 2400 7459 801 8196 1378 750 513 2333 315 240 6818 4124 2694 2052 570 642 689 1324 452
internal_count=80000 74513 58528 15985 15179 14412 6983 8785 5487 806 3150 2400 7459 801 8196 1378 750 513 2333 315 240 6818 4124 2694 2052 570 642 689 1324 452
is_linear=0
shrinkage=0.05


Tree=157
num_leaves=31
num_cat=0
split_feature=8 8 6 0 0 2 6 8 7 8 8 7 10 11 11 7 11 11 11 11 10 11 8 10 7 11 10 10 10 6
split_gain=3.01153 1.01081 1.17291 1.25882 0.930971 0.862278 1.00393 3.05952 1.43998 1.04695 0.820653 1.30316 0.980663 1.18188 1.62467 1.43662 1.16959 2.53012 1.96156 1.88511 1.64842 0.934207 0.802536 0.71812 0.678605 0.664903 0.961364 1.0104 0.79504 0.676017
threshold=-1.4878045469189034 0.19799957632037568 2.5000000000000004 4.5000000000000009 4.5000000000000009 1.0000000180025095e-35 1.0000000180025095e-35 0.58110643309147936 0.60099957474131782 0.23952514471164901 -1.700120759500092 2.2964395847314942 3.0419025000000004 101.79823250000001 101.79820050000002 -0.99470866995531859 101.79803650000001 101.79810850000001 101.79801150000002 101.79816450000001 3.0448165000000005 101.79492050000002 0.10624146552030346 3.0471305000000002 0.70073134003485771 101.79823250000001 3.0475565000000002 3.0478945000000004 3.0468465000000005 1.0000000180025095e-35
decision_type=2 2 2 2 2 2 2 2 2 2 2 2 2 2 2 2 2 2 2 2 2 2 2 2 2 2 2 2 2 2
left_child=10 2 3 -2 5 6 7 8 9 -3 11 12 -1 14 16 -15 18 20 -14 -19 -18 -12 -5 24 -17 29 28 -28 -27 -23
right_child=1 4 -4 22 -6 -7 -8 -9 -10 -11 21 -13 13 15 -16 23 17 19 -20 -21 -22 25 -24 -25 -26 26 27 -29 -30 -31
leaf_value=-0.0032944584923789121 7.8843873951962344e-05 0.010645942058192562 -0.00042234298136432989 0.00073553809688442365 -0.00078799550294285012 5.7332210942864277e-06 -0.0017035509497879599 -0.00081583506949523617 -0.0015479798616660097 0.0032048074533787656 -0.0045450016627616814 0.0086918010633620906 0.0015511112429966193 -0.0020113391119737224 -0.0057042260181788765 0.00619887612740486 0.0050836069504290871 -0.0040951268502494266 -0.008629217987857804 0.0066078587870907288 0.016672731540297383 0.0025792012716501535 0.0031415645645760286 0.0033833023647742455 0.013542095540081067 -0.00028310752876961192 0.008419801863976362 -0.00090769120923238659 -0.0045633290342057299 0.00075306991559776068
leaf_weight=90 25061 52 8674 5684 7094 21482 1682 4062 155 513 82 71 852 57 75 76 73 94 50 73 53 688 369 87 54 520 58 58 137 1924
leaf_count=90 25061 52 8674 5684 7094 21482 1682 4062 155 513 82 71 852 57 75 76 73 94 50 73 53 688 369 87 54 520 58 58 137 1924
internal_value=5.7946e-09 -8.0647e-05 9.18087e-05 0.000235145 -0.000276471 -0.000146619 -0.000652929 -0.00028336 0.00272038 0.00389142 0.00116686 0.00206496 0.0017765 0.00207228 0.0014295 0.00504998 0.00187766 0.00462169 0.000985897 0.000584578 0.00996775 0.000725149 0.000882263 0.00690487 0.0092572 0.000852946 -0.000435161 0.00375929 -0.00117619 0.00123415
internal_weight=80000 74828 39788 31114 35040 27946 6464 4782 720 565 5172 1705 1634 1544 1270 274 1195 293 902 167 126 3467 6053 217 130 3385 773 116 657 2612
internal_count=80000 74828 39788 31114 35040 27946 6464 4782 720 565 5172 1705 1634 1544 1270 274 1195 293 902 167 126 3467 6053 217 130 3385 773 116 657 2612
is_linear=0
shrinkage=0.05


Tree=158
num_leaves=31
num_cat=0
split_feature=7 11 11 5 7 7 7 7 3 7 11 11 7 7 11 11 11 1 7 7 11 7 7 11 1 11 7 3 11 0
split_gain=0.227142 0.203041 0.499659 0.164008 0.409592 0.602612 0.57367 0.515174 0.38876 0.278787 0.233035 0.481273 0.616773 0.675626 0.769173 0.622271 1.57994 0.656113 0.542953 0.886886 0.542687 0.423438 0.289971 0.421541 0.396132 0.350029 1.10954 0.524593 0.831696 0.582004
threshold=-1.6928310270100968 101.79507050000001 101.79541450000001 1.0000000180025095e-35 -0.99470866995531859 -1.0944404352488581 -1.194172200542398 -1.2939039658359379 2.5000000000000004 -1.4933674964230172 101.79829950000001 101.79822050000001 0.60099957474131782 0.80046310532839737 101.79822450000002 101.79826050000001 101.79828350000001 1.5000000000000002 2.7950984111991932 2.1967078194379543 101.79823650000002 -0.59578160878115949 2.0969760541444149 101.79492050000002 1.5000000000000002 101.79818450000002 1.7977807582637952 2.5000000000000004 101.79821250000002 3.5000000000000004
decision_type=2 2 2 2 2 2 2 2 2 2 2 2 2 2 2 2 2 2 2 2 2 2 2 2 2 2 2 2 2 2
left_child=1 -1 -3 -2 5 6 7 8 9 -5 11 22 15 -14 -15 17 -17 -13 19 -16 -19 -12 25 -24 -25 -6 27 28 -27 -29
right_child=3 2 -4 4 10 -7 -8 -9 -10 -11 21 12 13 14 18 16 -18 20 -20 -21 -22 -23 23 24 -26 26 -28 29 -30 -31
leaf_value=0.0023027479984411223 5.409911457880569e-05 -0.0040865765267266577 -0.00046333280480301124 0.00037554860725780878 -0.00022282277681912846 -0.0053677247215492899 0.0033128709857661214 -0.0052957174070251741 0.002141442363170429 -0.0042949661842721573 0.0043879380783954673 -0.0010323635671106721 0.0031317269037017094 -0.0065338801870242075 -0.0001235855024711223 0.0037961409256755739 -0.0063583546408111135 -0.010772105584380597 0.0035431321081078188 -0.0038507824860757032 -0.0039946063442410154 0.00024648373858940142 -0.0030904498816188767 -0.00031037166277775069 0.00098904098450518837 3.167335040981633e-05 0.0069272464557089842 -0.0033182900007446142 0.0059250056109659745 0.0025237826558544571
leaf_weight=58 58499 102 1399 58 11727 86 71 74 86 71 63 75 119 56 839 91 66 53 76 197 67 2823 83 909 1653 237 70 153 80 59
leaf_count=58 58499 102 1399 58 11727 86 71 74 86 71 63 75 119 56 839 91 66 53 76 197 67 2823 83 909 1653 237 70 153 80 59
internal_value=8.7564e-09 -0.000597588 -0.000709805 1.18866e-05 -0.000111942 -0.00160996 -0.00071103 -0.00170041 -0.000461062 -0.00219638 -7.76641e-05 -0.000149721 -0.000963117 -0.000455768 -0.000821512 -0.00281746 -0.000473958 -0.00470306 -0.000533277 -0.000832632 -0.00699448 0.000337039 -6.06655e-05 0.000414354 0.000528014 -0.000162601 0.00101624 0.000232901 0.00152035 -0.00169201
internal_weight=80000 1559 1501 78441 19942 446 360 289 215 129 19496 16610 1639 1287 1168 352 157 195 1112 1036 120 2886 14971 2645 2562 12326 599 529 317 212
internal_count=80000 1559 1501 78441 19942 446 360 289 215 129 19496 16610 1639 1287 1168 352 157 195 1112 1036 120 2886 14971 2645 2562 12326 599 529 317 212
is_linear=0
shrinkage=0.05


Tree=159
num_leaves=31
num_cat=0
split_feature=7 11 11 9 11 10 10 11 10 10 5 7 7 10 7 7 10 11 11 11 10 7 10 9 7 11 11 7 7 11
split_gain=0.205 0.183271 0.450994 0.199989 0.219808 0.564469 0.293328 0.417954 0.47133 0.206923 0.148025 0.369708 0.543921 0.68448 0.872497 0.523651 0.304999 0.2225 0.221277 0.493517 0.427038 0.341347 0.372462 0.685877 0.259379 0.558245 0.345575 0.254305 0.694738 0.76598
threshold=-1.6928310270100968 101.79507050000001 101.79541450000001 0.45124090117685461 101.79829950000001 3.0469525000000002 3.0462855000000002 101.79800750000001 3.0435585000000005 3.0427675000000005 1.0000000180025095e-35 -0.99470866995531859 -1.0944404352488581 3.0426065000000002 -1.194172200542398 -1.2939039658359379 3.0480935000000007 101.79847350000001 101.79806450000001 101.79806850000001 3.0419795000000005 -0.29658631290054016 3.0431645000000005 0.45124090117685461 0.10234074827361882 101.79554150000001 101.79804450000002 -0.29658631290054016 -0.49604984348761971 101.79820450000001
decision_type=2 2 2 2 2 2 2 2 2 2 2 2 2 2 2 2 2 2 2 2 2 2 2 2 2 2 2 2 2 2
left_child=1 -1 -3 -4 5 6 7 8 9 -5 -2 12 13 -12 15 -15 17 18 20 -20 -13 22 -22 -24 25 -23 -26 28 -21 -30
right_child=10 2 3 4 -6 -7 -8 -9 -10 -11 11 16 -14 14 -16 -17 -18 -19 19 27 21 24 23 -25 26 -27 -28 -29 29 -31
leaf_value=0.0021878088910209591 5.1394161981794015e-05 -0.0038824477814784208 5.9234293348455061e-05 -0.0026627132221008517 -0.0040442536468026672 0.0042187102967845332 -0.0046269392258427204 0.00091351115079891403 -0.0061092397154304213 0.00086710375817504101 0.0037983520975819621 0.0036837779833349699 -0.0050996501008639524 -0.0017443294244396329 0.0036874369753510821 -0.0072283075802611662 0.0036409647362864494 0.00057137573968211227 -0.0037985726182979546 -0.00060153206029220309 0.0024168007239644494 0.0036104420667739732 -0.00058868640725606529 -0.0048913436352144134 -7.7683774940831118e-05 0.00017179851943789059 0.0015352813085396143 -0.00038394826548175773 0.0087818683329204169 0.00020210074853650143
leaf_weight=58 58499 102 824 85 59 50 60 180 60 81 69 78 86 174 59 58 55 1213 103 205 61 156 349 126 10331 484 343 5888 51 53
leaf_count=58 58499 102 824 85 59 50 60 180 60 81 69 78 86 174 59 58 55 1213 103 205 61 156 349 126 10331 484 343 5888 51 53
internal_value=7.1046e-09 -0.000567715 -0.00067433 -0.000440168 -0.00115572 -0.000824721 -0.00136665 -0.000883814 -0.00231508 -0.000940848 1.12912e-05 -0.000106349 -0.00152956 -0.000675531 -0.00173729 -0.00311785 -7.3783e-05 -8.43109e-05 -0.000127947 -0.000367653 -1.34015e-06 -2.56275e-05 -0.00125843 -0.00173081 3.27869e-05 0.0010104 -2.58386e-05 -0.000310567 0.00108739 0.00441388
internal_weight=80000 1559 1501 1399 575 516 466 406 226 166 78441 19942 446 360 291 232 19496 19441 18228 6300 11928 11850 536 475 11314 640 10674 6197 309 104
internal_count=80000 1559 1501 1399 575 516 466 406 226 166 78441 19942 446 360 291 232 19496 19441 18228 6300 11928 11850 536 475 11314 640 10674 6197 309 104
is_linear=0
shrinkage=0.05


Tree=160
num_leaves=31
num_cat=0
split_feature=8 5 9 7 8 9 8 10 8 7 10 8 9 8 10 8 10 7 7 10 10 7 10 10 8 8 9 8 7 10
split_gain=2.83113 1.69588 1.68557 1.88211 1.74398 1.66963 1.22615 1.20629 1.20099 1.09862 1.31861 1.5576 0.993134 1.42318 0.977108 2.34836 0.943068 0.898754 0.828301 0.825849 1.43232 0.792076 0.681464 1.22767 1.41535 0.707971 0.669359 1.44571 0.716316 0.813466
threshold=-1.186409292466112 1.0000000180025095e-35 0.45124090117685461 0.80046310532839737 0.86173890334863368 1.0000000180025095e-35 -0.27686539125079995 3.0475565000000002 -0.12683753125652172 -0.99470866995531859 3.0475215000000007 -1.700120759500092 0.45124090117685461 -1.0564744494353533 3.0476205000000003 -1.568176614772981 3.0423715000000002 -0.49604984348761971 -0.39631807819407994 3.0477555000000005 3.0478665000000005 -1.3936357311294776 3.0455775000000007 3.0448885000000003 -1.286204610051592 -1.4308743321889319 0.45124090117685461 0.39692044425921785 -0.49604984348761971 3.0439695000000007
decision_type=2 2 2 2 2 2 2 2 2 2 2 2 2 2 2 2 2 2 2 2 2 2 2 2 2 2 2 2 2 2
left_child=5 8 6 18 -5 -1 -3 -8 12 10 11 21 -2 -14 -11 -16 -13 -15 -4 -17 -21 -7 23 24 -18 -25 -10 28 29 -28
right_child=1 2 3 4 -6 9 7 -9 26 14 -12 16 13 17 15 19 22 -19 -20 20 -22 -23 -24 25 -26 -27 27 -29 -30 -31
leaf_value=-2.6030512898823537e-05 2.5918875728240546e-05 0.00021484215254559378 -0.0066311887245547804 -0.00063438120162159003 -0.0076485879343048029 0.006138083029272861 -0.0021479379495170418 0.00046991404264562004 5.2562569810598341e-06 0.0012785475850696159 -0.0082740405892317518 0.0038453845244993019 0.0031617028932092589 2.3967952118514651e-05 0.012078794456694481 0.0065805042982824457 0.00084650099148696418 0.0012679406392994146 -0.0026434208760759458 -0.0072702280393347812 0.0035524419753637255 -0.00021569405166896113 0.00016492501340729194 -0.011950277037021171 -0.0073557750363840756 -0.0037239324436700496 0.00078212336378750014 -0.00071693889678504886 0.00096705547276148553 -0.0011239857985680321
leaf_weight=4869 9260 5086 149 3255 91 135 1293 667 24579 6240 50 88 596 3152 72 54 202 2692 1032 51 76 77 290 50 71 55 997 11220 2275 1276
leaf_count=4869 9260 5086 149 3255 91 135 1293 667 24579 6240 50 88 596 3152 72 54 202 2692 1032 51 76 77 290 50 71 55 997 11220 2275 1276
internal_value=6.41765e-09 -0.000127264 -0.000678302 -0.0014311 -0.000825367 0.000695159 -0.00019462 -0.00125709 -1.3481e-05 0.00116266 -0.000364499 4.4864e-05 0.000357557 0.000834407 0.0014021 0.00444772 -0.00101732 0.000597008 -0.00314705 0.00140716 -0.00079597 0.00383133 -0.00165839 -0.0030569 -0.0012886 -0.00764888 -0.000157861 -0.000412126 0.000339853 -0.000287917
internal_weight=80000 67620 11573 4527 3346 12380 7046 1960 56047 7511 1018 968 15700 6440 6493 253 756 5844 1181 181 127 212 668 378 273 105 40347 15768 4548 2273
internal_count=80000 67620 11573 4527 3346 12380 7046 1960 56047 7511 1018 968 15700 6440 6493 253 756 5844 1181 181 127 212 668 378 273 105 40347 15768 4548 2273
is_linear=0
shrinkage=0.05


Tree=161
num_leaves=31
num_cat=0
split_feature=3 2 11 11 11 0 11 0 3 11 3 11 11 11 11 11 3 11 11 11 11 11 3 11 3 3 11 3 11 11
split_gain=0.111781 0.169839 0.130755 0.108421 0.118377 0.173384 0.142886 0.141291 0.118499 0.111092 0.481571 0.43092 0.334403 0.542768 0.216528 0.34138 0.204521 0.236767 0.20251 0.167753 0.167748 0.10532 0.174814 0.0961481 0.133059 0.102428 0.163612 0.0925747 0.174197 0.306024
threshold=4.5000000000000009 1.0000000180025095e-35 101.79535050000001 101.79846450000001 101.79760550000002 4.5000000000000009 101.79736350000002 4.5000000000000009 1.5000000000000002 101.79795050000001 2.5000000000000004 101.79792650000002 101.79806450000001 101.79813650000001 101.79819650000002 101.79816850000002 1.5000000000000002 101.79799950000002 101.79828350000001 101.79810450000001 101.79800750000001 101.79742050000002 3.5000000000000004 101.79854750000001 3.5000000000000004 1.5000000000000002 101.79861650000001 3.5000000000000004 101.79822450000002 101.79821650000001
decision_type=2 2 2 2 2 2 2 2 2 2 2 2 2 2 2 2 2 2 2 2 2 2 2 2 2 2 2 2 2 2
left_child=2 -2 -1 4 6 27 -4 -8 -9 10 11 -7 16 19 15 -15 17 -11 -16 -14 -18 -10 -23 -5 25 26 -25 -6 29 -29
right_child=1 -3 3 23 5 9 7 8 21 12 -12 -13 13 14 18 -17 20 -19 -20 -21 -22 22 -24 24 -26 -27 -28 28 -30 -31
leaf_value=-0.00025815050305065648 -0.00017931467364481278 0.00016259383244090811 1.4112054210881636e-05 0.00052571949679472115 -1.0930854721103412e-05 -0.001353816835145807 0.00015518883605913266 0.00021695808055977861 0.0029940254204013179 0.0053151196779563968 0.00046637671372740683 -0.0061381392881689764 -0.0016053384923467124 -0.00033750865262144607 -0.0015760128177301283 0.0042416639799554064 -0.0011507889483542725 0.00084349251249541389 0.00013498160963023174 -0.0043051244617779731 0.0016037603522637313 0.0019786916713632366 -0.00045278952131537595 -0.00022501296349113095 0.00081599531138127994 -0.00059732281496054226 0.0014303897194690618 -0.00040590030959041878 0.00013553078330185388 -0.0035016029140425352
leaf_weight=5993 4543 18113 19283 1702 19052 598 1339 270 98 53 405 51 134 99 259 69 108 67 520 101 113 210 114 563 408 791 203 2893 1766 82
leaf_count=5993 4543 18113 19283 1702 19052 598 1339 270 98 53 405 51 134 99 259 69 108 67 520 101 113 210 114 563 408 791 203 2893 1766 82
internal_value=4.90972e-09 9.40336e-05 -3.71449e-05 -1.13516e-05 -3.14994e-05 -0.000102325 5.61277e-05 0.000455018 0.00103507 -0.000491888 -0.000886489 -0.00173067 -0.000218762 -0.00061671 -8.28731e-05 0.00154463 0.00116041 0.00282124 -0.000434015 -0.00276701 0.000257734 0.00155834 0.00112329 0.000250634 1.2352e-05 -0.000198275 0.00021382 -6.01303e-05 -0.000257837 -0.000491342
internal_weight=80000 22656 57344 51351 47684 26370 21314 2031 692 2577 1054 649 1523 1182 947 168 341 120 779 235 221 422 324 3667 1965 1557 766 23793 4741 2975
internal_count=80000 22656 57344 51351 47684 26370 21314 2031 692 2577 1054 649 1523 1182 947 168 341 120 779 235 221 422 324 3667 1965 1557 766 23793 4741 2975
is_linear=0
shrinkage=0.05


Tree=162
num_leaves=31
num_cat=0
split_feature=8 8 5 0 8 10 0 8 8 3 5 7 8 10 6 10 8 0 10 8 7 10 0 10 10 7 0 5 10 10
split_gain=2.6293 1.20345 1.74175 1.10371 1.68198 2.26664 2.13491 1.41586 1.29122 1.04169 1.0097 1.76221 1.62918 1.35365 1.00645 0.902 1.29535 2.29549 1.36657 1.07019 0.890198 1.02985 0.869498 0.846532 1.80058 0.737058 0.720271 1.0267 0.886654 0.708685
threshold=-1.6472091481628242 -0.55749786150795455 1.0000000180025095e-35 2.5000000000000004 0.025869397666225803 3.0475565000000002 1.5000000000000002 -0.12683753125652172 0.61325526023311017 4.5000000000000009 1.0000000180025095e-35 -0.49604984348761971 -1.3772929536195466 3.0477755000000006 1.0000000180025095e-35 3.0455415000000006 -0.93591634765423681 3.5000000000000004 3.0443075000000004 -1.1984651026442237 2.2964395847314942 3.0419025000000004 4.5000000000000009 3.0459715000000007 3.0457555000000007 2.5956348806121139 2.5000000000000004 1.0000000180025095e-35 3.0448165000000005 3.0475755000000002
decision_type=2 2 2 2 2 2 2 2 2 2 2 2 2 2 2 2 2 2 2 2 2 2 2 2 2 2 2 2 2 2
left_child=9 10 -3 4 6 -6 -4 14 22 20 13 -12 23 15 -5 16 18 -18 19 -2 21 -1 -9 24 -13 -25 27 -23 -29 -17
right_child=1 2 3 7 5 -7 -8 8 -10 -11 11 12 -14 -15 -16 29 17 -19 -20 -21 -22 26 -24 25 -26 -27 -28 28 -30 -31
leaf_value=-0.0026194911858526591 0.00062850890506503155 -9.2059314482711906e-05 0.0033584783837433104 -0.00183216866227232 -0.0041436503115889747 0.00065899159112414068 -0.0010814113192912842 -0.00074447371371310831 -0.0029222153178805501 -0.0035839939447023742 -0.0023824185768831409 0.0013356951471877885 -0.00026789225639253268 -0.00077898551551689929 -0.0046453094027975551 0.0018488763761172517 0.0019055466572827846 -0.001243403387083405 -0.00063606463033914502 0.0026659965323486529 0.0065283663834773426 -0.0027941896748160662 0.002247637702905043 -0.00024286354408300506 0.0084902054946728051 0.0040124903152190102 0.0027436751164878767 -0.0045367209631037636 0.0021926874259725975 0.00024170595107571871
leaf_weight=132 1264 47915 548 853 481 502 535 717 448 91 768 1950 9103 1574 507 2654 808 2039 858 1315 98 159 367 1343 92 110 1164 53 627 925
leaf_count=132 1264 47915 548 853 481 502 535 717 448 91 768 1950 9103 1574 507 2654 808 2039 858 1315 98 159 367 1343 92 110 1164 53 627 925
internal_value=4.59461e-09 -4.95779e-05 -0.000184374 -0.0010765 -0.000193849 -0.00169121 0.00116528 -0.00170702 -0.000664577 0.00165715 0.000237768 -5.73326e-05 8.44272e-05 0.000582639 -0.00288116 0.000799941 0.000439075 -0.000349672 0.00109242 0.00166746 0.00187089 0.00165681 0.000268652 0.00100205 0.00165843 7.95438e-05 0.00193874 0.000821808 0.0016676 0.00143352
internal_weight=80000 77676 52873 4958 2066 983 1083 2892 1532 2324 24803 13366 12598 11437 1360 9863 6284 2847 3437 2579 2233 2135 1084 3495 2042 1453 2003 839 680 3579
internal_count=80000 77676 52873 4958 2066 983 1083 2892 1532 2324 24803 13366 12598 11437 1360 9863 6284 2847 3437 2579 2233 2135 1084 3495 2042 1453 2003 839 680 3579
is_linear=0
shrinkage=0.05


Tree=163
num_leaves=31
num_cat=0
split_feature=8 8 5 0 8 0 10 8 8 0 3 5 2 8 10 8 8 8 11 11 3 3 8 8 8 8 11 11 8 10
split_gain=2.37293 1.08614 1.57196 0.996114 1.51988 2.04943 1.98759 1.29332 1.3113 1.02085 0.940198 0.911249 2.03944 2.13987 1.70896 1.71714 1.67987 1.35281 1.41775 1.37883 1.25072 1.31265 1.15084 1.14342 1.09123 1.03151 0.894091 0.817715 0.796992 0.794064
threshold=-1.6472091481628242 -0.55749786150795455 1.0000000180025095e-35 2.5000000000000004 -0.032400351527980438 1.5000000000000002 3.0475565000000002 -0.04311662724185749 0.61325526023311017 4.5000000000000009 4.5000000000000009 1.0000000180025095e-35 1.5000000000000002 -1.0022233036338508 3.0476305000000004 -1.083934905952163 -1.1984651026442237 -0.98882795899150466 101.79800350000001 101.79824050000002 4.5000000000000009 1.5000000000000002 -1.3900185310297755 -1.4308743321889319 -1.2232464902325644 -1.5353580203992327 101.79789950000001 101.79820450000001 -1.4034138756721219 3.0421075000000006
decision_type=2 2 2 2 2 2 2 2 2 2 2 2 2 2 2 2 2 2 2 2 2 2 2 2 2 2 2 2 2 2
left_child=10 11 -3 4 5 -4 -6 -5 9 -9 -1 12 17 14 16 23 -14 19 -19 24 21 -21 29 25 28 -16 -18 -28 -2 -13
right_child=1 2 3 7 6 -7 -8 8 -10 -11 -12 22 13 -15 15 -17 26 18 -20 20 -22 -23 -24 -25 -26 -27 27 -29 -30 -31
leaf_value=0.0017773508506907201 -0.00041565900900851537 -8.7456358024663597e-05 0.0033674917535972226 -0.0026558445621276947 -0.0037814256760222245 -0.0010957113430913226 0.0005977209980271357 -0.00067179072210153342 -0.0027761371462895878 0.0027576230553526967 -0.0034049908895327679 0.0029984049198247091 0.00049353707271442763 -0.00085478606950545918 0.0006417451378778903 -0.0054721020112763969 0.0050741614234255036 0.0034122153548124738 0.00098481330338626594 0.0006273835912663368 -0.0022499151446345603 0.0077125994604388959 -0.00033754306551255224 0.0013136927457886643 -0.0012465435702468657 -0.0065433539935064707 -0.00063210379939501499 0.0033935534568814898 0.002327968069735517 0.00046710085562170177
leaf_weight=2233 484 47915 524 1478 505 505 532 637 448 329 91 342 1256 3534 96 166 401 1182 1225 107 77 168 9740 554 947 104 195 357 584 3284
leaf_count=2233 484 47915 524 1478 505 505 532 637 448 329 91 342 1256 3534 96 166 401 1182 1225 107 77 168 9740 554 947 104 195 357 584 3284
internal_value=4.63702e-09 -4.70986e-05 -0.000175156 -0.00102268 -0.00018416 0.0011772 -0.001535 -0.00162168 -0.000540592 0.000496363 0.00157429 0.000225883 0.000553509 -1.16608e-05 0.000940591 -0.000870004 0.00169467 0.00134229 0.00217692 0.000493497 0.00338032 0.00495704 -5.44619e-05 0.000143782 -1.09453e-05 -0.00309591 0.00327747 0.00197159 0.00108468 0.000705927
internal_weight=80000 77676 52873 4958 2066 1029 1037 2892 1414 966 2324 24803 11437 6663 3129 920 2209 4774 2407 2367 352 275 13366 754 2015 200 953 552 1068 3626
internal_count=80000 77676 52873 4958 2066 1029 1037 2892 1414 966 2324 24803 11437 6663 3129 920 2209 4774 2407 2367 352 275 13366 754 2015 200 953 552 1068 3626
is_linear=0
shrinkage=0.05


Tree=164
num_leaves=31
num_cat=0
split_feature=7 11 10 10 10 5 10 10 11 11 11 10 11 10 5 11 11 10 11 5 7 10 9 10 11 7 7 11 7 7
split_gain=0.210436 0.159843 0.423554 0.524002 0.321695 0.358336 0.283049 0.339108 0.257056 0.468747 0.341887 0.271324 0.304813 0.193063 0.16236 0.14768 0.127403 0.126666 0.181028 0.113701 0.324416 0.476873 0.397242 0.420804 0.207774 0.221649 0.55619 0.450569 0.32043 0.396783
threshold=-1.6928310270100968 101.79800750000001 3.0441405000000006 3.0435585000000005 3.0476125000000005 1.0000000180025095e-35 3.0448515000000005 3.0457225000000006 101.79806850000001 101.79826850000002 101.79837750000002 3.0461755000000004 101.79816450000001 3.0427675000000005 1.0000000180025095e-35 101.79849150000001 101.79562450000002 3.0480935000000007 101.79833550000002 1.0000000180025095e-35 -0.99470866995531859 3.0426065000000002 0.45124090117685461 3.0449935000000004 101.79847350000001 1.0000000180025095e-35 0.20207251356715863 101.79854750000001 0.70073134003485771 0.99992663591547692
decision_type=2 2 2 2 2 2 2 2 2 2 2 2 2 2 2 2 2 2 2 2 2 2 2 2 2 2 2 2 2 2
left_child=1 2 3 13 5 8 -4 -8 -3 11 -11 12 -10 -1 -9 -12 -5 19 -19 -2 21 -21 -23 -24 -22 -26 -27 28 -28 -30
right_child=17 4 6 16 -6 -7 7 14 9 10 15 -13 -14 -15 -16 -17 -18 18 -20 20 24 22 23 -25 25 26 27 -29 29 -31
leaf_value=-0.0025832256512291246 4.3228147536406567e-05 0.003616525742254257 0.0032437176391350076 -0.0036958128872911556 -0.0027025741750151921 -0.0025418423916872771 -0.0037539380127058195 -0.0004520567375328056 -0.001425818080505971 0.0049639706024976532 -0.0012463754902324231 -0.003565011876947393 0.0029181604036975974 0.00082633391476429226 0.0024940053526614223 0.0021446009664752891 -0.0071920685257216123 0.00041742711603456027 0.0037796651131202889 0.0019866357105184185 -0.00010682768015849219 -0.0009279478997329259 -0.0070062937197287248 -0.0014374795278245314 0.0027984412488263983 -0.0047310715871124939 0.0045977795210720282 -0.00031575996875832896 -0.0025406084514989742 0.0018460305759172803
leaf_weight=85 58330 74 52 53 97 89 74 392 119 73 56 73 61 81 53 75 52 173 52 83 18228 226 71 65 102 51 82 587 61 330
leaf_count=85 58330 74 52 53 97 89 74 392 119 73 56 73 61 81 53 75 52 173 52 83 18228 226 71 65 102 51 82 587 61 330
internal_value=4.76355e-09 -0.000575195 -0.00104235 -0.00266976 -2.65334e-05 0.000392506 -0.000269636 -0.000622205 0.000884713 0.000441668 0.00222442 -0.000996119 4.71109e-05 -0.000920029 -0.000100696 0.000695178 -0.00543249 1.14375e-05 0.00119581 8.02892e-06 -9.52178e-05 -0.0014299 -0.00221358 -0.00434774 -6.46601e-05 0.000568957 0.000364036 0.000609601 0.00175781 0.0011612
internal_weight=80000 1559 842 271 717 620 571 519 531 457 204 253 180 166 445 131 105 78441 225 78216 19886 445 362 136 19441 1213 1111 1060 473 391
internal_count=80000 1559 842 271 717 620 571 519 531 457 204 253 180 166 445 131 105 78441 225 78216 19886 445 362 136 19441 1213 1111 1060 473 391
is_linear=0
shrinkage=0.05


Tree=165
num_leaves=31
num_cat=0
split_feature=8 8 5 9 5 8 10 6 8 10 10 6 11 8 11 8 8 3 8 6 11 8 11 8 11 6 6 11 11 11
split_gain=2.18561 1.09234 1.40153 1.1215 1.15632 1.53036 1.3593 1.22023 1.08559 1.81512 1.42039 1.02753 0.984468 0.802233 0.848417 0.887164 0.793454 1.19358 1.31967 1.40186 1.21818 0.851203 0.772298 0.756226 1.01802 0.810346 0.725026 4.33395 1.09768 3.64227
threshold=-1.700120759500092 -0.55749786150795455 1.0000000180025095e-35 -1.117930881447166 1.0000000180025095e-35 -1.3772929536195466 3.0455415000000006 1.0000000180025095e-35 -0.93591634765423681 3.0442035000000005 3.0443075000000004 1.0000000180025095e-35 101.79485350000002 -1.1984651026442237 101.79789950000001 -0.97476284711704109 -1.4449394440633954 1.5000000000000002 -1.5025394260254843 1.5000000000000002 101.79814850000001 -1.286204610051592 101.79817650000001 -0.97476284711704109 101.79813650000001 1.0000000180025095e-35 1.0000000180025095e-35 101.79815650000002 101.79812450000001 101.79803650000001
decision_type=2 2 2 2 2 2 2 2 2 2 2 2 2 2 2 2 2 2 2 2 2 2 2 2 2 2 2 2 2 2
left_child=26 3 -3 -2 6 12 8 -7 10 -10 13 -4 -6 -5 15 -15 17 20 19 -19 -8 -18 -16 -23 -25 -26 27 -1 29 -28
right_child=1 2 11 4 5 7 16 -9 9 -11 -12 -13 -14 14 22 -17 21 18 -20 -21 -22 23 -24 24 25 -27 28 -29 -30 -31
leaf_value=-0.00052663506456393603 -0.0004380576977312623 -8.5254426701310374e-05 -0.00049829627163667492 0.00068710391588473621 -0.0060370881946947043 0.00024352942986204454 0.00032054604288124993 -0.0010279400614995617 -0.0010946106950032708 0.0017627942240129799 -0.000768240069194982 -0.002070656042750676 0.0010233095429716709 0.0050816426150749067 -0.00047809167956310922 -0.00078286329132109785 0.0042816497529299044 0.0088834352536798136 -0.0046524466962463819 -0.0010953105139201189 -0.010601874470069217 0.0004816853343460454 0.0026510418865358302 0.0036553370171123756 0.0039234839101123546 4.9433002794101904e-05 0.0010985584962912136 0.015770047094933255 -0.00043485272283549399 0.0095082239884583756
leaf_weight=127 5028 47915 3476 1318 50 4054 51 3530 2090 757 873 1482 3407 396 315 77 343 74 61 67 51 905 527 721 179 548 839 60 527 152
leaf_count=127 5028 47915 3476 1318 50 4054 51 3530 2090 757 873 1482 3407 396 315 77 343 74 61 67 51 905 527 721 179 548 839 60 527 152
internal_value=3.86573e-09 -3.85634e-05 -0.000168063 0.000230771 0.000395668 4.91456e-05 0.000804725 -0.000348286 0.0003905 -0.000334809 0.00097947 -0.000968324 0.00092102 0.00155895 0.00243266 0.00412699 0.00168187 -0.000739471 0.0014869 0.00414435 -0.0051457 0.00195492 0.00148049 0.00161558 0.00232419 0.0010037 0.00177094 0.00470788 0.00140886 0.00238927
internal_weight=80000 78295 52873 25422 20394 11041 9353 7584 6353 2847 3506 4958 3457 2633 1315 473 3000 304 202 141 102 2696 842 2353 1448 727 1705 187 1518 991
internal_count=80000 78295 52873 25422 20394 11041 9353 7584 6353 2847 3506 4958 3457 2633 1315 473 3000 304 202 141 102 2696 842 2353 1448 727 1705 187 1518 991
is_linear=0
shrinkage=0.05


Tree=166
num_leaves=31
num_cat=0
split_feature=6 6 6 7 3 9 11 11 11 7 7 7 9 3 7 3 3 7 11 11 7 7 11 7 7 11 7 7 3 3
split_gain=0.697529 0.252129 0.421601 0.563115 0.431298 0.511521 0.590974 0.535123 0.444529 0.429044 0.382996 0.306271 0.412392 0.809229 1.53892 0.516809 0.48466 0.416636 0.607115 0.410515 0.309037 0.261429 0.290631 0.477298 0.385762 0.363438 1.03271 0.53186 0.563081 1.08409
threshold=1.0000000180025095e-35 2.5000000000000004 3.5000000000000004 -0.79524513936823904 1.0000000180025095e-35 1.0000000180025095e-35 101.79804050000001 101.79822050000001 101.79747550000002 -0.59578160878115949 -0.49604984348761971 0.10234074827361882 0.45124090117685461 2.5000000000000004 0.50126780944777805 1.5000000000000002 1.0000000180025095e-35 1.3988536970896364 101.79823250000001 101.79806850000001 0.40153604415423816 0.70073134003485771 101.79550050000002 1.3988536970896364 0.80046310532839737 101.79809650000001 1.498585462383176 0.90019487062193726 1.0000000180025095e-35 2.5000000000000004
decision_type=2 2 2 2 2 2 2 2 2 2 2 2 2 2 2 2 2 2 2 2 2 2 2 2 2 2 2 2 2 2
left_child=-1 21 3 -3 8 9 10 -8 -5 -6 -7 -4 -13 14 -14 16 -16 18 19 20 -15 -2 23 24 -23 -24 27 28 -27 -30
right_child=1 2 11 4 5 6 7 -9 -10 -11 -12 12 13 17 15 -17 -18 -19 -20 -21 -22 22 25 -25 -26 26 -28 -29 29 -31
leaf_value=0.00014100029039788164 -9.1879975683759516e-07 -0.00049758934710471378 0.00013835375784140529 -0.0028322962500311123 0.0020848045800805092 -0.0047013889335856315 -0.010753154251615129 -0.0036364104141735389 0.0034761011715618256 -0.002564537101719477 -0.00018786453800886469 -4.8413067580690839e-06 -0.0085823626236378164 0.004358985514586502 -0.00036405329500407014 0.0018686517258044062 -0.0054086811461183069 -0.0038184495987077962 0.0053407704103473749 -0.0033222601599940367 -0.00039807848161740531 -0.0038990435205927365 0.00012687796951717475 -0.0030618773721938271 0.0005847904046816986 -0.0048126534832003062 0.00071322712163355445 -0.0026070345850485576 0.0046018937512340664 -0.0019398439554703729
leaf_weight=41841 22345 4282 4465 50 78 92 51 55 63 136 96 1040 97 52 101 89 90 54 62 73 99 58 2436 258 275 53 655 695 110 149
leaf_count=41841 22345 4282 4465 50 78 92 51 55 63 136 96 1040 97 52 101 89 90 54 62 73 99 58 2436 258 275 53 655 695 110 149
internal_value=5.47254e-09 -0.000154594 -0.000354942 -0.000701678 -0.00210863 -0.00273 -0.00408332 -0.00706741 0.000684739 -0.000869735 -0.00239794 -8.1704e-05 -0.000640905 -0.00156338 -0.00315826 -0.0012768 -0.00274269 0.000205469 0.000966299 -0.000246335 0.00124192 -7.2146e-05 -0.000411565 -0.00144803 -0.000197114 -0.000262058 -0.000832097 -0.00183722 -0.000122122 0.000839204
internal_weight=80000 38159 11125 4903 621 508 294 106 113 214 188 6222 1757 717 377 280 191 340 286 224 151 27034 4689 591 333 4098 1662 1007 312 259
internal_count=80000 38159 11125 4903 621 508 294 106 113 214 188 6222 1757 717 377 280 191 340 286 224 151 27034 4689 591 333 4098 1662 1007 312 259
is_linear=0
shrinkage=0.05


Tree=167
num_leaves=31
num_cat=0
split_feature=6 2 7 10 7 7 10 6 7 7 10 6 7 7 10 11 7 10 7 11 10 10 10 11 11 11 10 10 7 10
split_gain=0.629544 0.240855 0.217412 1.39183 0.621188 0.460887 1.92072 0.319914 0.623146 0.610535 0.667207 0.457163 1.04761 1.03347 0.469842 0.5641 1.42368 0.527252 0.519251 0.492723 0.415343 0.395818 0.346992 0.641805 0.618575 0.332598 0.757572 0.505833 0.361488 0.320551
threshold=1.0000000180025095e-35 1.0000000180025095e-35 1.7977807582637952 3.0464675000000003 1.9972442888508748 1.5983172276767157 3.0461755000000004 1.5000000000000002 1.1993901665025566 -0.19685454760700036 3.0477175000000005 2.5000000000000004 1.1993901665025566 1.1993901665025566 3.0472355000000007 101.79821650000001 -0.29658631290054016 3.0475565000000002 -0.99470866995531859 101.79820450000001 3.0476875000000003 3.0463595000000003 3.0463955000000005 101.79815650000002 101.79822050000001 101.79819650000002 3.0449245000000005 3.0465015000000002 -0.49604984348761971 3.0440715000000007
decision_type=2 2 2 2 2 2 2 2 2 2 2 2 2 2 2 2 2 2 2 2 2 2 2 2 2 2 2 2 2 2
left_child=-1 2 5 4 -4 7 -7 8 9 25 22 12 20 14 15 19 -17 -16 -19 -13 -9 -10 23 -11 -24 26 29 -27 -28 -2
right_child=1 -3 3 -5 -6 6 -8 11 21 10 -12 13 -14 -15 17 16 -18 18 -20 -21 -22 -23 24 -25 -26 27 28 -29 -30 -31
leaf_value=0.00013395029332601737 0.0010258767131754519 -8.4059259006791427e-05 0.0087863792327907454 -0.0033095212220272461 0.0018371706606239314 -0.010036650921532888 0.0031125032964425918 0.0005811086836137691 0.004680998201028172 -0.0013180348225224636 -0.0058734088499736402 -0.00088224315891175529 -0.0046927244782336182 0.0063358665270320446 0.0029139432990781325 -0.0011001379957410033 -0.0088492935743178739 -0.0028276424180824853 0.0018104603976173902 0.0031797974844323066 0.0033167169577732812 -0.00055970004339084007 0.0037598672815768869 -0.0050684212588919357 -0.0013157513072898893 -0.0053952933324339265 0.00052416712932993595 -0.00081584784016305921 0.0031033271941244456 -0.0019329505637024303
leaf_weight=41841 116 30527 50 104 90 57 54 1394 84 521 94 1329 90 53 171 246 78 132 111 79 154 63 77 146 271 65 573 819 178 433
leaf_count=41841 116 30527 50 104 90 57 54 1394 84 521 94 1329 90 53 171 246 78 132 111 79 154 63 77 146 271 65 573 819 178 433
internal_value=2.70263e-09 -0.00014687 -0.000398098 0.00107008 0.00432353 -0.000446601 -0.00364272 -0.000397799 -0.00074792 -0.000890126 -0.00184548 -8.38928e-05 0.00054845 -0.000554918 -0.000725388 -0.00108709 -0.00296783 0.000787699 -0.00070913 -0.000654121 0.000853452 0.00243613 -0.00147191 -0.0021396 -0.00019194 -0.000404949 0.000103874 -0.00115314 0.0011358 -0.0013077
internal_weight=80000 38159 7632 244 140 7388 111 7277 3440 3293 1109 3837 1638 2199 2146 1732 324 414 243 1408 1548 147 1015 667 348 2184 1300 884 751 549
internal_count=80000 38159 7632 244 140 7388 111 7277 3440 3293 1109 3837 1638 2199 2146 1732 324 414 243 1408 1548 147 1015 667 348 2184 1300 884 751 549
is_linear=0
shrinkage=0.05


Tree=168
num_leaves=31
num_cat=0
split_feature=8 5 6 8 8 0 8 8 6 8 11 8 0 8 5 0 6 11 11 11 8 0 8 3 6 3 11 8 0 11
split_gain=2.07389 1.04815 1.142 0.994602 0.950439 1.37878 1.81802 2.27173 0.875345 0.727626 1.05211 1.02238 0.936653 0.756117 0.636211 0.620221 0.8375 0.861127 1.00448 0.7233 0.693246 0.616081 0.841513 0.970416 0.595617 0.561495 1.02468 0.538512 2.25094 1.16392
threshold=-1.186409292466112 1.0000000180025095e-35 2.5000000000000004 -1.700120759500092 0.11963681016264981 4.5000000000000009 -0.97476284711704109 -0.62447458471968587 3.5000000000000004 -0.77852104810666811 101.79626950000001 -1.030353527382778 2.5000000000000004 -1.1107255952368555 1.0000000180025095e-35 4.5000000000000009 2.5000000000000004 101.79594050000001 101.79581550000002 101.79604950000001 -1.5835812611116793 4.5000000000000009 0.19799957632037568 3.5000000000000004 1.0000000180025095e-35 1.5000000000000002 101.79803650000001 -0.44832580267283234 1.5000000000000002 101.79626950000001
decision_type=2 2 2 2 2 2 2 2 2 2 2 2 2 2 2 2 2 2 2 2 2 2 2 2 2 2 2 2 2 2
left_child=3 4 9 14 5 27 -7 -8 21 10 13 12 -12 -3 25 -5 17 18 20 -19 -17 -6 23 -23 -11 26 -1 29 -29 -2
right_child=1 2 -4 15 8 6 7 -9 -10 24 11 -13 -14 -15 -16 16 -18 19 -20 -21 -22 22 -24 -25 -26 -27 -28 28 -30 -31
leaf_value=-0.0014720055974969202 0.0014430535883977807 0.0012039033251775568 -0.0021686718131876163 0.00023127677022502028 -3.6500307568955371e-05 0.003995417549754886 -0.001437935718084317 0.0014287575336060141 -0.001898829799731931 -0.00043702065596914965 0.0018804957052202854 0.0014579152990913452 -0.0013320731275781037 -0.0019754098825707877 0.0022071693419253684 0.0063443421376887677 -0.00053644165378825424 0.0082779784236110317 -0.006536468359099986 0.0022874870786458038 6.9967969058451365e-05 -0.00097868045755031795 -0.00068043149964331793 0.0048426049018758252 -0.0015324641857260852 -0.0017802509979903004 0.0072794034115831463 -0.0015504671173698294 0.00024343528682882639 1.1414708803704115e-05
leaf_weight=77 1865 246 987 8647 27280 470 931 2681 725 5108 309 1652 853 779 1355 50 516 53 52 994 363 136 6612 151 1639 214 59 2341 6910 5945
leaf_count=77 1865 246 987 8647 27280 470 931 2681 725 5108 309 1652 853 779 1355 50 516 53 52 994 363 136 6612 151 1639 214 59 2341 6910 5945
internal_value=2.0069e-09 -0.000108926 -0.000542134 0.000594969 -1.94737e-05 0.000245077 0.00107053 0.000689842 -0.000179725 -0.000390463 0.000159082 0.000658645 -0.000477696 -0.00121233 0.00171632 0.000415853 0.0012028 0.00179635 5.82006e-06 0.00259149 0.000830929 -0.000143254 -0.000565373 0.00208471 -0.000703148 -0.000184035 0.00232712 4.7574e-05 -0.00021053 0.000353299
internal_weight=80000 67620 11573 12380 56047 21143 4082 3612 34904 10586 3839 2814 1162 1025 1705 10675 2028 1512 465 1047 413 34179 6899 287 6747 350 136 17061 9251 7810
internal_count=80000 67620 11573 12380 56047 21143 4082 3612 34904 10586 3839 2814 1162 1025 1705 10675 2028 1512 465 1047 413 34179 6899 287 6747 350 136 17061 9251 7810
is_linear=0
shrinkage=0.05


Tree=169
num_leaves=31
num_cat=0
split_feature=8 8 0 3 7 0 3 2 8 7 7 3 2 2 10 11 10 10 7 7 10 7 7 8 8 11 8 7 8 8
split_gain=1.87266 0.741132 0.771349 1.94969 1.09863 0.72638 0.726079 1.71257 1.92825 0.8707 0.745726 0.709157 1.26514 0.924813 0.862561 1.49852 2.28017 1.88719 2.71226 1.69359 1.42064 1.41943 0.669924 0.914142 0.661375 0.651114 0.650574 0.752167 0.630484 0.908253
threshold=-1.4730696678123223 0.19799957632037568 4.5000000000000009 4.5000000000000009 -0.79524513936823904 4.5000000000000009 4.5000000000000009 1.0000000180025095e-35 0.71907848290764587 -0.79524513936823904 0.90019487062193726 4.5000000000000009 1.0000000180025095e-35 1.0000000180025095e-35 3.0477455000000004 101.79828350000001 3.0472355000000007 3.0463955000000005 2.1967078194379543 0.10234074827361882 3.0457925000000006 0.99992663591547692 0.80046310532839737 -1.6472091481628242 -1.2111906800544525 101.79500750000001 -0.021014308581986097 0.30180427886069844 -0.94864192506446587 -0.22462354714564947
decision_type=2 2 2 2 2 2 2 2 2 2 2 2 2 2 2 2 2 2 2 2 2 2 2 2 2 2 2 2 2 2
left_child=11 2 -2 4 -4 6 7 8 9 -3 -11 13 -13 14 15 16 17 18 19 20 -1 -21 23 -19 25 -6 27 -26 -5 -30
right_child=1 5 3 28 24 -7 -8 -9 -10 10 -12 12 -14 -15 -16 -17 -18 22 -20 21 -22 -23 -24 -25 26 -27 -28 -29 29 -31
leaf_value=0.0069835166915792266 -2.630201102035903e-05 -0.0034877498985200956 -0.0014867129984071404 0.0042372562268423036 -0.0039836034181522217 -0.00068484529007903643 0.00019937321420910936 -5.7804866152303578e-05 -0.0022999754278907806 0.00073097235907821582 -0.0030762060466081559 -0.0081218242995511492 0.00015052647148833598 0.00064168602609169774 0.0069042962208828509 -0.0045645374563423055 0.010983291159366925 0.0047357884606349151 0.013609847233177506 -0.0036253987768581717 -0.00043441679795891809 0.0025278050371432006 -0.0042268044919868243 -0.0032035632948136921 0.00062634754381284163 0.0018703593604266948 0.0017597466905031464 -0.00081951593497627646 0.00030698609055926346 0.0027986282333628733
leaf_weight=228 31725 162 919 268 50 7094 10943 13296 2047 1356 142 58 226 3914 90 85 71 70 56 161 90 224 139 75 1733 918 525 1870 705 760
leaf_count=228 31725 162 919 268 50 7094 10943 13296 2047 1356 142 58 226 3914 90 85 71 70 56 161 90 224 139 75 1733 918 525 1870 705 760
internal_value=3.08505e-09 -6.5643e-05 8.29278e-05 0.000530175 0.000104429 -0.00023301 -0.000118311 -0.000322769 -0.0012731 -6.75955e-06 0.000369897 0.000891456 -0.00154116 0.00102427 0.00218581 0.00183108 0.00231945 0.00172868 0.00302956 0.00218494 0.00488462 -4.56262e-05 -0.00174783 0.00062985 0.000391395 0.0015676 0.000115547 -0.000124075 0.00200779 0.00159968
internal_weight=80000 74513 39473 7748 6015 35040 27946 17003 3707 1660 1498 5487 284 5203 1289 1199 1114 1043 759 703 318 385 284 145 5096 968 4128 3603 1733 1465
internal_count=80000 74513 39473 7748 6015 35040 27946 17003 3707 1660 1498 5487 284 5203 1289 1199 1114 1043 759 703 318 385 284 145 5096 968 4128 3603 1733 1465
is_linear=0
shrinkage=0.05


Tree=170
num_leaves=31
num_cat=0
split_feature=6 5 7 7 7 7 3 3 11 11 11 7 6 11 11 11 11 11 7 11 7 6 11 7 3 7 11 11 7 7
split_gain=0.631364 0.240437 0.276605 0.441518 0.479405 0.39959 0.97607 0.73567 0.40119 0.492802 0.231895 0.177906 0.141507 0.406242 0.556533 0.345216 0.322675 0.91337 1.16909 0.526823 0.659822 0.74337 0.50185 0.329735 0.348765 0.32218 0.318983 0.779859 0.314468 0.312694
threshold=1.0000000180025095e-35 1.0000000180025095e-35 -0.99470866995531859 -1.0944404352488581 -1.194172200542398 -1.8922945575971761 2.5000000000000004 2.5000000000000004 101.79797650000002 101.79820450000001 101.79701250000001 -0.8949769046617787 1.5000000000000002 101.79492050000002 101.79500750000001 101.79496150000001 101.79814850000001 101.79818450000002 0.30180427886069844 101.79803250000002 1.0000000180025095e-35 2.5000000000000004 101.79816850000002 -0.49604984348761971 1.5000000000000002 0.99992663591547692 101.79518050000001 101.79528450000002 0.70073134003485771 1.1993901665025566
decision_type=2 2 2 2 2 2 2 2 2 2 2 2 2 2 2 2 2 2 2 2 2 2 2 2 2 2 2 2 2 2
left_child=-1 -2 3 4 5 6 -3 8 -7 -10 -9 -4 13 25 -15 -14 19 18 -18 23 -21 -22 -20 -17 -25 -13 28 -28 -16 -29
right_child=1 2 11 -5 -6 7 -8 10 9 -11 -12 12 15 14 26 16 17 -19 22 20 21 -23 -24 24 -26 -27 27 29 -30 -31
leaf_value=0.00013414520296638338 -7.360353463793266e-05 0.0040523198484386279 0.0017755733228922016 -0.0047111166999527603 0.0030229356673482366 -0.0020066719600535165 -0.0042593774429130534 -0.0018060699627330625 -0.0098215046438709496 -0.0028965829756806144 0.0020730402359382368 0.0054019399535424877 -0.0024363731114196187 -0.0048631293257046125 0.0043786561228087916 -0.0021616820819264468 -0.0098968938742511475 -0.00018599554575423997 0.0014132863482671874 0.0049510503630173387 0.0024134769711760462 -0.0019052696213295202 -0.0050092860278736035 -0.00062690576068926047 0.00060527436943451222 -0.00024305406085098395 -0.0056551716547117098 -0.00083897773019088765 -0.00013447626578155428 0.00010673639810854371
leaf_weight=41841 28419 90 103 85 70 99 58 71 53 50 84 51 156 75 64 173 57 1288 73 119 256 163 52 975 1397 50 75 2517 97 1339
leaf_count=41841 28419 90 103 85 70 99 58 71 53 50 84 51 156 75 64 173 57 1288 73 119 256 163 52 975 1397 50 75 2517 97 1339
internal_value=4.1152e-09 -0.00014708 -0.000361465 -0.0013497 -0.000852058 -0.00138968 0.000794356 -0.00229507 -0.00428254 -0.00646596 0.000296139 -0.000289619 -0.000313334 -0.00052185 -0.000597819 -0.000124339 -4.507e-05 -0.000654626 -0.00396917 0.000245583 0.001667 0.000733338 -0.00126037 -5.49504e-05 9.87872e-05 0.00260991 -0.000519525 -0.000608879 0.00166117 -0.000510583
internal_weight=80000 38159 9740 660 575 505 148 357 202 103 155 9080 8977 4268 4167 4709 4553 1470 182 3083 538 419 125 2545 2372 101 4092 3931 161 3856
internal_count=80000 38159 9740 660 575 505 148 357 202 103 155 9080 8977 4268 4167 4709 4553 1470 182 3083 538 419 125 2545 2372 101 4092 3931 161 3856
is_linear=0
shrinkage=0.05


Tree=171
num_leaves=31
num_cat=0
split_feature=6 1 11 11 11 7 7 6 11 10 10 11 10 7 6 11 4 7 6 11 7 10 7 7 6 7 10 11 10 10
split_gain=0.569822 0.227483 0.176188 0.174428 0.614851 0.360671 0.644912 0.948076 1.04301 1.00169 0.909244 0.603712 0.499409 0.40794 0.469064 0.379444 0.341819 0.35081 0.873893 1.24683 0.990569 0.331394 0.325372 1.36627 0.780149 0.754585 0.743571 0.500516 0.597338 1.25825
threshold=1.0000000180025095e-35 1.5000000000000002 101.79863350000001 101.79805650000002 101.79805250000001 1.3988536970896364 0.90019487062193726 1.5000000000000002 101.79602750000002 3.0439695000000007 3.0440025000000004 101.79622550000002 3.0428745000000004 1.498585462383176 1.5000000000000002 101.79515850000001 1.0000000180025095e-35 0.50126780944777805 1.5000000000000002 101.79766150000002 0.60099957474131782 3.0426605000000007 0.70073134003485771 0.50126780944777805 1.5000000000000002 0.10234074827361882 3.0462855000000002 101.79807250000002 3.0471305000000002 3.0467435000000003
decision_type=2 2 2 2 2 2 2 2 2 2 2 2 2 2 2 2 2 2 2 2 2 2 2 2 2 2 2 2 2 2
left_child=-1 2 -2 4 5 6 16 8 15 12 11 -9 -10 14 -7 -8 17 21 19 -19 -20 -3 23 25 -25 -5 -26 -24 29 -29
right_child=1 3 -4 22 -6 13 7 10 9 -11 -12 -13 -14 -15 -16 -17 -18 18 20 -21 -22 -23 27 24 26 -27 -28 28 -30 -31
leaf_value=0.00012743795932026119 -2.290042519051015e-06 -0.0010837751899432776 0.0023939516061070483 -0.0002492200012623473 0.0041447069930757715 -0.0070901525075565339 0.0035497413723571875 0.0069556374843777538 0.0056127215885791665 0.010525137803693555 -0.0022602519968035291 0.0002942550542909618 -0.00079603472299115895 -0.00069491910069906194 -0.0010385943389409789 -0.00055897552616777121 0.00017780645028488932 -0.0019583183596026273 -0.0040411685976198819 -0.010423115581950682 0.001930311007723978 -0.00014989706517721363 -0.0060128901125201797 0.00060506695451042732 0.0027306774870089652 -0.0020897209258409553 0.011086820276684598 -0.0011064813099305327 -0.0030958447158529376 0.0046691668787162315
leaf_weight=41841 15183 1089 77 5388 83 57 82 52 73 67 266 98 52 877 73 178 4341 331 94 50 265 7436 52 107 57 621 50 695 256 109
leaf_count=41841 15183 1089 77 5388 83 57 82 52 73 67 266 98 52 877 73 178 4341 331 94 50 265 7436 52 107 57 621 50 695 256 109
internal_value=2.08302e-09 -0.00013973 9.81669e-06 -0.000239389 -0.000144652 -0.000167676 -0.000104015 0.0012173 0.00280233 0.00559632 -0.000505162 0.00260663 0.00294817 -0.0010826 -0.00369538 0.000737717 -0.000188317 -0.00035986 -0.00140406 -0.00307163 0.000366058 -0.000269204 -0.000440403 -0.000299621 0.00362529 -0.000439458 0.00664212 -0.00122815 -0.000992883 -0.000322981
internal_weight=80000 38159 15260 22899 15564 15481 14474 868 452 192 416 150 125 1007 130 260 13606 9265 740 381 359 8525 7335 6223 214 6009 107 1112 1060 804
internal_count=80000 38159 15260 22899 15564 15481 14474 868 452 192 416 150 125 1007 130 260 13606 9265 740 381 359 8525 7335 6223 214 6009 107 1112 1060 804
is_linear=0
shrinkage=0.05


Tree=172
num_leaves=31
num_cat=0
split_feature=8 7 8 10 11 11 7 11 11 11 11 10 5 2 5 8 7 0 2 8 0 2 7 8 8 8 8 8 11 10
split_gain=1.78631 0.978003 0.965083 0.802578 1.015 1.41601 1.16333 0.876946 2.10821 1.79619 1.46726 1.13049 0.720481 2.23106 0.710409 1.33014 1.31548 1.06262 0.897214 0.807959 2.03892 1.77816 1.12547 0.896191 0.733319 1.97992 1.06152 2.37677 0.797466 0.70658
threshold=-1.700120759500092 2.2964395847314942 0.11963681016264981 3.0419025000000004 101.79823250000001 101.79820050000002 -0.99470866995531859 101.79803650000001 101.79810050000002 101.79801150000002 101.79817250000001 3.0455775000000007 1.0000000180025095e-35 1.5000000000000002 1.0000000180025095e-35 -1.3900185310297755 0.20207251356715863 4.5000000000000009 1.0000000180025095e-35 -0.44832580267283234 1.5000000000000002 1.5000000000000002 -1.4933674964230172 -1.3900185310297755 -0.97476284711704109 -0.62447458471968587 -1.1984651026442237 -1.286204610051592 101.79813650000001 3.0471305000000002
decision_type=2 2 2 2 2 2 2 2 2 2 2 2 2 2 2 2 2 2 2 2 2 2 2 2 2 2 2 2 2 2
left_child=1 3 14 -1 5 7 -6 9 -9 -5 11 -10 -4 -14 17 -16 18 19 -17 21 -21 22 23 -2 26 -26 27 28 -19 -8
right_child=2 -3 12 4 6 -7 29 8 10 -11 -12 -13 13 -15 15 16 -18 24 -20 20 -22 -23 -24 -25 25 -27 -28 -29 -30 -31
leaf_value=-0.0032362364640413678 -0.0059182484594140694 0.007341817308069272 -0.0001671998447259477 0.0012102328537760558 -0.0019758951086909777 -0.0056367191298804025 0.0083803969169097114 0.0093649834189624311 0.0014885731667144909 -0.0085314743164726075 0.0073266947856123121 -0.0080466504866121454 -0.0033230001783130583 0.00011500954105431795 0.00066216745965103454 -0.0041863669168672058 -0.0001816250228752205 0.0017472113012926668 -0.0011468316876126706 -0.0014749657595864566 0.00023236221794062796 -0.00023399401953965701 0.0013371071725602744 -0.00017822928366971458 -0.001356325897613883 0.0013199228491551033 0.0038045184123916193 -0.0045349886322963804 0.0080220175637717699 0.0025555854798747705
leaf_weight=90 76 71 34904 852 57 75 130 108 77 50 56 52 741 1299 4105 300 11086 395 1272 2341 6910 5094 4802 639 931 2681 501 160 58 87
leaf_count=90 76 71 34904 852 57 75 130 108 77 50 56 52 741 1299 4105 300 11086 395 1272 2341 6910 5094 4802 639 931 2681 501 160 58 87
internal_value=2.74125e-09 0.00160102 -3.48639e-05 0.00135113 0.00161872 0.00102308 0.00437817 0.0014415 0.00381754 0.000669341 0.000575722 -0.00235834 -0.000220583 -0.0011339 0.000131062 -0.000119934 -0.000373573 0.000302179 -0.00172713 0.000141841 -0.000199695 0.000439601 0.00106154 -0.000789099 0.000976019 0.000630096 0.00209747 0.000701926 0.0025522 0.00604736
internal_weight=80000 1705 78295 1634 1544 1270 274 1195 293 902 185 129 36944 2040 41351 16763 12658 24588 1572 19862 9251 10611 5517 715 4726 3612 1114 613 453 217
internal_count=80000 1705 78295 1634 1544 1270 274 1195 293 902 185 129 36944 2040 41351 16763 12658 24588 1572 19862 9251 10611 5517 715 4726 3612 1114 613 453 217
is_linear=0
shrinkage=0.05


Tree=173
num_leaves=31
num_cat=0
split_feature=10 5 10 3 2 10 10 10 3 10 3 10 10 10 5 5 3 10 3 10 10 5 0 10 10 10 10 10 3 5
split_gain=0.100305 0.135687 0.076237 0.0849318 0.142291 0.0839494 0.157983 0.0904505 0.103991 0.0720947 0.180977 0.0671924 0.0608149 0.141191 0.136997 0.0547671 0.24227 0.204171 0.220339 0.0541131 0.20132 0.41929 0.121153 0.0964068 0.116083 0.0810842 0.392631 0.276037 0.117879 0.11705
threshold=3.0480935000000007 1.0000000180025095e-35 3.0415855000000005 4.5000000000000009 1.0000000180025095e-35 3.0475845000000006 3.0474155000000005 3.0472715000000004 5.5000000000000009 3.0440345000000004 5.5000000000000009 3.0476595000000004 3.0417195000000006 3.0417485000000002 1.0000000180025095e-35 1.0000000180025095e-35 3.5000000000000004 3.0415595000000004 1.5000000000000002 3.0419025000000004 3.0418775000000005 1.0000000180025095e-35 4.5000000000000009 3.0418505000000002 3.0418005000000004 3.0431105000000005 3.0431645000000005 3.0430045000000003 3.5000000000000004 1.0000000180025095e-35
decision_type=2 2 2 2 2 2 2 2 2 2 2 2 2 2 2 2 2 2 2 2 2 2 2 2 2 2 2 2 2 2
left_child=2 -2 15 12 5 6 7 9 -9 10 -5 -7 -4 14 -14 -1 17 18 -17 20 22 -22 -15 24 -24 27 29 -21 -28 -27
right_child=1 -3 3 4 -6 11 -8 8 -10 -11 -12 -13 13 19 -16 16 -18 -19 -20 25 21 -23 23 -25 -26 26 28 -29 -30 -31
leaf_value=0.00018806311699596416 0.0003471495435983922 0.0031543761100734204 -0.00039801347154151006 0.0021057772418572357 0.00013760680150204192 0.0017244233810779584 -0.0017559165645425101 0.0025195018656569007 -0.00023778849982123066 -0.00029139413897788573 -0.00080791485457627147 0.00017206769193545254 0.00034681602538140239 0.00037518383825436817 0.0029153866941307406 0.0012216810016912275 0.0037773719804137396 0.0025363419452957472 -0.0021609940690371448 1.3949444126543164e-05 -3.043862561315175e-05 -0.0044586371621506407 -0.0011040295529231949 -0.001900493476578118 0.00060876001893751786 -0.00095728686282404096 -5.5366220846398018e-06 0.00092366365310751037 -0.00021384410117032058 -0.002698179720321573
leaf_weight=951 175 57 1174 107 17682 82 168 65 72 3474 106 462 159 645 77 91 61 73 102 9722 141 86 205 119 191 268 33931 912 8491 151
leaf_count=951 175 57 1174 107 17682 82 168 65 72 3474 106 462 159 645 77 91 61 73 102 9722 141 86 205 119 191 268 33931 912 8491 151
internal_value=2.90332e-09 0.00103792 -3.0171e-06 -9.25463e-06 7.35187e-05 -0.000176304 -0.00025571 -0.000189757 0.0010713 -0.000236642 0.000656072 0.000406336 -4.19363e-05 -3.43485e-05 0.00118575 0.00038004 0.000938128 0.000285848 -0.000566247 -3.95991e-05 -0.000347923 -0.00170931 -8.13896e-05 -0.000653176 -0.000277966 -3.16014e-05 -6.22762e-05 9.19769e-05 -4.72309e-05 -0.00158517
internal_weight=80000 232 79768 78490 22218 4536 3992 3824 137 3687 213 544 56272 55098 236 1278 327 266 193 54862 1387 227 1160 515 396 53475 42841 10634 42422 419
internal_count=80000 232 79768 78490 22218 4536 3992 3824 137 3687 213 544 56272 55098 236 1278 327 266 193 54862 1387 227 1160 515 396 53475 42841 10634 42422 419
is_linear=0
shrinkage=0.05


Tree=174
num_leaves=31
num_cat=0
split_feature=8 9 3 10 10 10 6 8 9 6 8 3 0 3 3 0 9 8 3 0 3 8 6 6 3 8 8 10 8 8
split_gain=1.63612 1.36987 0.841658 0.675262 0.75567 0.724185 0.58018 0.787409 1.37082 1.12235 1.59877 0.856954 0.878463 0.769525 0.693587 0.78042 0.652312 1.32325 0.827291 0.646191 0.956255 0.609266 0.574294 1.36831 0.745479 1.69503 0.984897 0.605618 0.505099 0.569273
threshold=-1.186409292466112 1.0000000180025095e-35 1.5000000000000002 3.0479495000000005 3.0478485000000002 3.0476395000000003 2.5000000000000004 0.29712512667373797 0.45124090117685461 1.0000000180025095e-35 0.61325526023311017 4.5000000000000009 4.5000000000000009 3.5000000000000004 4.5000000000000009 4.5000000000000009 0.45124090117685461 0.14575773221522512 4.5000000000000009 4.5000000000000009 4.5000000000000009 0.85169239486687409 2.5000000000000004 3.5000000000000004 3.5000000000000004 -1.6472091481628242 -1.6043440453073161 3.0423445000000005 -1.1984651026442237 -1.5835812611116793
decision_type=2 2 2 2 2 2 2 2 2 2 2 2 2 2 2 2 2 2 2 2 2 2 2 2 2 2 2 2 2 2
left_child=1 -1 28 4 5 22 7 19 -9 10 13 12 21 -10 -11 -16 -8 18 -18 -2 -21 -12 -4 27 25 -25 -26 -24 29 -3
right_child=6 2 3 -5 -6 -7 16 8 9 14 11 -13 -14 -15 15 -17 17 -19 -20 20 -22 -23 23 24 26 -27 -28 -29 -30 -31
leaf_value=-0.00012478856729323371 3.3020965190506436e-05 0.0013215298481479101 0.0016380880784891126 0.006861733747629311 -0.0048142542157270122 0.0062299865693568237 -0.00013409554056015863 4.6045282462206684e-05 0.0025777057728103344 -0.0021403446440041245 -0.00032767116736024863 1.9896806974443913e-05 -0.00041863969121063598 -0.00081027448374438888 0.00058910537926415137 -0.0018559782294370261 -0.0014251295483611855 -0.0046663729847891576 0.00037482806437772522 0.00027896538031735058 0.0018634115287812893 -0.0022582804037393047 0.0028732047929780308 0.0087932149377811398 -0.0046663114861628038 0.0013188642159008297 0.0023010163710322196 -0.0015687807190354133 0.0047592317606223386 -0.00028757979008177213
leaf_weight=4869 22133 763 3228 55 50 75 4600 19980 640 1677 552 3670 2896 227 669 637 1765 237 1000 4125 1238 1574 87 110 76 244 152 645 61 1965
leaf_count=4869 22133 763 3228 55 50 75 4600 19980 640 1677 552 3670 2896 227 669 637 1765 237 1000 4125 1238 1574 87 110 76 244 152 645 61 1965
internal_value=3.13627e-09 0.000528459 0.000951922 0.00135869 0.00129369 0.00135994 -9.67482e-05 -4.46239e-05 -0.000211147 -0.000620864 -0.000356633 -0.000560862 -0.000985263 0.00169067 -0.00146755 -0.000603532 -0.000508265 -0.00108159 -0.00077416 0.000152338 0.000644748 -0.00175705 0.00127938 0.000398129 0.00220743 0.00364323 -2.24538e-05 -0.00104052 0.000263212 0.000162507
internal_weight=80000 12380 7511 4722 4667 4617 67620 60018 32522 12542 9559 8692 5022 867 2983 1306 7602 3002 2765 27496 5363 2126 4542 1314 582 354 228 732 2789 2728
internal_count=80000 12380 7511 4722 4667 4617 67620 60018 32522 12542 9559 8692 5022 867 2983 1306 7602 3002 2765 27496 5363 2126 4542 1314 582 354 228 732 2789 2728
is_linear=0
shrinkage=0.05


Tree=175
num_leaves=31
num_cat=0
split_feature=6 9 6 11 6 7 7 7 11 11 11 7 11 11 7 7 11 6 7 11 11 6 7 11 7 7 11 7 11 7
split_gain=0.532067 0.212711 0.160732 0.466567 0.475011 0.703562 1.04628 0.506982 1.2317 0.356652 0.331268 0.468396 0.273827 0.670445 0.251723 0.375024 0.29276 1.40827 0.323489 1.76623 0.915031 0.289508 0.952868 0.876419 0.738456 0.729042 0.499639 0.501107 0.331789 0.285292
threshold=1.0000000180025095e-35 1.0000000180025095e-35 2.5000000000000004 101.79855550000001 3.5000000000000004 -0.79524513936823904 -0.49604984348761971 1.5983172276767157 101.79802750000002 101.79804450000002 101.79833950000001 0.80046310532839737 101.79598250000002 101.79802750000002 2.6953666459056533 1.2991219317960965 101.79820850000002 1.5000000000000002 1.7977807582637952 101.79814050000002 101.79801150000002 1.5000000000000002 1.1993901665025566 101.79818850000001 1.1993901665025566 0.80046310532839737 101.79830350000002 1.0996584012090167 101.79723250000002 2.3961713500250346
decision_type=2 2 2 2 2 2 2 2 2 2 2 2 2 2 2 2 2 2 2 2 2 2 2 2 2 2 2 2 2 2
left_child=-1 -2 10 4 5 -4 9 -6 -9 -7 14 -12 -8 -14 15 21 18 -18 19 -17 29 22 23 -3 26 -25 27 -23 -24 -20
right_child=1 2 3 -5 7 6 12 8 -10 -11 11 -13 13 -15 -16 16 17 -19 20 -21 -22 24 28 25 -26 -27 -28 -29 -30 -31
leaf_value=0.00012314566515318626 9.5900652927927531e-06 -0.00012643809046471104 -0.00058606629692407744 -0.0048988553329303592 9.672233525108209e-05 -0.0039682364052645103 -0.0030606156742978719 0.00051053352251142483 -0.0089050783119861612 -0.0086296312516332026 0.00059785815162083443 0.0055981241080517476 0.005163392611524046 -0.0023052510317575626 0.0026863323764461885 -0.0012081211105337334 0.0047744529011003447 -0.0041971349171888274 -0.00081257687007833953 -0.010321197426187039 0.0036901731740240709 0.00011872654304583564 0.0013902865258028727 -0.0011441252871655478 -0.0044951726626899736 -0.0055595756639595277 0.0029644920731541863 0.0044107153275833293 0.0065253555643073257 -0.0043558790902730035
leaf_weight=41841 15260 8130 2556 58 3562 112 59 97 54 65 349 54 55 66 76 627 101 77 300 58 111 4300 61 1417 82 100 168 69 65 70
leaf_count=41841 15260 8130 2556 58 3562 112 59 97 54 65 349 54 55 66 76 627 101 77 300 58 111 4300 61 1417 82 100 168 69 65 70
internal_value=4.00304e-09 -0.00013502 -0.000231388 -0.000437712 -0.000398588 -0.000876533 -0.00295543 -2.36076e-05 -0.0028603 -0.00568395 -0.000146337 0.00126909 -0.000270719 0.00109105 -0.00018242 -0.000196292 -0.000995015 0.000893308 -0.00128334 -0.00198113 -0.000289385 -0.000121696 -0.000275865 -0.000332308 0.000204497 -0.00143554 0.000289535 0.00018661 0.0040424 -0.00148393
internal_weight=80000 38159 22899 6684 6626 2913 357 3713 151 177 16215 403 180 121 15812 15736 1344 178 1166 685 481 14392 9773 9647 4619 1517 4537 4369 126 370
internal_count=80000 38159 22899 6684 6626 2913 357 3713 151 177 16215 403 180 121 15812 15736 1344 178 1166 685 481 14392 9773 9647 4619 1517 4537 4369 126 370
is_linear=0
shrinkage=0.05


Tree=176
num_leaves=31
num_cat=0
split_feature=6 6 6 7 10 10 11 10 10 11 7 10 11 11 11 11 10 10 7 10 10 10 7 6 3 7 2 7 7 11
split_gain=0.480204 0.192037 0.363306 0.493547 0.449822 1.01403 0.994786 1.295 0.687972 0.311273 0.279987 0.249209 0.332572 0.402002 0.46192 0.390407 0.376799 0.658814 0.58773 0.544923 0.288441 0.272931 0.243154 0.241214 0.322639 0.493035 0.355641 0.460829 0.277623 0.276442
threshold=1.0000000180025095e-35 2.5000000000000004 3.5000000000000004 -0.79524513936823904 3.0472355000000007 3.0445255000000002 101.79814850000001 3.0455775000000007 3.0436855000000005 101.79810450000001 0.10234074827361882 3.0416945000000006 101.79828350000001 101.79830750000001 101.79833550000002 101.79825650000002 3.0451055000000005 3.0460385000000003 0.60099957474131782 3.0446675000000005 3.0423975000000003 3.0469165000000005 -0.39631807819407994 1.5000000000000002 3.5000000000000004 2.1967078194379543 3.5000000000000004 -1.2939039658359379 0.90019487062193726 101.79492050000002
decision_type=2 2 2 2 2 2 2 2 2 2 2 2 2 2 2 2 2 2 2 2 2 2 2 2 2 2 2 2 2 2
left_child=-1 23 3 -3 5 8 7 -7 9 -5 -4 -12 15 -14 -15 16 19 18 -18 20 -13 -19 -6 24 25 29 -26 -28 -29 -2
right_child=1 2 10 4 22 6 -8 -9 -10 -11 11 12 13 14 -16 -17 17 21 -20 -21 -22 -23 -24 -25 26 -27 27 28 -30 -31
leaf_value=0.00011698840050040534 0.0013783158232847058 -0.00043392959450540752 0.0001609249343963853 -0.0043533772832139838 0.0019697361549467327 -0.0078495514799176644 -0.011103014620236801 0.001912397993517505 0.004173511603545006 -0.00051343654313632653 -0.0038332824793341695 -0.003745322797218488 0.0050244739969993726 -0.0039325636527236781 0.0015953245841038592 -0.0049329397927921495 -0.0010593565609214642 -0.0021835712689353614 0.005057365243381514 -0.0052553225700675953 -0.00046331866347868605 0.00010139266436512102 -0.0021580376212963028 0.00015494097318632694 -8.6476773615243836e-05 -0.0031155339207448382 -0.0025160223711165721 0.00080648272020927652 0.0035889321538032414 -0.00034219933391158849
leaf_weight=41841 239 4282 4465 87 95 71 56 65 56 134 57 78 54 51 145 54 61 194 110 84 469 400 57 9009 6178 158 100 1338 96 9916
leaf_count=41841 239 4282 4465 87 95 71 56 65 56 134 57 78 54 51 145 54 61 194 110 84 469 400 57 9009 6178 158 100 1338 96 9916
internal_value=2.18402e-09 -0.000128272 -0.000303123 -0.000624995 -0.00194217 -0.00270813 -0.00549966 -0.00318594 -0.000771913 -0.00202637 -4.94776e-05 -0.000584145 -0.000474984 0.00120892 0.000155674 -0.000765376 -0.000603825 0.000142237 0.00287603 -0.0015082 -0.000931918 -0.000645117 0.00042142 -5.6317e-05 -0.000161905 -0.000344833 8.27187e-05 0.000764094 0.000992993 -0.000301693
internal_weight=80000 38159 11125 4903 621 469 192 136 277 221 6222 1757 1700 250 196 1450 1396 765 171 631 547 594 152 27034 18025 10313 7712 1534 1434 10155
internal_count=80000 38159 11125 4903 621 469 192 136 277 221 6222 1757 1700 250 196 1450 1396 765 171 631 547 594 152 27034 18025 10313 7712 1534 1434 10155
is_linear=0
shrinkage=0.05


Tree=177
num_leaves=31
num_cat=0
split_feature=7 11 11 11 11 11 11 0 7 5 2 7 11 7 11 11 11 11 7 11 7 7 11 11 11 11 7 11 11 7
split_gain=0.145494 0.153997 0.365561 0.26097 0.185388 0.198879 0.314932 0.2206 0.16306 0.141175 0.194483 0.212294 0.27546 0.158738 0.200969 0.114151 0.0952143 0.23884 0.112312 0.0837096 0.199422 0.520842 0.452647 0.272876 0.156518 0.15341 0.150173 0.146821 0.136331 0.354056
threshold=-1.6928310270100968 101.79800750000001 101.79792650000002 101.79806850000001 101.79755350000001 101.79509050000001 101.79541450000001 1.5000000000000002 -1.8922945575971761 1.0000000180025095e-35 1.5000000000000002 -1.9920263228907162 101.79818050000002 -1.7925627923036365 101.79818850000001 101.79835850000002 101.79709750000002 101.79661050000001 -1.9920263228907162 101.79537150000002 1.5983172276767157 2.0969760541444149 101.79492050000002 101.79515850000001 101.79602750000002 101.79524350000001 1.498585462383176 101.79504950000002 101.79600650000002 0.80046310532839737
decision_type=2 2 2 2 2 2 2 2 2 2 2 2 2 2 2 2 2 2 2 2 2 2 2 2 2 2 2 2 2 2
left_child=1 2 4 -3 5 -1 -7 8 -8 10 11 -5 -13 14 -12 -16 17 18 -9 20 26 23 -23 -22 28 -25 -2 -28 -21 -30
right_child=19 3 -4 9 -6 6 7 16 -10 -11 13 12 -14 -15 15 -17 -18 -19 -20 24 21 22 -24 25 -26 -27 27 -29 29 -31
leaf_value=0.0016719588110171988 -8.9009502848845328e-05 0.002470512782448411 -0.005035607463581334 0.001150680985276091 0.0015184970790582239 -0.003880483503570344 0.0020786336477522224 -0.0041247445199000185 -0.00086568076422399601 -0.0022087843208923965 -0.0024833705824052889 0.00033711446576636288 -0.0040125403885397813 0.0023858986435836668 0.0024563609135529914 -0.0002725036047216444 -0.0028331640999584018 0.00078883571154268793 -0.0012723915350569862 0.00017917144815055076 -0.0012242519731219541 -0.0028164656390478023 0.0013839509307959888 -0.0061942262831554112 -2.549632591902876e-06 -0.002705380146547681 0.0037354030314053332 -5.660545526399531e-05 0.00037419949596990531 0.0044891689766660544
leaf_weight=66 7723 97 51 68 86 94 96 53 92 85 59 62 88 103 69 86 95 110 99 9437 242 83 281 51 60123 83 51 51 250 66
leaf_count=66 7723 97 51 68 86 94 96 53 92 85 59 62 88 103 69 86 95 110 99 9437 242 83 281 51 60123 83 51 51 250 66
internal_value=8.24137e-11 -0.00047828 -0.00093681 6.02448e-05 -0.000671935 -0.000939314 -0.00120924 -0.000747888 0.000638105 -0.000317183 -1.62917e-05 -0.00116556 -0.00221566 0.000774175 -2.31304e-06 0.000943082 -0.00147774 -0.000985376 -0.00226902 9.5064e-06 -0.000138025 -0.000922515 0.000425653 -0.00222742 2.75901e-05 -0.00403685 -6.38257e-05 0.0018412 0.000213387 0.0012348
internal_weight=80000 1559 842 717 791 705 639 545 188 620 535 218 150 317 214 155 357 262 152 78441 8565 740 364 376 69876 134 7825 102 9753 316
internal_count=80000 1559 842 717 791 705 639 545 188 620 535 218 150 317 214 155 357 262 152 78441 8565 740 364 376 69876 134 7825 102 9753 316
is_linear=0
shrinkage=0.05


Tree=178
num_leaves=31
num_cat=0
split_feature=6 1 11 1 7 11 11 11 11 1 7 7 11 11 11 7 11 11 11 4 7 11 7 6 11 11 11 11 11 7
split_gain=0.429843 0.189633 0.159421 0.139234 0.135629 0.506541 0.285478 0.62658 0.720528 0.628561 0.596904 1.86498 0.59162 0.207159 0.20573 0.415525 0.513131 0.283569 0.444581 0.365805 0.290827 0.804596 0.533087 0.779732 0.344504 1.42971 0.74601 0.238552 0.361312 0.231312
threshold=1.0000000180025095e-35 1.5000000000000002 101.79863350000001 1.5000000000000002 1.2991219317960965 101.79829950000001 101.79826050000001 101.79822850000001 101.79819650000002 2.5000000000000004 1.7977807582637952 1.5983172276767157 101.79784650000002 101.79812050000001 101.79766150000002 0.99992663591547692 101.79618350000001 101.79795050000001 101.79797650000002 1.0000000180025095e-35 0.70073134003485771 101.79830750000001 0.60099957474131782 1.5000000000000002 101.79815250000001 101.79820450000001 101.79810850000001 101.79799150000001 101.79800350000001 0.40153604415423816
decision_type=2 2 2 2 2 2 2 2 2 2 2 2 2 2 2 2 2 2 2 2 2 2 2 2 2 2 2 2 2 2
left_child=3 2 -2 -1 14 6 7 8 9 10 11 -6 -11 -12 15 -3 -17 19 -19 29 22 24 27 -24 26 -26 -22 -20 -29 -16
right_child=1 4 -4 -5 5 -7 -8 -9 -10 12 13 -13 -14 -15 17 16 -18 18 20 -21 21 -23 23 -25 25 -27 -28 28 -30 -31
leaf_value=-8.7432597659523931e-07 3.6610327782524186e-06 -0.00010186098584067695 0.0022830316017701351 0.00018525579994421376 0.0032700296952830944 0.0027756468778527203 -0.0038048997536306384 0.004298664264910902 -0.0059717863793977595 -0.00097296705556006678 0.0019885998640059243 -0.0076407496379185371 -0.0065345209530608614 0.005892285297657238 -0.0018307955711759586 0.00045045612528903448 0.004309395378776189 0.0044069646195668407 -0.0031862382984944948 0.00039612843332557669 -0.0010193822875957132 -0.005678004609230747 -0.0012761610646790458 0.0065224723160212418 -0.0067085055206326299 0.00064857887507318917 0.0044545722576943532 0.0015748828728048626 -0.00032226103649659178 -0.0052972238039069412
leaf_weight=16764 15183 11841 77 25077 109 102 78 60 67 1052 74 61 50 63 308 334 116 50 70 177 218 91 59 70 100 194 87 260 7151 57
leaf_count=16764 15183 11841 77 25077 109 102 78 60 67 1052 74 61 50 63 308 334 116 50 70 177 218 91 59 70 100 194 87 260 7151 57
internal_value=-8.5927e-10 -0.000121363 1.51773e-05 0.000110681 -0.000212353 -0.000639879 -0.000855888 -0.000705896 -0.000909611 -0.00066849 0.00133204 -0.000647205 -0.00122588 0.00378671 -0.000177717 -4.51813e-05 0.00144594 -0.000360913 -0.000288965 -0.00146907 -0.000317307 -0.00130015 -0.000228176 0.00295743 -0.000634228 -0.00185526 0.000542989 -0.000283147 -0.000255683 -0.00237343
internal_weight=80000 38159 15260 41841 22899 1716 1614 1536 1476 1409 307 170 1102 137 21183 12291 450 8892 8350 542 8300 690 7610 129 599 294 305 7481 7411 365
internal_count=80000 38159 15260 41841 22899 1716 1614 1536 1476 1409 307 170 1102 137 21183 12291 450 8892 8350 542 8300 690 7610 129 599 294 305 7481 7411 365
is_linear=0
shrinkage=0.05


Tree=179
num_leaves=31
num_cat=0
split_feature=7 11 10 10 10 5 10 10 3 3 10 11 10 11 5 10 11 11 10 11 11 10 3 10 7 7 11 10 10 11
split_gain=0.128529 0.14031 0.336861 0.450357 0.270184 0.302326 0.228576 0.281207 0.227316 0.555712 0.291686 0.175749 0.170968 0.163366 0.133837 0.128875 0.112716 0.110005 0.106727 0.163044 0.0926105 0.107057 0.0990096 0.192957 0.0750679 0.194496 0.47538 0.273311 0.765047 0.612427
threshold=-1.6928310270100968 101.79800750000001 3.0441405000000006 3.0435585000000005 3.0476125000000005 1.0000000180025095e-35 3.0448515000000005 3.0457225000000006 3.5000000000000004 2.5000000000000004 3.0430045000000003 101.79818050000002 3.0427675000000005 101.79820050000002 1.0000000180025095e-35 3.0425555000000002 101.79808450000002 101.79562450000002 3.0480935000000007 101.79833550000002 101.79757950000001 3.0465365000000006 4.5000000000000009 3.0476125000000005 2.6953666459056533 2.7950984111991932 101.79819650000002 3.0476395000000003 3.0465015000000002 101.79822450000002
decision_type=2 2 2 2 2 2 2 2 2 2 2 2 2 2 2 2 2 2 2 2 2 2 2 2 2 2 2 2 2 2
left_child=1 2 3 12 5 8 -4 -8 9 13 -10 16 -1 -3 20 -15 -12 -5 24 -20 21 -9 23 -23 -2 26 -26 28 -27 -30
right_child=18 4 6 17 -6 -7 7 14 10 -11 11 -13 -14 15 -16 -17 -18 -19 19 -21 -22 22 -24 -25 25 27 -28 -29 29 -31
leaf_value=-0.0022817062330812705 4.4018757950093256e-08 -0.0012068526537693009 0.0029591023555515252 -0.0032865897385778854 -0.0023879623447590915 -0.0022467893819945557 -0.003366811402542982 0.0010579601602798885 0.0018507916762345172 0.0063072331754334748 -0.0018345761562099682 -0.0036631384289767693 0.00092673227128529142 7.1609293730737092e-05 0.002315713876542432 0.0035776113981411486 0.0012294087401889685 -0.0065344958011145414 0.00035741350462450099 0.0035482426986210903 0.0014835215276212325 -0.0042258981452205314 -0.00012665096045199202 -0.0004478837239795027 0.0032694125079588427 -0.0003487490968078549 -0.0019528187650184219 -0.0017421199627036454 0.0014065090844798817 0.0082042193069994575
leaf_weight=85 77149 70 52 53 97 89 74 70 123 58 58 55 81 50 53 55 62 52 173 52 58 59 126 79 152 541 61 165 98 50
leaf_count=85 77149 70 52 53 97 89 74 70 123 58 58 55 81 50 53 55 62 52 173 52 58 59 126 79 152 541 61 165 98 50
internal_value=-1.25032e-09 -0.000449532 -0.000887211 -0.00233855 6.45025e-05 0.000448518 -0.00019811 -0.000514948 0.000900612 0.0020702 -1.42538e-05 -0.00132542 -0.000716527 0.000663128 -4.00558e-05 0.00190974 -0.000251812 -0.00489976 8.93366e-06 0.0010961 -0.000359075 -0.000679395 -0.00114028 -0.00206501 5.80487e-06 0.000422302 0.00177363 8.50928e-05 0.000522858 0.00370702
internal_weight=80000 1559 842 271 717 620 571 519 531 233 298 175 166 175 445 105 120 105 78441 225 392 334 264 138 78216 1067 213 854 689 148
internal_count=80000 1559 842 271 717 620 571 519 531 233 298 175 166 175 445 105 120 105 78441 225 392 334 264 138 78216 1067 213 854 689 148
is_linear=0
shrinkage=0.05


Tree=180
num_leaves=31
num_cat=0
split_feature=8 8 7 6 2 8 0 7 6 4 1 8 7 0 7 4 4 1 8 8 0 8 0 0 1 6 8 7 4 4
split_gain=1.63764 0.905351 0.854719 0.627684 1.00912 0.524633 0.742801 0.893351 0.709752 0.664599 0.511168 0.645338 0.781867 1.01009 0.676743 0.555996 0.506935 0.800748 1.30396 0.651827 0.50294 0.478965 0.881724 0.696947 0.660994 1.08844 1.27209 0.690219 0.571692 0.506226
threshold=-1.700120759500092 -0.55749786150795455 2.2964395847314942 2.5000000000000004 1.5000000000000002 -0.20051192678942623 2.5000000000000004 -1.194172200542398 3.5000000000000004 1.0000000180025095e-35 1.5000000000000002 -1.2620929896953685 -0.99470866995531859 4.5000000000000009 -1.8922945575971761 1.0000000180025095e-35 1.0000000180025095e-35 2.5000000000000004 -0.79124662551689706 -1.0712093285419342 3.5000000000000004 0.35606464310006175 4.5000000000000009 2.5000000000000004 1.5000000000000002 1.0000000180025095e-35 0.51747854604033428 1.2991219317960965 1.0000000180025095e-35 1.0000000180025095e-35
decision_type=2 2 2 2 2 2 2 2 2 2 2 2 2 2 2 2 2 2 2 2 2 2 2 2 2 2 2 2 2 2
left_child=2 10 -1 21 5 8 -7 -8 -5 -10 20 12 13 14 -12 -15 -13 18 19 -18 -2 22 -3 -23 -25 26 -26 -28 -24 -27
right_child=1 3 -4 4 -6 6 7 -9 9 -11 11 16 -14 15 -16 -17 17 -19 -20 -21 -22 23 28 24 25 29 27 -29 -30 -31
leaf_value=0.0012993394810283511 -0.00041885395511036304 -6.7137261549955675e-05 0.0068997415967263376 -0.0032836270111658936 -0.00012109177812409188 -0.0013100734366194009 0.0012294323705199809 -0.0055140662142539503 -0.0011944184434526982 0.0026175705781422845 0.0023843072619894315 4.5006498165985038e-07 0.0010613405856588598 0.00025882106257078987 -0.0030917467956978833 0.0057758428600523763 0.00088186955844146145 0.0017412940559931372 0.0024894096793175737 -0.0039681452879638882 0.00028781862617980523 6.1065626983553874e-05 0.00039387583437183895 -6.4312196934854673e-06 0.0023236054339214702 -0.0021540057012418884 -0.00042788848940607721 -0.0028247049991303739 0.0017965491565921214 -0.00074956328127615056
leaf_weight=1634 5028 14337 71 199 2336 449 59 292 299 185 67 8396 4686 143 355 67 98 1094 209 236 5043 12901 2342 6375 414 1468 8713 311 1053 1140
leaf_count=1634 5028 14337 71 199 2336 449 59 292 299 185 67 8396 4686 143 355 67 98 1094 209 236 5043 12901 2342 6375 414 1468 8713 311 1053 1140
internal_value=-1.00583e-09 -3.33853e-05 0.00153294 -0.000151281 -0.000768701 -0.00178873 -0.00265761 -0.00438052 -0.000770763 0.000262883 0.000211816 0.000393415 0.000838693 -0.000812049 -0.00222197 0.00202093 0.000157389 0.000962261 -0.000607314 -0.00254525 -6.49921e-05 -0.000103212 0.000104437 -0.000220766 -0.000418144 -0.000636029 -0.000386179 -0.000510522 0.000828972 -0.00154015
internal_weight=80000 78295 1705 52873 3819 1483 800 351 683 484 25422 15351 5318 632 422 210 10033 1637 543 334 10071 49054 17732 31322 18421 12046 9438 9024 3395 2608
internal_count=80000 78295 1705 52873 3819 1483 800 351 683 484 25422 15351 5318 632 422 210 10033 1637 543 334 10071 49054 17732 31322 18421 12046 9438 9024 3395 2608
is_linear=0
shrinkage=0.05


Tree=181
num_leaves=31
num_cat=0
split_feature=8 8 9 9 6 10 6 10 10 10 2 10 10 10 10 10 3 10 10 6 10 10 10 6 6 8 8 8 2 2
split_gain=1.47802 0.81709 0.899963 0.58193 0.854345 0.596607 0.516519 1.51807 0.990432 1.87911 0.958424 1.76969 3.44627 0.657036 0.970808 0.611092 0.821692 0.832995 0.615101 0.573945 0.534963 0.653164 0.823009 0.44794 1.07859 0.533732 0.512702 0.952939 0.896604 0.597815
threshold=-1.700120759500092 -0.55749786150795455 -1.117930881447166 -1.117930881447166 2.5000000000000004 3.0445605000000007 1.0000000180025095e-35 3.0458985000000003 3.0463955000000005 3.0467435000000003 1.0000000180025095e-35 3.0453275000000004 3.0446335000000002 3.0475565000000002 3.0472355000000007 3.0456485000000004 1.0000000180025095e-35 3.0435085000000002 3.0419025000000004 2.5000000000000004 3.0477455000000004 3.0479115000000006 3.0480115000000003 2.5000000000000004 3.5000000000000004 -1.568176614772981 -0.98882795899150466 -1.186409292466112 1.0000000180025095e-35 3.5000000000000004
decision_type=2 2 2 2 2 2 2 2 2 2 2 2 2 2 2 2 2 2 2 2 2 2 2 2 2 2 2 2 2 2
left_child=6 2 -2 -3 -5 -6 7 -1 10 -10 11 12 -8 14 -11 16 19 18 -18 -12 -15 -22 -23 25 -25 -4 27 -26 -29 -28
right_child=1 3 23 4 5 -7 8 -9 9 13 15 -13 -14 20 -16 -17 17 -19 -20 -21 21 22 -24 24 26 -27 29 28 -30 -31
leaf_value=-0.0003131002788718648 -0.00039791167094952763 0.00018608049008806467 0.0015898842560399214 -0.00016466209857186857 -0.00041426499281769287 -0.0018295254006396031 0.0011216531733688922 0.0087095174924433482 -0.0077696523542544089 0.00010903559290600111 0.00063052225529453324 0.00016680043217934883 0.018841343636905164 -0.0033588341091650813 0.0075741005985869754 0.0057526226625439006 -0.00091048954964355246 -0.0010976617244743384 0.0042316386513003186 -0.0062256392498122723 0.0034866349023486842 -0.0058258286850304394 0.0027737322430740402 -0.00066231992961272022 0.001088432836315503 0.00040588412184981108 0.0026891651994590962 -0.0057164292175122646 -0.00038895349780417585 -0.00092332715525026982
leaf_weight=99 5028 10675 1020 39176 1692 1330 58 88 76 110 60 94 52 119 72 70 74 176 271 62 112 61 51 3018 1026 14226 544 106 309 145
leaf_count=99 5028 10675 1020 39176 1692 1330 58 88 76 110 60 94 52 119 72 70 74 176 271 62 112 61 51 3018 1026 14226 544 106 309 145
internal_value=-5.56537e-10 -3.17161e-05 0.000201227 -0.000143718 -0.000227149 -0.00103717 0.00145632 0.00393522 0.00115071 -0.000426849 0.00218457 0.00520577 0.00950774 0.000637387 0.00306479 0.00131955 0.000836128 0.00170108 0.00312875 -0.002856 -0.000651139 0.000788181 -0.00191098 0.000348941 -5.43201e-05 0.000485107 0.000807146 0.000270698 -0.00175076 0.00192889
internal_weight=80000 78295 25422 52873 42198 3022 1705 187 1518 601 917 204 110 525 182 713 643 521 345 122 343 224 112 20394 5148 15246 2130 1441 415 689
internal_count=80000 78295 25422 52873 42198 3022 1705 187 1518 601 917 204 110 525 182 713 643 521 345 122 343 224 112 20394 5148 15246 2130 1441 415 689
is_linear=0
shrinkage=0.05


Tree=182
num_leaves=31
num_cat=0
split_feature=8 8 9 8 3 0 10 3 10 10 0 3 8 8 8 10 8 10 8 10 10 3 8 10 8 10 10 10 10 10
split_gain=1.33407 0.772505 0.683606 0.711384 0.612177 0.935797 0.495065 0.452733 0.454868 0.652505 0.43378 1.12076 0.555553 0.61167 0.542006 0.432622 0.799233 0.741958 0.611753 0.670455 0.691847 0.516562 0.500785 0.417963 0.658839 0.412058 1.37512 0.657496 1.99518 1.33331
threshold=-1.700120759500092 0.11963681016264981 0.45124090117685461 0.29712512667373797 4.5000000000000009 4.5000000000000009 3.0436855000000005 4.5000000000000009 3.0446675000000005 3.0474865000000002 4.5000000000000009 4.5000000000000009 -0.94864192506446587 -0.22462354714564947 -1.2111906800544525 3.0435085000000002 -1.5835812611116793 3.0434295000000007 -1.6257765967350701 3.0426605000000007 3.0415855000000005 2.5000000000000004 -1.4730696678123223 3.0451055000000005 0.83092961067123716 3.0463955000000005 3.0467435000000003 3.0475565000000002 3.0473095000000003 3.0471305000000002
decision_type=2 2 2 2 2 2 2 2 2 2 2 2 2 2 2 2 2 2 2 2 2 2 2 2 2 2 2 2 2 2
left_child=25 10 -3 6 23 -6 -4 8 -8 -10 -2 14 -13 -14 15 17 -17 18 21 20 -20 -12 -18 -5 -25 -1 -27 28 29 -28
right_child=1 2 3 4 5 -7 7 -9 9 -11 11 12 13 -15 -16 16 22 -19 19 -21 -22 -23 -24 24 -26 26 27 -29 -30 -31
leaf_value=0.0020112464212557429 3.8526059929669534e-05 -2.4871768317052415e-05 0.0016236798479521823 -0.00062832634487901588 0.0004901669792499216 -0.00086303874827807915 -0.0012189280815804219 -0.0015858509667011492 0.0022860397856496318 -0.0024176511032864469 0.0006363778173834664 0.0034926965779571301 0.0001612856803647066 0.0023255008186295304 -0.00012755242273699885 0.0047160276180125138 -0.00374897515637518 0.0072045468684924299 0.0061181947395730395 0.0031430971849936112 5.2361872967473701e-05 -0.0060371194169683466 -3.3924406886967481e-05 -0.00057126708630069671 -0.0022318051525021931 -0.005560001411821858 0.0041777913418561859 6.7591569150043295e-05 0.011803189255538193 -0.0056729331645295165
leaf_weight=1032 33273 22593 616 5130 2604 2508 240 365 406 90 67 318 705 608 4711 69 125 53 51 403 587 51 330 1157 1235 84 94 387 54 54
leaf_count=1032 33273 22593 616 5130 2604 2508 240 365 406 90 67 318 705 608 4711 69 125 53 51 403 587 51 330 1157 1235 84 94 387 54 54
internal_value=9.30119e-10 -3.01306e-05 -0.00019629 -0.000466154 -0.00059593 -0.000173734 0.000488743 -0.000146334 0.000567675 0.00143223 0.00011832 0.000446985 0.00161786 0.00116355 0.00015075 0.000905945 -0.000294443 0.00142491 0.00116001 0.00154679 0.000538131 -0.0022506 -0.00105514 -0.000882851 -0.00142867 0.00138359 0.000420956 0.00127473 0.00358623 0.000582204
internal_weight=80000 78295 36944 14351 12634 5112 1717 1101 736 496 41351 8078 1631 1313 6447 1736 524 1212 1159 1041 638 118 455 7522 2392 1705 673 589 202 148
internal_count=80000 78295 36944 14351 12634 5112 1717 1101 736 496 41351 8078 1631 1313 6447 1736 524 1212 1159 1041 638 118 455 7522 2392 1705 673 589 202 148
is_linear=0
shrinkage=0.05


Tree=183
num_leaves=31
num_cat=0
split_feature=8 3 8 5 7 8 6 11 7 5 1 6 8 7 8 1 11 8 11 7 8 1 7 1 1 8 8 8 1 1
split_gain=1.21844 0.741175 0.657322 0.817365 1.31077 1.21386 0.699842 0.708437 0.694122 0.690811 1.1709 0.656796 0.617809 0.548896 0.542221 1.10694 0.666583 0.525392 0.503354 0.637985 0.497482 0.897725 0.836017 0.533653 0.506276 0.746984 0.798634 0.644558 1.47146 0.625669
threshold=-1.6472091481628242 4.5000000000000009 0.11963681016264981 1.0000000180025095e-35 -0.49604984348761971 -1.3772929536195466 1.0000000180025095e-35 101.79598250000002 -0.29658631290054016 1.0000000180025095e-35 3.5000000000000004 3.5000000000000004 -0.47578625918964224 2.2964395847314942 0.86173890334863368 1.5000000000000002 101.79771750000002 0.61325526023311017 101.79846450000001 -0.097122782313460637 -0.79124662551689706 3.5000000000000004 0.60099957474131782 1.5000000000000002 3.5000000000000004 -1.124120939879202 -1.2111906800544525 -1.030353527382778 1.5000000000000002 1.0000000180025095e-35
decision_type=2 2 2 2 2 2 2 2 2 2 2 2 2 2 2 2 2 2 2 2 2 2 2 2 2 2 2 2 2 2
left_child=1 13 3 -2 -5 8 7 12 -6 11 14 -4 -7 -1 16 -16 -11 -12 19 -10 24 22 23 -22 27 26 -26 29 -29 -8
right_child=2 -3 9 4 5 6 20 -9 18 10 17 -13 -14 -15 15 -17 -18 -19 -20 -21 21 -23 -24 -25 25 -27 -28 28 -30 -31
leaf_value=0.0011402930669905502 0.00028756807952589545 -0.0032927870513251795 -0.00010261243520790961 -0.0021213841133564848 0.0057147889143306166 0.00054171502898469573 -0.0023245727097665229 -0.0002491628434380949 -0.0033030221429768687 0.0012765281887467809 -0.0046897033193972161 -0.0016233175032630356 0.0033059390594801837 0.0049655661009447641 0.00042312960036450107 -0.0061537392839493537 -0.00098263523754347636 -0.0010408738592747845 0.0029171044496498783 0.00062236434999989607 -0.002226634264008378 0.00069521693476615437 -0.0011830679621927711 -0.0057417073177170484 -0.0017642184609169464 -0.0031986184068007423 0.0033972359386215166 0.0028316996921705709 -0.0011362323397511294 -0.00013601254908234312
leaf_weight=2135 24448 91 34179 817 69 1308 424 5224 107 552 278 725 239 98 141 117 799 153 229 3090 235 386 919 200 205 356 118 498 440 1420
leaf_count=2135 24448 91 34179 817 69 1308 424 5224 107 552 278 725 239 98 141 117 799 153 229 3090 235 386 919 200 205 356 118 498 440 1420
internal_value=2.11293e-09 0.00112809 -3.37507e-05 0.000104772 -0.00016967 -6.65636e-05 -0.000305891 2.91557e-05 0.00075323 -0.000186476 -0.00108079 -0.000134204 0.000968953 0.00130839 -0.000460725 -0.00256063 -5.9546e-05 -0.00339495 0.00065314 0.000490887 -0.000742069 -0.00143172 -0.00203807 -0.00384371 -0.000395321 -0.00161928 0.000121858 -9.65418e-05 0.000970487 -0.000639338
internal_weight=80000 2324 77676 40732 16284 15467 11972 6771 3495 36944 2040 34904 1547 2233 1609 258 1351 431 3426 3197 5201 1740 1354 435 3461 679 323 2782 938 1844
internal_count=80000 2324 77676 40732 16284 15467 11972 6771 3495 36944 2040 34904 1547 2233 1609 258 1351 431 3426 3197 5201 1740 1354 435 3461 679 323 2782 938 1844
is_linear=0
shrinkage=0.05


Tree=184
num_leaves=31
num_cat=0
split_feature=6 10 10 10 11 3 11 6 6 3 10 6 0 11 10 11 10 11 6 10 10 3 11 11 3 10 10 11 11 11
split_gain=0.416274 0.158128 0.179242 0.209981 0.445083 0.23607 0.214203 0.201561 0.356008 0.318929 0.333851 0.17617 0.3489 0.176311 0.166452 0.356516 0.162686 0.250868 0.263226 0.161903 0.161163 0.2538 0.536062 0.188093 0.160051 0.756862 0.198638 0.156085 0.154679 0.369932
threshold=1.0000000180025095e-35 3.0476205000000003 3.0475215000000007 3.0472355000000007 101.79828350000001 3.5000000000000004 101.79827650000001 2.5000000000000004 3.5000000000000004 5.5000000000000009 3.0468805000000003 2.5000000000000004 2.5000000000000004 101.79827250000001 3.0415855000000005 101.79854750000001 3.0477275000000006 101.79687950000002 1.5000000000000002 3.0476775000000003 3.0478665000000005 1.0000000180025095e-35 101.79739150000002 101.79709750000002 1.5000000000000002 3.0462115000000005 3.0445255000000002 101.79613750000001 101.79752850000001 101.79777150000001
decision_type=2 2 2 2 2 2 2 2 2 2 2 2 2 2 2 2 2 2 2 2 2 2 2 2 2 2 2 2 2 2
left_child=-1 2 3 7 6 -6 11 14 9 10 24 13 -13 27 15 -2 17 -3 19 -19 21 22 23 -18 25 -9 -26 -5 -10 -30
right_child=1 16 -4 4 5 -7 -8 8 28 -11 -12 12 -14 -15 -16 -17 20 18 -20 -21 -22 -23 -24 -25 26 -27 -28 -29 29 -31
leaf_value=0.00010892223284490616 0.0044861290799477491 0.00027447142887264549 -0.00080957529420748768 -0.0020164221304126997 -0.00045928525947248146 -0.0044927737364356879 0.0024656992494817764 -0.00078019447935498767 0.00023638715117228035 0.00041991975501113926 -0.0030574147824649128 0.00057905272422058469 0.0049259205582745129 -0.0025426045297881534 -0.00011090385664561126 0.00031151311466415168 0.00091081887402268244 0.0021977656336666885 0.0036673009740119896 -0.0016352562208452048 0.00016315278468580438 -0.00015827317831525688 -0.0061662053527097522 -0.0018229630494516317 -0.00070010460160856831 0.0036720062713810515 -0.0017504181258968599 0.00065812562748432694 -0.0037362307158473789 -0.00024219195658159405
leaf_weight=41841 59 1484 1059 61 94 59 175 878 2016 498 176 180 62 57 19555 380 104 55 120 55 3702 1944 55 159 1252 107 703 509 78 2523
leaf_count=41841 59 1484 1059 61 94 59 175 878 2016 498 176 180 62 57 19555 380 104 55 120 55 3702 1944 55 159 1252 107 703 509 78 2523
internal_value=1.18383e-09 -0.00011943 -0.000170514 -0.000147509 0.00050109 -0.0020166 0.00087022 -0.000175017 -0.000383263 -0.000754928 -0.0009427 0.000548674 0.00169429 0.000106308 -8.92863e-05 0.00087346 8.33688e-05 0.000512677 0.00204884 0.00028151 -4.00171e-05 -0.000372518 -0.00168178 -0.000741989 -0.000816005 -0.000296231 -0.00107786 0.000371599 -9.23294e-05 -0.000347112
internal_weight=80000 38159 30481 29422 1197 153 1044 28225 8231 3614 3116 869 242 627 19994 439 7678 1714 230 110 5964 2262 318 263 2940 985 1955 570 4617 2601
internal_count=80000 38159 30481 29422 1197 153 1044 28225 8231 3614 3116 869 242 627 19994 439 7678 1714 230 110 5964 2262 318 263 2940 985 1955 570 4617 2601
is_linear=0
shrinkage=0.05


Tree=185
num_leaves=31
num_cat=0
split_feature=8 7 8 9 9 3 7 8 2 8 7 8 8 8 8 7 8 8 3 8 8 8 8 8 2 9 8 7 8 1
split_gain=1.11877 0.67871 0.670674 0.752122 0.397421 0.399655 0.514713 0.351504 1.83225 0.424379 0.325846 1.05874 1.00247 0.615339 0.646673 0.493021 0.462239 0.402768 0.359657 0.343331 1.19999 0.701778 0.334674 0.322472 0.549197 0.31861 1.08775 0.791752 0.748096 1.21523
threshold=-1.700120759500092 2.2964395847314942 -0.6619815497182554 -1.117930881447166 -1.117930881447166 4.5000000000000009 -1.6928310270100968 0.50140413246951887 1.0000000180025095e-35 0.85169239486687409 1.0000000180025095e-35 -0.80397220292712601 -1.1984651026442237 -1.416809220314468 -1.568176614772981 0.40153604415423816 -1.0712093285419342 -1.2989301874618209 3.5000000000000004 -1.1736837150558832 -1.3371069196925081 -0.89506054649508071 -0.96069773524257751 -0.47578625918964224 2.5000000000000004 0.45124090117685461 -0.21189796973542055 0.30180427886069844 -0.28892120142891164 3.5000000000000004
decision_type=2 2 2 2 2 2 2 2 2 2 2 2 2 2 2 2 2 2 2 2 2 2 2 2 2 2 2 2 2 2
left_child=1 -1 3 10 -4 6 -6 25 9 -9 19 12 13 14 -12 16 -14 -15 -17 20 -2 -21 -20 24 -7 28 27 -27 29 -8
right_child=2 -3 4 -5 5 23 7 8 -10 -11 11 -13 15 17 -16 18 -18 -19 22 21 -22 -23 -24 -25 -26 26 -28 -29 -30 -31
leaf_value=0.0010588727054378318 -0.0015686077172008515 0.006049397757798225 0.00014483035479378412 0.00034172775434780189 -0.0034033228925818074 0.0024268758220296937 -0.00078936115018216025 -0.00083998576585004106 -0.00018059839678380191 -0.0021334648294903391 -0.0016309510534655326 -0.0026586105765756016 0.0025272364870240803 -0.0027019382992309118 0.0017453848197380066 0.002774595914380978 -0.0025218231857118919 -0.00028687699202747669 -0.0015597815136120846 -0.0026908435737927772 0.0024391926363529692 -0.00020925016734254137 0.0028466666001056668 -3.5658919219669467e-05 -0.00040274176585763059 3.3543620090554303e-05 0.00061704836687523411 -0.0015976530953105566 -0.0007221705347088505 0.0014175690438316992
leaf_weight=1634 500 71 11151 18420 133 358 1212 1026 10802 1661 214 330 72 362 420 585 122 330 107 558 298 582 72 15085 329 1906 4394 1220 4761 1285
leaf_count=1634 500 71 11151 18420 133 358 1212 1026 10802 1661 214 330 72 362 420 585 122 330 107 558 298 582 72 15085 329 1906 4394 1220 4761 1285
internal_value=7.86608e-10 0.00126703 -2.75924e-05 0.000199504 -0.000121891 -0.000189224 -0.000301302 -0.000286695 -0.000471243 -0.00163961 -0.000376007 -1.17518e-05 0.000370775 -0.000519584 0.000605661 0.00160308 -0.000647609 -0.00155046 0.0021746 -0.000867294 -7.18424e-05 -0.00142405 0.000213244 1.25921e-05 0.00107193 -0.000118241 0.000109841 -0.000603103 -0.000354555 0.000346375
internal_weight=80000 1705 78295 22972 55323 44172 28400 28267 13489 2687 4552 2614 2284 1326 634 958 194 692 764 1938 798 1140 179 15772 687 14778 7520 3126 7258 2497
internal_count=80000 1705 78295 22972 55323 44172 28400 28267 13489 2687 4552 2614 2284 1326 634 958 194 692 764 1938 798 1140 179 15772 687 14778 7520 3126 7258 2497
is_linear=0
shrinkage=0.05


Tree=186
num_leaves=31
num_cat=0
split_feature=5 7 7 7 10 10 7 9 10 10 10 7 10 10 7 7 7 0 10 10 10 10 10 10 3 3 10 3 0 7
split_gain=0.128062 0.285059 0.405862 0.43331 0.533856 0.78934 0.465191 0.743861 0.307865 0.305561 0.236569 0.148431 0.148053 0.140303 0.20148 0.177529 0.287595 0.279355 0.593472 0.722344 0.271503 0.671483 0.354583 0.546441 0.281281 0.258257 0.239362 0.181325 0.152664 0.305765
threshold=1.0000000180025095e-35 -0.99470866995531859 -1.0944404352488581 -1.194172200542398 3.0425035000000005 3.0455415000000006 -1.8922945575971761 0.45124090117685461 3.0473465000000002 3.0465695000000004 3.0480935000000007 -0.8949769046617787 3.0478025000000004 3.0415855000000005 0.40153604415423816 0.40153604415423816 0.50126780944777805 4.5000000000000009 3.0451055000000005 3.0440025000000004 3.0418505000000002 3.0419795000000005 3.0420845000000005 3.0423715000000002 2.5000000000000004 3.5000000000000004 3.0416115000000006 1.5000000000000002 4.5000000000000009 1.1993901665025566
decision_type=2 2 2 2 2 2 2 2 2 2 2 2 2 2 2 2 2 2 2 2 2 2 2 2 2 2 2 2 2 2
left_child=-1 2 3 4 -2 6 -6 -8 9 -7 11 -3 -10 14 -13 20 17 18 19 -17 24 -22 -23 -24 -15 26 -18 -20 -27 -30
right_child=1 10 -4 -5 5 8 7 -9 12 -11 -12 13 -14 15 -16 16 25 -19 27 -21 21 22 23 -25 -26 28 -28 -29 29 -31
leaf_value=3.6716714246041474e-05 0.002146578695535827 0.0017993436859787321 -0.0043312487148576499 0.0030042097601124633 -0.00042183772175270257 -0.00040730436699619525 -0.0021139496087961332 -0.0095118095976328854 -0.0037793036096468711 0.0048240289522405574 0.0031972450735351706 0.0036693472857628542 1.0301978836790615e-05 -0.00017971701508032569 0.00036410409146621505 0.0017012357083872266 -0.0031824963602715087 -0.0012382850065379325 0.0018272492273554396 0.0087495422629422608 -0.005578490436941203 0.0034574918370839087 -0.0036622945193369098 -0.00036906624208905847 0.0044867236140993727 -0.0006625564150056296 3.4396128014261877e-05 -0.00085803422736365886 0.0017333688522751395 -0.00064187676425322656
leaf_weight=59842 98 104 86 71 55 63 67 69 51 50 55 56 52 78 259 111 58 103 103 54 65 57 132 2712 55 2498 12254 161 215 366
leaf_count=59842 98 104 86 71 55 63 67 69 51 50 55 56 52 78 259 111 58 103 103 54 65 57 132 2712 55 2498 12254 161 215 366
internal_value=6.54386e-10 -0.000108996 -0.00112929 -0.000650546 -0.00116488 -0.00196256 -0.00430327 -0.00587151 0.000108271 0.00190966 -7.43458e-05 -8.36178e-05 -0.00186795 -9.37541e-05 0.000952681 -0.000111088 -4.36997e-05 0.00109914 0.00166049 0.00401186 -0.000457322 -0.000556445 -0.000443732 -0.00052204 0.00175194 -8.32095e-05 1.92161e-05 0.000189928 -0.000492766 0.000237234
internal_weight=80000 20158 662 576 505 407 191 136 216 113 19496 19441 103 19337 315 19022 15923 532 429 165 3099 2966 2901 2844 133 15391 12312 264 3079 581
internal_count=80000 20158 662 576 505 407 191 136 216 113 19496 19441 103 19337 315 19022 15923 532 429 165 3099 2966 2901 2844 133 15391 12312 264 3079 581
is_linear=0
shrinkage=0.05


Tree=187
num_leaves=31
num_cat=0
split_feature=6 5 10 7 6 1 10 10 5 10 7 10 10 7 7 10 7 10 9 7 7 10 10 7 10 10 10 10 10 10
split_gain=0.402633 0.251004 0.2563 0.169402 0.15681 0.146365 0.217306 0.155727 0.275394 0.175917 0.143057 0.141852 0.210959 0.138169 0.634049 0.491705 0.253554 1.04249 0.674309 0.295361 0.45466 0.200008 0.366716 0.310453 0.152102 0.131318 0.177348 0.139214 0.231026 0.132924
threshold=1.0000000180025095e-35 1.0000000180025095e-35 3.0480535000000004 1.1993901665025566 1.5000000000000002 1.5000000000000002 3.0480195000000005 3.0479215000000006 1.0000000180025095e-35 3.0478665000000005 -0.097122782313460637 3.0478125000000005 3.0477845000000006 -1.9920263228907162 -1.7925627923036365 3.0449595000000005 -1.194172200542398 3.0426065000000002 0.45124090117685461 -1.0944404352488581 -0.99470866995531859 3.0423185000000004 3.0451795000000006 2.0969760541444149 3.0453625000000004 3.0471305000000002 3.0474505000000005 3.0463595000000003 3.0464675000000003 3.0467085000000007
decision_type=2 2 2 2 2 2 2 2 2 2 2 2 2 2 2 2 2 2 2 2 2 2 2 2 2 2 2 2 2 2
left_child=5 25 13 4 -4 -1 7 9 10 11 -9 12 -7 15 -15 -3 17 -16 24 -18 -21 23 -23 -22 -19 27 -27 -2 -29 -30
right_child=1 2 3 -5 -6 6 -8 8 -10 -11 -12 -13 -14 14 16 -17 19 18 -20 20 21 22 -24 -25 -26 26 -28 28 29 -31
leaf_value=-7.254032904153741e-06 -6.1159669701718182e-05 -0.005245313355331814 0.0023725630661874603 0.0039307429726037147 -0.0011016772700760517 0.00017537051818448021 0.0020493348516018848 -0.0014509209627627693 -0.0042709953746846198 0.0022145089579036887 0.0018255003270526418 -0.0015770211921793736 0.0032450041666940484 0.0045661842822456332 0.0038351016319899314 0.0014187878416940542 0.0029200976232657085 -0.0033013164342289691 -0.006574898627641098 -0.0040205280377067776 -0.0011720807715128274 0.00014925610932461607 -0.00054300143758669061 0.0019319796822184589 -0.00010728847522174048 0.0007527556933316573 4.0812201385411272e-05 -0.0016924778339159848 0.00024895659435550795 -0.00057944322915918524
leaf_weight=16764 18270 59 62 52 68 24455 155 78 54 106 58 115 56 65 66 52 69 58 94 84 1073 3445 4302 87 104 1005 6744 331 773 1296
leaf_count=16764 18270 59 62 52 68 24455 155 78 54 106 58 115 56 65 66 52 69 58 94 84 1073 3445 4302 87 104 1005 6744 331 773 1296
internal_value=8.77423e-10 -0.000117457 -0.000336502 0.00152171 0.000555818 0.000107122 0.000183583 0.000171971 -0.00125364 0.000182928 -5.3309e-05 0.000174174 0.000182397 -0.000371901 -0.000351281 -0.00212493 -0.000385399 -0.00176396 -0.00320841 -0.000336384 -0.000361408 -0.000326855 -0.000235165 -0.00093913 -0.00125216 -4.23829e-05 0.000133156 -0.000108191 -0.0004662 -0.000269947
internal_weight=80000 38159 9740 182 130 41841 25077 24922 190 24732 136 24626 24511 9558 9447 111 9382 322 256 9060 8991 8907 7747 1160 162 28419 7749 20670 2400 2069
internal_count=80000 38159 9740 182 130 41841 25077 24922 190 24732 136 24626 24511 9558 9447 111 9382 322 256 9060 8991 8907 7747 1160 162 28419 7749 20670 2400 2069
is_linear=0
shrinkage=0.05


Tree=188
num_leaves=31
num_cat=0
split_feature=8 1 5 9 8 8 8 0 8 10 8 8 9 8 10 8 8 8 8 0 8 8 10 10 10 10 10 10 10 10
split_gain=1.08183 1.07901 0.767601 1.24 1.07043 0.923126 1.15791 1.0294 0.779232 0.746698 0.672499 0.618143 0.663655 0.821101 0.394662 0.693554 0.53443 0.412415 0.371077 0.371125 0.536214 0.349533 0.984088 1.95309 0.876227 1.05137 0.638207 0.783597 0.628637 0.565732
threshold=-1.186409292466112 1.5000000000000002 1.0000000180025095e-35 0.45124090117685461 0.86173890334863368 -0.04311662724185749 0.17053911980356559 4.5000000000000009 -0.27686539125079995 3.0475565000000002 -0.54343274963349086 -0.16233519455873927 0.45124090117685461 -1.0564744494353533 3.0445605000000007 0.039264742308572111 0.50140413246951887 -0.10339567813241569 -0.51664206034879834 4.5000000000000009 -0.26480958107268832 -1.568176614772981 3.0422145000000005 3.0425285000000004 3.0473465000000002 3.0471305000000002 3.0434815000000004 3.0432965000000003 3.0430315000000006 3.0455775000000007
decision_type=2 2 2 2 2 2 2 2 2 2 2 2 2 2 2 2 2 2 2 2 2 2 2 2 2 2 2 2 2 2
left_child=1 -1 11 8 5 10 -7 -8 -4 14 -5 12 -2 -14 -10 17 -17 -16 -15 20 -20 22 -3 -24 25 28 27 -23 -25 -28
right_child=2 21 3 4 -6 6 7 -9 9 -11 -12 -13 13 18 15 16 -18 -19 19 -21 -22 26 23 24 -26 -27 29 -29 -30 -31
leaf_value=-0.00015004728404728284 -4.4997895310623932e-06 -0.0024222326400989043 0.00029187420184350986 -0.00091389816250433725 -0.0058133926246168909 0.0035785870132026966 -0.00310256209192665 0.0011849266354765397 -0.00076182927269557836 0.00047720467779552799 -0.0024850980425382661 -0.00010206276815144919 0.0024367507265358797 0.00011139832921226469 -0.0017337169954754668 -0.005099841316842193 -0.0016219591215448266 0.0034584206087653496 0.0010100638784599715 0.0015906264841270747 -0.0011953097830120349 0.0012025635343985803 0.010505221944113267 -0.0023017049873834288 0.0045975872897481449 -0.0038330319388388532 -0.00032521834993338522 0.0056568042752590149 0.001571242960357527 0.00084734668365168183
leaf_weight=4869 8790 162 5086 2698 117 228 243 330 687 667 911 41143 596 3027 97 244 202 63 945 1157 389 1041 60 112 189 105 1950 109 1606 2177
leaf_count=4869 8790 162 5086 2698 117 228 243 330 687 667 911 41143 596 3027 97 244 202 63 945 1157 389 1041 60 112 189 105 1950 109 1606 2177
internal_value=8.33562e-10 0.000429716 -7.86727e-05 -0.000449397 -0.00109508 -0.000969768 0.000565706 -0.000633552 -3.45432e-05 -0.000881535 -0.00131057 -2.12216e-06 0.000273766 0.000673818 -0.00158243 -0.00251243 -0.00352537 0.00031157 0.000483363 0.000935342 0.000366926 0.000805544 0.00132976 0.00162322 0.00135784 0.00102172 0.000583596 0.0016252 0.00131864 0.000293317
internal_weight=80000 12380 67620 11573 4527 4410 801 573 7046 1960 3609 56047 14904 6114 1293 606 446 160 5518 2491 1334 7511 2234 2072 2012 1823 5277 1150 1718 4127
internal_count=80000 12380 67620 11573 4527 4410 801 573 7046 1960 3609 56047 14904 6114 1293 606 446 160 5518 2491 1334 7511 2234 2072 2012 1823 5277 1150 1718 4127
is_linear=0
shrinkage=0.05


Tree=189
num_leaves=31
num_cat=0
split_feature=7 11 11 11 11 11 11 2 7 5 2 7 11 7 11 11 5 2 7 11 11 11 11 11 7 11 3 7 11 11
split_gain=0.109452 0.128706 0.300788 0.247531 0.158634 0.162192 0.252756 0.183252 0.127449 0.104341 0.16574 0.186594 0.242277 0.142023 0.171666 0.10568 0.0917833 0.203274 0.792332 0.887448 0.760228 0.474241 1.2888 0.890358 1.22538 0.726952 0.723816 1.08335 0.540832 0.436747
threshold=-1.6928310270100968 101.79800750000001 101.79792650000002 101.79806850000001 101.79755350000001 101.79509050000001 101.79541450000001 1.5000000000000002 -1.8922945575971761 1.0000000180025095e-35 1.5000000000000002 -1.9920263228907162 101.79818050000002 -1.7925627923036365 101.79818850000001 101.79835850000002 1.0000000180025095e-35 1.0000000180025095e-35 1.2991219317960965 101.79803650000001 101.79804450000002 101.79803650000001 101.79804850000001 101.79807650000002 0.40153604415423816 101.79808850000002 1.5000000000000002 0.60099957474131782 101.79800750000001 101.79806450000001
decision_type=2 2 2 2 2 2 2 2 2 2 2 2 2 2 2 2 2 2 2 2 2 2 2 2 2 2 2 2 2 2
left_child=1 2 4 -3 5 -1 -7 8 -8 10 11 -5 -13 14 -12 -16 -2 18 21 -20 -21 26 -23 24 -24 -25 27 -18 -28 -22
right_child=16 3 -4 9 -6 6 7 -9 -10 -11 13 12 -14 -15 15 -17 17 -19 19 20 29 22 23 25 -26 -27 28 -29 -30 -31
leaf_value=0.0015170627175256155 3.9824839790400099e-05 0.0024248735742180036 -0.0045519927357106586 0.0010791596222843938 0.0014324521226551533 -0.0034779253537993286 0.0018652196453630338 -0.0013367531457346051 -0.00073781772794750055 -0.0019163105740938578 -0.0023291842703110272 0.00031723121592427056 -0.0037620290538383848 0.0022228144690380064 0.0022936923058390858 -0.00033191677477534184 -0.00054869318548948776 -4.524275839363728e-06 0.0033155407626797619 -0.0061213975252226716 0.003314428905653376 0.006266216952619386 -0.0095667237164547038 0.0042431595083580916 -0.0010392486724350074 -0.00086598972163591666 -0.0047340545889342882 -0.0097456488999756001 0.00093055910608535151 -7.9414880739502118e-05
leaf_weight=66 58499 97 51 68 86 94 96 357 92 85 59 62 88 103 69 86 57 15950 221 50 101 63 69 73 108 1464 62 73 131 1520
leaf_count=66 58499 97 51 68 86 94 96 357 92 85 59 62 88 103 69 86 57 15950 221 50 101 63 69 73 108 1464 62 73 131 1520
internal_value=1.20685e-09 -0.00041483 -0.000834019 7.74881e-05 -0.000593756 -0.000841093 -0.00108486 -0.000671546 0.000591678 -0.000290096 -3.14155e-05 -0.00109236 -0.00207685 0.000698308 -3.61452e-05 0.000837628 8.24641e-06 -8.43873e-05 -0.000403471 0.000338647 -5.52401e-05 -0.00107207 -0.000751632 -0.00100993 -0.00436704 -0.00062307 -0.00283419 -0.00571666 -0.000890671 0.000132237
internal_weight=80000 1559 842 717 791 705 639 545 188 620 535 218 150 317 214 155 78441 19942 3992 1892 1671 2100 1777 1714 177 1537 323 130 193 1621
internal_count=80000 1559 842 717 791 705 639 545 188 620 535 218 150 317 214 155 78441 19942 3992 1892 1671 2100 1777 1714 177 1537 323 130 193 1621
is_linear=0
shrinkage=0.05


Tree=190
num_leaves=31
num_cat=0
split_feature=8 3 8 9 5 9 8 8 11 3 3 11 3 8 9 9 8 8 8 8 8 11 8 11 11 8 3 8 8 11
split_gain=1.00903 0.673945 0.553781 0.868497 0.641868 1.10089 0.767845 0.61382 0.97531 1.3562 1.36959 1.06432 0.61239 1.1396 2.75134 0.774308 0.584788 0.573875 0.57117 1.51373 0.720539 0.4945 0.885342 0.621237 0.548101 1.25981 0.536507 0.73344 0.662008 0.476842
threshold=-1.6472091481628242 4.5000000000000009 0.19799957632037568 0.45124090117685461 1.0000000180025095e-35 0.45124090117685461 -1.3900185310297755 -1.0564744494353533 101.79824050000002 1.0000000180025095e-35 4.5000000000000009 101.79827250000001 1.0000000180025095e-35 -1.5835812611116793 0.45124090117685461 0.45124090117685461 -1.5353580203992327 -1.6043440453073161 -1.3772929536195466 -1.2111906800544525 -1.5025394260254843 101.79840650000001 -1.459674323169976 101.79833550000002 101.79829950000001 -1.5025394260254843 2.5000000000000004 -1.6257765967350701 -1.5527719684342831 101.79824050000002
decision_type=2 2 2 2 2 2 2 2 2 2 2 2 2 2 2 2 2 2 2 2 2 2 2 2 2 2 2 2 2 2
left_child=1 -1 4 -4 5 18 12 8 17 -10 11 -11 13 14 -6 16 -15 -7 20 -20 -2 23 -23 24 26 -26 27 -14 -28 -18
right_child=2 -3 3 -5 6 7 -8 -9 9 10 -12 -13 21 15 -16 -17 29 -19 19 -21 -22 22 -24 -25 25 -27 28 -29 -30 -31
leaf_value=0.0011985104920048731 0.00043495827519999202 -0.0031890101550897314 1.9776469188205159e-05 -0.0004913167412387711 8.872989024296318e-05 -0.0038263552271777497 -0.00033474570281084539 0.00045553829700656627 -0.003486884638348365 0.012304013652142072 -0.00057412746808669941 0.004826714241707772 0.0040210656163140674 -0.0013506582634724704 0.014173174581912038 -0.0014968015748438265 0.0044132049730203167 0.0010781578294334383 0.0020031286037057762 -8.3603570937119162e-05 -0.0024840745286339172 0.00049357775007109739 0.0072550577831520802 -0.0045498835819826168 0.0089685962118796602 -0.0012022127460950931 -0.0010673145006953823 -0.0011093326371983409 0.0014567061777428058 -0.00083106905976702014
leaf_weight=2233 362 91 21482 13558 86 62 12879 8714 56 65 84 178 74 86 58 225 219 1510 928 13664 508 181 66 74 55 68 376 1164 840 54
leaf_count=2233 362 91 21482 13558 86 62 12879 8714 56 65 84 178 74 86 58 225 219 1510 928 13664 508 181 66 74 55 68 376 1164 840 54
internal_value=-9.7703e-11 0.00102658 -3.07158e-05 -0.000177981 9.03131e-05 0.000244495 -0.00015379 0.000635184 0.00143586 0.00369807 0.00492921 0.00683105 0.000488927 0.00178527 0.00576753 0.000802518 0.00224361 0.000884492 -2.50887e-05 4.91181e-05 -0.00126958 0.000163227 0.00230249 -3.61732e-05 9.36121e-05 0.0033493 -6.97002e-05 -0.000802369 0.000676229 0.00337595
internal_weight=80000 2324 77676 35040 42636 26131 16505 10669 1955 383 327 243 3626 728 144 584 359 1572 15462 14592 870 2898 247 2651 2577 123 2454 1238 1216 273
internal_count=80000 2324 77676 35040 42636 26131 16505 10669 1955 383 327 243 3626 728 144 584 359 1572 15462 14592 870 2898 247 2651 2577 123 2454 1238 1216 273
is_linear=0
shrinkage=0.05


Tree=191
num_leaves=31
num_cat=0
split_feature=8 10 8 5 0 8 0 10 8 8 9 5 10 8 10 8 1 8 1 8 6 8 6 8 0 10 8 8 8 6
split_gain=0.910638 0.539955 0.512021 0.82846 0.773852 1.21863 1.69428 1.39377 1.04155 0.848123 0.706786 0.822815 1.25261 0.694533 0.799362 1.20519 1.27675 0.994377 0.948399 1.77931 0.873954 0.753475 0.689792 0.663863 1.57018 0.951592 0.871172 0.63189 0.675715 0.686713
threshold=-1.6472091481628242 3.0419025000000004 -0.55749786150795455 1.0000000180025095e-35 2.5000000000000004 0.025869397666225803 1.5000000000000002 3.0475565000000002 -0.150949151612745 0.61325526023311017 -1.117930881447166 1.0000000180025095e-35 3.0455415000000006 -1.3772929536195466 3.0449595000000005 -0.97476284711704109 1.5000000000000002 -0.62447458471968587 1.5000000000000002 -1.2111906800544525 1.5000000000000002 -1.273479032641363 2.5000000000000004 -0.93591634765423681 3.5000000000000004 3.0442375000000004 -1.1984651026442237 -1.083934905952163 -1.286204610051592 3.5000000000000004
decision_type=2 2 2 2 2 2 2 2 2 2 2 2 2 2 2 2 2 2 2 2 2 2 2 2 2 2 2 2 2 2
left_child=1 -1 10 -4 5 6 -5 -7 22 -10 -2 12 23 -13 15 18 17 -17 -15 21 -16 -20 -6 25 -25 26 -12 28 -22 -30
right_child=2 -3 3 4 8 7 -8 -9 9 -11 11 13 -14 14 20 16 -18 -19 19 -21 27 -23 -24 24 -26 -27 -28 -29 29 -31
leaf_value=-0.0019891720946918915 -0.00038001312752191263 0.001171143977617908 -5.3434503399434141e-05 0.0031173557165607942 -0.0019450878389881251 -0.0031909587699570281 -0.00083791820485655847 0.00057507512690211184 0.00035299457199912209 -0.002222518935923087 0.00025786582065539631 0.00062449242904685082 0.0014838790477163686 -0.0017532848103348501 -0.00041808244055287729 0.0033191291628164132 5.4037423417053902e-06 -0.0011791049094906916 0.00072441492063302516 -0.0013798706475530555 -0.0039286332467235903 0.0039968658753421447 -0.0060612414347411929 0.0015369268562287017 -0.0010674413659279487 -0.00068017235467218934 0.002115644089200331 -0.0038537590709880627 0.0030234119071884773 -0.0025400158187294172
leaf_weight=144 4895 2180 47915 548 1218 481 535 502 1115 448 1239 3080 2960 1035 2162 699 1226 149 462 845 120 284 111 808 2039 912 1286 374 133 95
leaf_count=144 4895 2180 47915 548 1218 481 535 502 1115 448 1239 3080 2960 1035 2162 699 1226 149 462 845 120 284 111 808 2039 912 1286 374 133 95
internal_value=2.22894e-09 0.000975247 -2.91775e-05 -0.000117101 -0.000732372 6.69261e-06 0.00116356 -0.00126785 -0.00126033 -0.000385315 0.00015825 0.0002906 0.000635851 -8.67999e-06 -0.000265828 0.000136281 0.00103718 0.00252871 -0.000575261 0.000191146 -0.000921118 0.0019706 -0.00228931 0.00023638 -0.000328274 0.000704101 0.00120409 -0.00242717 -0.00089333 0.00070522
internal_weight=80000 2324 77676 52873 4958 2066 1083 983 2892 1563 24803 19908 9244 10664 7584 4700 2074 848 2626 1591 2884 746 1329 6284 2847 3437 2525 722 348 228
internal_count=80000 2324 77676 52873 4958 2066 1083 983 2892 1563 24803 19908 9244 10664 7584 4700 2074 848 2626 1591 2884 746 1329 6284 2847 3437 2525 722 348 228
is_linear=0
shrinkage=0.05


Tree=192
num_leaves=31
num_cat=0
split_feature=8 8 9 0 4 11 11 10 11 11 11 11 11 11 10 9 8 10 9 10 8 10 10 11 10 8 8 8 10 8
split_gain=0.831107 0.499234 0.787509 0.548646 1.17409 0.464693 1.00068 1.31903 0.63732 2.19132 1.67257 0.898713 1.90412 0.556057 0.474212 1.16301 0.443162 0.975712 0.522814 0.42163 1.00339 1.5213 0.790103 0.508879 0.660219 0.416043 0.681472 0.385013 0.687017 0.507404
threshold=-1.700120759500092 0.19799957632037568 0.45124090117685461 4.5000000000000009 1.0000000180025095e-35 101.79827250000001 101.79822050000001 3.0468145000000004 101.79803650000001 101.79809650000001 101.79801150000002 101.79815650000002 101.79812450000001 101.79806850000001 3.0475565000000002 0.45124090117685461 -0.38134907946110097 3.0475845000000006 -1.117930881447166 3.0455415000000006 -1.6257765967350701 3.0460045000000004 3.0455025000000004 101.79819250000001 3.0467085000000007 -0.054502670187851793 -0.94864192506446587 -1.0564744494353533 3.0451055000000005 -0.62447458471968587
decision_type=2 2 2 2 2 2 2 2 2 2 2 2 2 2 2 2 2 2 2 2 2 2 2 2 2 2 2 2 2 2
left_child=5 3 -3 16 -5 6 8 -8 10 13 -1 12 -11 -10 15 -7 18 -18 -2 22 21 -21 27 24 -23 26 -6 28 -20 -29
right_child=1 2 -4 4 25 14 7 -9 9 11 -12 -13 -14 -15 -16 -17 17 -19 19 20 -22 23 -24 -25 -26 -27 -28 29 -30 -31
leaf_value=0.00094305080947671381 -0.00028680862929499556 2.4252010780641022e-05 -0.00046242816172725157 0.00014648318692870349 0.0031419637978164182 0.0019084217439016558 -0.0094237781866572373 0.00097024971914438463 0.0054422913951423938 0.0024606667525708952 -0.0084482647702581216 0.0032227905862525388 -0.010018560940052572 0.012770174741890801 -0.0010346362137647663 0.010326048580062544 -0.00053916155561065441 0.00051519139123852792 -2.4339457478478526e-06 0.011185713368424138 0.00043960290200512796 -0.0048720915713524092 -0.004121753599655247 0.0044664228107871079 0.0030590172752673773 0.0028545775254975574 0.00048103772293461313 0.00073691266843342628 -0.0018172155611426415 -0.00028049914261686051
leaf_weight=883 5811 21482 13558 6669 318 161 54 70 53 76 50 143 51 51 58 55 8199 2996 4217 53 7196 50 112 86 55 477 988 3566 595 1867
leaf_count=883 5811 21482 13558 6669 318 161 54 70 53 76 50 143 51 51 58 55 8199 2996 4217 53 7196 50 112 86 55 477 988 3566 595 1867
internal_value=1.41505e-09 -2.37813e-05 -0.00016406 8.98555e-05 0.000451202 0.00109206 0.000730745 -0.00356013 0.00113808 0.00288167 0.000438913 0.00050533 -0.00255462 0.00904459 0.00297811 0.00405559 2.10054e-06 -0.000256994 0.000124965 0.000259416 0.000546553 0.00369922 5.31468e-05 0.00161705 -0.000718743 0.00159088 0.00112914 9.88273e-05 -0.000226863 0.00038729
internal_weight=80000 78295 35040 43255 8452 1705 1431 124 1307 374 933 270 127 104 274 216 34803 11195 23608 17797 7440 244 10357 191 105 1783 1306 10245 4812 5433
internal_count=80000 78295 35040 43255 8452 1705 1431 124 1307 374 933 270 127 104 274 216 34803 11195 23608 17797 7440 244 10357 191 105 1783 1306 10245 4812 5433
is_linear=0
shrinkage=0.05


Tree=193
num_leaves=31
num_cat=0
split_feature=6 1 1 7 1 7 7 7 7 6 7 7 7 6 6 7 7 7 5 1 6 7 7 1 5 7 0 7 0 0
split_gain=0.456899 0.227567 0.150544 0.14834 0.233988 0.43881 0.384946 0.180964 0.169374 1.27937 0.320072 0.693399 0.257936 0.150395 0.43982 0.605166 0.834686 0.385208 0.589882 0.403106 0.299066 0.768402 0.56943 0.468151 0.535923 0.438228 0.441206 0.461318 1.79773 0.534413
threshold=1.0000000180025095e-35 1.5000000000000002 1.5000000000000002 1.2991219317960965 2.5000000000000004 2.0969760541444149 2.3961713500250346 1.9972442888508748 1.5983172276767157 3.5000000000000004 1.9972442888508748 1.7977807582637952 2.3961713500250346 2.5000000000000004 3.5000000000000004 -0.79524513936823904 -0.49604984348761971 0.10234074827361882 1.0000000180025095e-35 2.5000000000000004 1.5000000000000002 1.1993901665025566 1.1993901665025566 2.5000000000000004 1.0000000180025095e-35 0.50126780944777805 2.5000000000000004 0.70073134003485771 4.5000000000000009 4.5000000000000009
decision_type=2 2 2 2 2 2 2 2 2 2 2 2 2 2 2 2 2 2 2 2 2 2 2 2 2 2 2 2 2 2
left_child=2 -2 -1 13 8 7 -7 -6 -5 10 11 -10 -12 20 15 -15 -17 18 -16 -20 21 23 25 24 -3 -22 -27 28 -28 -29
right_child=1 3 -4 4 5 6 -8 -9 9 -11 12 -13 -14 14 17 16 -18 -19 19 -21 22 -23 -24 -25 -26 26 27 29 -30 -31
leaf_value=-1.882882749004448e-06 2.4454340059018312e-05 -0.00050156111574008037 0.00019165935918144205 0.0013409782328401071 -0.0014064807278545248 0.0023879194016034151 -0.0013416304991030123 -0.0040210189030411422 -0.00077701099316993005 -0.007885943397418587 -0.0028128732518980966 0.0058215163855036721 0.0014387485273248809 -0.00057205334826533258 1.9273704967970115e-05 -0.0051550272787048313 -0.00035364565629540873 -0.00096621374439631071 0.0048246511962923002 0.00097303738104711547 0.00011108110967559893 0.0035917729173498311 -0.003852029459486748 -6.2384212536722614e-05 -0.002190988503045741 -0.00031789386442749771 0.011865265624759931 -0.00083478297274190813 0.00027005447673400127 0.003680965925525147
leaf_weight=16764 15260 2726 25077 199 812 149 129 72 86 50 82 74 63 2576 2381 181 181 809 108 183 4060 128 84 6587 567 209 55 140 85 123
leaf_count=16764 15260 2726 25077 199 812 149 129 72 86 50 82 74 63 2576 2381 181 181 809 108 183 4060 128 84 6587 567 209 55 140 85 123
internal_value=2.83242e-09 -0.00012512 0.000114115 -0.000224797 -0.000671907 -0.00107502 0.000657441 -0.00161986 0.00017366 -0.00048089 0.00073524 0.00227654 -0.000965898 -0.000188574 -0.000390623 -0.000841117 -0.0027551 -1.03884e-05 0.000279032 0.00240367 -0.000100726 -0.000255857 0.000225711 -0.00030574 -0.00079251 0.000299108 0.00154625 0.00251285 0.00483053 0.00127774
internal_weight=80000 38159 41841 22899 1716 1162 278 884 554 355 305 160 145 21183 6419 2938 362 3481 2672 291 14764 10008 4756 9880 3293 4672 612 403 140 263
internal_count=80000 38159 41841 22899 1716 1162 278 884 554 355 305 160 145 21183 6419 2938 362 3481 2672 291 14764 10008 4756 9880 3293 4672 612 403 140 263
is_linear=0
shrinkage=0.05


Tree=194
num_leaves=31
num_cat=0
split_feature=8 1 11 5 9 7 8 8 11 8 8 8 8 0 7 11 7 7 7 0 0 7 8 7 8 7 11 8 8 8
split_gain=0.779469 0.878628 0.646211 0.567338 1.02978 1.30062 1.1104 0.669942 0.665879 0.637117 0.612089 0.688357 0.650834 0.696459 0.67477 0.567601 0.550372 0.52422 1.00185 0.785663 0.713353 0.7095 0.639226 0.547901 0.494819 0.474269 0.982701 1.94965 1.2818 0.623395
threshold=-1.186409292466112 1.5000000000000002 101.79535050000001 1.0000000180025095e-35 0.45124090117685461 0.80046310532839737 0.80748775754713131 -0.27686539125079995 101.79622550000002 0.039264742308572111 -0.032400351527980438 -0.59902342989922797 0.32525535042266529 4.5000000000000009 2.1967078194379543 101.79833150000002 1.2991219317960965 1.5983172276767157 -0.29658631290054016 4.5000000000000009 4.5000000000000009 0.50126780944777805 -1.700120759500092 0.20207251356715863 0.61325526023311017 2.0969760541444149 101.79816450000001 -1.6472091481628242 -1.5527719684342831 -1.4034138756721219
decision_type=2 2 2 2 2 2 2 2 2 2 2 2 2 2 2 2 2 2 2 2 2 2 2 2 2 2 2 2 2 2
left_child=1 -1 17 -2 7 15 10 -5 9 16 11 -7 -12 -14 -15 -6 -9 18 -3 22 -19 -21 -20 -24 -11 -4 27 -27 -28 -30
right_child=3 2 25 4 5 6 -8 8 -10 24 12 -13 13 14 -16 -17 -18 20 19 21 -22 -23 23 -25 -26 26 28 -29 29 -31
leaf_value=-0.00015840970149023673 -9.6590011898511789e-07 -0.0018964113767088184 0.00076718698364855193 0.0002952239563485346 -0.0026356350291251176 -5.6114866636065305e-05 -0.0050921377336545339 0.0029943882243866427 -0.00016438537659131422 -0.0042696665949272117 0.0028481260635607724 -0.0017823931665242006 -0.003499382006246709 -0.00045464696680627226 0.0063973368701344723 0.0027033231326605905 -0.0027980638174508053 -0.00068468180631412433 -0.0045895634690096649 0.008604130705394791 -0.0067309986351141455 0.001825092482441712 0.003873780831510059 -0.00014219292376142613 -0.00076172078788361948 0.012772965529597106 -0.0076992647806479941 0.0022954654575241488 0.0058090940927793995 -0.0013139210848508434
leaf_weight=4869 56047 374 5647 5086 1129 1783 125 95 1338 305 291 854 116 127 50 52 72 166 58 61 69 105 119 296 150 50 50 391 54 71
leaf_count=4869 56047 374 5647 5086 1129 1783 125 95 1338 305 291 854 116 127 50 52 72 166 58 61 69 105 119 296 150 50 50 391 54 71
internal_value=2.90981e-09 0.000364757 0.000703897 -6.67774e-05 -0.000385494 -0.000973901 -0.000470367 -7.43804e-06 -0.00079279 -0.00214432 -0.000290854 -0.000615221 0.00117366 -0.00048979 0.00148346 -0.00240035 0.000496864 -0.000335025 0.000158615 0.00136151 -0.00246209 0.00431987 0.000322575 0.00101003 -0.00311362 0.00091092 0.00222821 0.00348602 -0.000941639 0.00176541
internal_weight=80000 12380 7511 67620 11573 4527 3346 7046 1960 622 3221 2637 584 293 177 1181 167 1248 1013 639 235 166 473 415 455 6263 616 441 175 125
internal_count=80000 12380 7511 67620 11573 4527 3346 7046 1960 622 3221 2637 584 293 177 1181 167 1248 1013 639 235 166 473 415 455 6263 616 441 175 125
is_linear=0
shrinkage=0.05


Tree=195
num_leaves=31
num_cat=0
split_feature=8 6 8 1 1 8 3 8 8 8 10 8 10 10 10 3 8 3 10 8 1 6 11 6 10 10 10 10 3 11
split_gain=0.748004 0.499509 1.05119 0.62588 0.754109 0.86262 1.42613 1.29217 0.780621 0.566174 0.539426 0.686872 0.694172 0.524693 0.48724 0.84444 0.466326 0.458127 0.445376 0.429422 0.967028 0.530432 0.429169 1.3251 0.97152 0.84788 1.00109 0.659374 0.650265 2.08181
threshold=-1.700120759500092 1.0000000180025095e-35 0.71907848290764587 1.5000000000000002 3.5000000000000004 0.066055431593264671 3.5000000000000004 0.28372978203139171 -0.31303282178513492 -0.7021675836452943 3.0437895000000004 -0.25141423643034205 3.0439695000000007 3.0456145000000006 3.0440025000000004 1.0000000180025095e-35 -1.4308743321889319 1.5000000000000002 3.0466055000000005 0.11963681016264981 1.5000000000000002 3.5000000000000004 101.79827250000001 1.5000000000000002 3.0422685000000005 3.0463955000000005 3.0467435000000003 3.0426885000000006 2.5000000000000004 101.79526350000002
decision_type=2 2 2 2 2 2 2 2 2 2 2 2 2 2 2 2 2 2 2 2 2 2 2 2 2 2 2 2 2 2
left_child=22 2 3 -2 5 10 7 13 9 -6 -5 14 -13 -7 15 -12 -16 -15 -14 -3 -21 -22 24 -24 -1 28 -27 -25 29 -26
right_child=1 19 -4 4 8 6 -8 -9 -10 -11 11 12 18 17 16 -17 -18 -19 -20 20 21 -23 23 27 25 26 -28 -29 -30 -31
leaf_value=-0.0061510531756907945 6.1433128817932376e-06 -3.9857796641023522e-05 -0.00014427802963884725 0.0011425249627294309 -2.5857235783094993e-05 0.003627989415176871 -0.00027581588681555963 0.0017791366486690193 -0.0009569656051527022 0.0015587049086908183 0.0045702827545050194 0.0041700807363215815 -0.0027247533070787907 0.0047934086109153555 0.0022909658032891893 -0.0025125262793861485 0.00044830435186431704 0.010386405583073898 0.00027915425292712493 0.00013227601775405915 -0.00067758476490746924 -0.0025175607311158513 0.0075050810920160027 0.0025941304632812125 -0.0052542250203824765 -0.0055562000270151096 0.00033903655481102505 -0.0037429945667870864 0.00029164611836523499 0.004510351897936229
leaf_weight=50 7713 24925 21760 2528 1601 189 581 977 1367 870 50 53 402 73 396 263 2579 74 178 4864 6435 417 98 111 63 84 501 65 328 405
leaf_count=50 7713 24925 21760 2528 1601 189 581 977 1367 870 50 53 402 73 396 263 2579 74 178 4864 6435 417 98 111 63 84 501 65 328 405
internal_value=3.16773e-09 -2.25592e-05 9.58893e-05 0.000358583 0.000581746 0.000848575 0.00178671 0.00269932 1.70955e-06 0.000532083 0.000573032 0.000205841 -0.00130228 0.00537365 0.000496213 -0.00137999 0.000693648 0.00761408 -0.00180298 -0.000157213 -0.000406876 -0.000789597 0.00103602 0.00284855 0.000688797 0.000936866 -0.000508264 0.000252919 0.00199886 0.00319505
internal_weight=80000 78295 41654 19894 12181 8343 1894 1313 3838 2471 6449 3921 633 336 3288 313 2975 147 580 36641 11716 6852 1705 274 1431 1381 585 176 796 468
internal_count=80000 78295 41654 19894 12181 8343 1894 1313 3838 2471 6449 3921 633 336 3288 313 2975 147 580 36641 11716 6852 1705 274 1431 1381 585 176 796 468
is_linear=0
shrinkage=0.05


Tree=196
num_leaves=31
num_cat=0
split_feature=8 7 11 7 11 11 11 11 1 11 3 11 7 8 9 2 3 7 8 7 7 8 8 8 8 8 8 11 11 11
split_gain=0.67505 0.549078 0.484666 1.07979 1.05003 1.51455 1.78156 1.44669 1.76579 1.48325 0.689214 0.840671 0.718307 0.416624 0.728225 0.475494 1.07179 0.80619 0.504702 0.883993 1.15467 0.746244 0.701247 0.667588 0.686869 0.635981 0.622408 0.448605 0.453711 0.425607
threshold=-1.700120759500092 2.2964395847314942 101.79823250000001 -0.99470866995531859 101.79812050000001 101.79816450000001 101.79820050000002 101.79803650000001 1.5000000000000002 101.79801150000002 1.0000000180025095e-35 101.79831950000002 0.70073134003485771 0.19799957632037568 0.45124090117685461 3.5000000000000004 4.5000000000000009 -0.59578160878115949 -1.186409292466112 1.2991219317960965 0.90019487062193726 -1.3498324971027367 -0.021014308581986097 -1.6257765967350701 -1.568176614772981 -1.3371069196925081 -1.2232464902325644 101.79616150000001 101.79642450000001 101.79760550000002
decision_type=2 2 2 2 2 2 2 2 2 2 2 2 2 2 2 2 2 2 2 2 2 2 2 2 2 2 2 2 2 2
left_child=1 2 4 -4 7 -6 -7 9 -9 -1 -5 12 -12 15 -15 -2 17 27 19 20 23 -21 -20 -19 -25 -22 -23 -17 -29 -24
right_child=13 -3 3 10 5 6 -8 8 -10 -11 11 -13 -14 14 -16 16 -18 18 22 21 25 26 29 24 -26 -27 -28 28 -30 -31
leaf_value=0.00071925078082037336 6.8476550245222771e-07 0.0052856443590339171 -0.003196113141494285 -0.00092447920084098812 -0.0087909813021976417 0.0056116440875126454 -0.0051778694585333067 -0.0014861523083113913 0.009396740297107976 -0.0081332338915323602 0.012425234985911408 0.0021088960554074437 0.00422349436184505 3.1507674395103233e-05 -0.00043649539660866313 0.00025518150261873265 0.0015076691103739263 -0.003368704808460582 -0.00015521674051799904 -0.0017826458278403852 0.0072543227874926289 0.0030578513076776506 0.0029665217020192879 0.0064618107987687154 0.0011170675747368475 0.0016465846022603516 -0.0031840135743042191 -0.0051719886604054861 -0.0012347824431381096 -0.0004760722547007354
leaf_weight=852 34803 71 68 60 71 74 79 59 101 50 53 113 54 21482 13558 524 1783 73 3236 356 144 197 312 67 578 78 50 80 848 126
leaf_count=852 34803 71 68 60 71 74 79 59 101 50 53 113 54 21482 13558 524 1783 73 3236 356 144 197 312 67 578 78 50 80 848 126
internal_value=4.25019e-09 0.000984207 0.000796991 0.00245208 0.000348956 -0.0027612 4.08449e-05 0.00100516 0.00538525 0.000227689 0.00382444 0.00511943 0.00829385 -2.14296e-05 -0.000149577 8.23802e-05 0.000418776 0.000127635 0.000417658 0.00117649 0.00213494 -0.00031772 9.89417e-05 0.00116016 0.00167317 0.00528566 0.00179354 -0.000914369 -0.00157472 0.0019763
internal_weight=80000 1705 1634 348 1286 224 153 1062 160 902 280 220 107 78295 35040 43255 8452 6669 5217 1543 940 603 3674 718 645 222 247 1452 928 438
internal_count=80000 1705 1634 348 1286 224 153 1062 160 902 280 220 107 78295 35040 43255 8452 6669 5217 1543 940 603 3674 718 645 222 247 1452 928 438
is_linear=0
shrinkage=0.05


Tree=197
num_leaves=31
num_cat=0
split_feature=6 5 7 7 7 7 7 7 0 7 6 7 7 7 2 7 7 2 7 7 7 7 6 7 2 7 2 2 7 7
split_gain=0.402315 0.236412 0.149842 0.334936 0.347307 0.362997 0.197043 0.539132 0.31494 0.176705 0.168961 0.263409 0.197266 0.402781 0.563633 0.786353 0.419951 0.38826 0.552 0.278506 0.163973 0.190786 0.548145 0.67572 0.579149 0.485231 1.79846 0.225684 0.226558 0.268122
threshold=1.0000000180025095e-35 1.0000000180025095e-35 -0.99470866995531859 -1.0944404352488581 -1.194172200542398 -1.2939039658359379 -1.8922945575971761 -1.6928310270100968 3.5000000000000004 -1.4933674964230172 1.5000000000000002 2.495903115318574 0.20207251356715863 0.90019487062193726 1.5000000000000002 0.70073134003485771 0.30180427886069844 1.0000000180025095e-35 1.1993901665025566 -0.097122782313460637 -0.8949769046617787 0.40153604415423816 3.5000000000000004 0.10234074827361882 1.0000000180025095e-35 0.70073134003485771 1.0000000180025095e-35 1.5000000000000002 0.90019487062193726 1.3988536970896364
decision_type=2 2 2 2 2 2 2 2 2 2 2 2 2 2 2 2 2 2 2 2 2 2 2 2 2 2 2 2 2 2
left_child=-1 -2 3 4 5 6 8 -8 -3 -9 11 12 19 14 15 16 -14 18 -15 -4 -12 22 -22 24 -24 26 -23 28 -27 -30
right_child=1 2 10 -5 -6 -7 7 9 -10 -11 20 -13 13 17 -16 -17 -18 -19 -20 -21 21 25 23 -25 -26 27 -28 -29 29 -31
leaf_value=0.00010708450925712076 -4.4546902311780554e-05 0.0028554972657081797 -0.00069788905717382051 -0.0039850370180065341 0.0026742121812634405 -0.0043142735841841156 -0.0051755846972767377 0.0014374343927832912 -0.0018392035316524037 -0.0014318357259660935 0.0021561554732988561 -0.0030796171433841919 -0.0050373566424574724 -0.0014841715252416341 -0.00042878676433180728 -0.0052514304188786172 -0.00052551402229316724 -0.00051024637492279106 0.0024529279592431074 0.0011837283066198549 -0.0015208897860667999 0.0075973881473603393 0.0049891516580184052 -0.0015757520700013551 0.00064652940409397038 0.00095362356472771534 0.00011220422616776149 0.0002055688263729955 -0.0020539045648900914 -0.00030941934725303342
leaf_weight=41841 28419 88 383 85 70 74 68 102 60 113 81 97 61 130 824 176 331 1602 282 404 759 98 97 274 367 168 441 1602 381 522
leaf_count=41841 28419 88 383 85 70 74 68 102 60 113 81 97 61 130 824 176 331 1602 282 404 759 98 97 274 367 168 441 1602 381 522
internal_value=5.32045e-09 -0.000117406 -0.000329989 -0.00105735 -0.00062394 -0.00108155 -0.000525638 -0.00129861 0.000952283 -7.05652e-05 -0.000277108 -0.000505012 -0.00044538 -0.00061023 -0.00126422 -0.0024759 -0.00122872 -0.000158178 0.00121058 0.000268051 -7.29874e-05 -0.000111376 -0.000577539 0.00039273 0.00155524 0.000105897 0.0014743 -0.000170082 -0.000731945 -0.00104561
internal_weight=80000 38159 9740 660 575 505 431 283 148 215 9080 4290 4193 3406 1392 568 392 2014 412 787 4790 4709 1497 738 464 3212 539 2673 1071 903
internal_count=80000 38159 9740 660 575 505 431 283 148 215 9080 4290 4193 3406 1392 568 392 2014 412 787 4790 4709 1497 738 464 3212 539 2673 1071 903
is_linear=0
shrinkage=0.05


Tree=198
num_leaves=31
num_cat=0
split_feature=6 6 3 10 10 10 5 10 10 11 10 6 6 3 2 11 5 11 10 10 11 11 10 11 10 3 2 3 10 10
split_gain=0.387141 0.299131 0.229473 0.212149 0.735565 0.339011 0.292993 1.22208 0.447601 0.163019 0.146602 0.141077 0.245992 0.28298 0.229739 0.212264 0.440941 0.302422 0.21168 0.296165 0.383896 0.425816 0.257946 0.219025 0.201898 0.197727 0.295645 0.222475 0.717857 0.441751
threshold=2.5000000000000004 3.5000000000000004 5.5000000000000009 3.0472355000000007 3.0474155000000005 3.0468805000000003 1.0000000180025095e-35 3.0476875000000003 3.0475755000000002 101.79827250000001 3.0479855000000007 1.0000000180025095e-35 1.5000000000000002 3.5000000000000004 3.5000000000000004 101.79492050000002 1.0000000180025095e-35 101.79496150000001 3.0416395000000005 3.0422145000000005 101.79833550000002 101.79821250000002 3.0422935000000004 101.79819250000001 3.0466735000000003 3.5000000000000004 1.0000000180025095e-35 1.5000000000000002 3.0443435000000005 3.0454655000000002
decision_type=2 2 2 2 2 2 2 2 2 2 2 2 2 2 2 2 2 2 2 2 2 2 2 2 2 2 2 2 2 2
left_child=11 2 3 5 -5 -2 8 -8 -6 -10 -9 -1 13 15 24 16 -13 -17 -19 20 21 -20 -21 -24 -15 26 27 28 -14 -30
right_child=1 -3 -4 4 6 -7 7 10 9 -11 -12 12 25 14 -16 17 -18 18 19 22 -22 -23 23 -25 -26 -27 -28 -29 29 -31
leaf_value=0.00010173029861280884 -0.00078696837581728558 -4.3517559912634903e-05 0.00028017569691856688 0.0043584084757696739 0.0045855346334700339 -0.0030456237776365189 -0.0079212795785743046 0.00085432114992083519 -4.6420639174895015e-06 -0.0022310469575964709 -0.0022190423961202638 -0.00030010741031838764 -0.0052844059891522886 -0.00028965769882121001 0.00062529620962576793 -0.0033260589872063369 0.0042917348865759847 0.0011563681396079405 -0.0017741322634080205 0.0019662229569370709 -0.00039456022436093935 -0.006616702414882456 -0.00018610651635670095 -0.00081342856729134556 0.0002948421032700644 -9.9818732044306492e-05 0.00018376434155196303 0.001879253067716712 0.0034985154914784402 4.8711672413632073e-05
leaf_weight=41841 2940 6222 689 85 50 176 64 144 607 95 53 167 50 3733 1534 85 76 233 314 126 560 53 6960 1739 2445 3896 4098 506 129 330
leaf_count=41841 2940 6222 689 85 50 176 64 144 607 95 53 167 50 3733 1534 85 76 233 314 126 560 53 6960 1739 2445 3896 4098 506 129 330
internal_value=4.31173e-09 -0.000273673 -0.000565737 -0.000704049 -0.000106395 -0.000914637 -0.000481426 -0.00192446 1.96045e-05 -0.000306211 2.67708e-05 4.42102e-05 -4.48148e-05 -0.000151444 7.76525e-05 -0.00032276 0.0011372 -0.000358001 -0.000332702 -0.000368291 -0.00121842 -0.00247508 -0.000278978 -0.000311521 -5.83355e-05 0.000168525 0.000372996 0.00113691 0.000398722 0.00101882
internal_weight=80000 11125 4903 4214 1098 3116 1013 261 752 702 197 68875 27034 18025 7712 10313 243 10070 9985 9752 927 367 8825 8699 6178 9009 5113 1015 509 459
internal_count=80000 11125 4903 4214 1098 3116 1013 261 752 702 197 68875 27034 18025 7712 10313 243 10070 9985 9752 927 367 8825 8699 6178 9009 5113 1015 509 459
is_linear=0
shrinkage=0.05


Tree=199
num_leaves=31
num_cat=0
split_feature=8 5 8 6 8 10 9 8 1 8 8 1 10 8 8 8 10 8 10 8 6 10 6 8 10 10 8 8 8 8
split_gain=0.66104 0.577104 0.710196 0.668244 0.658797 0.638161 0.62605 0.754258 0.608074 1.08638 0.789631 0.765503 0.735709 0.700164 1.12405 0.894104 1.17608 0.927221 0.691561 0.660678 0.617424 0.568888 0.560018 0.554024 0.615302 0.607106 1.15914 1.61238 0.719217 0.863175
threshold=-1.4730696678123223 1.0000000180025095e-35 -0.31303282178513492 2.5000000000000004 -1.4449394440633954 3.0453275000000004 0.45124090117685461 -0.86826985721038807 1.5000000000000002 -1.286204610051592 -1.124120939879202 2.5000000000000004 3.0469525000000002 -1.1107255952368555 -1.3772929536195466 -0.79124662551689706 3.0477935000000005 -0.93591634765423681 3.0433485000000005 -1.0156186482761971 3.5000000000000004 3.0473465000000002 2.5000000000000004 -0.77852104810666811 3.0480365000000007 3.0446675000000005 -0.92252100301189055 -1.2232464902325644 -1.2989301874618209 -0.92252100301189055
decision_type=2 2 2 2 2 2 2 2 2 2 2 2 2 2 2 2 2 2 2 2 2 2 2 2 2 2 2 2 2 2
left_child=-1 2 4 23 5 -2 -5 -8 13 12 11 -11 18 14 -6 16 19 -18 -10 -15 22 -14 -12 24 25 26 27 -3 -27 -30
right_child=1 3 -4 6 8 -7 7 -9 9 10 20 -13 21 15 -16 -17 17 -19 -20 -21 -22 -23 -24 -25 -26 28 -28 -29 29 -31
leaf_value=0.00052964631781925208 0.00017176538292105402 0.0012547804497797749 -6.5828921241849929e-05 -0.00048108975645887213 -0.0023739969576649939 -0.0055399705669877675 -0.0014494603414552097 -0.0053053974299343953 0.0048308345737710636 0.001117158966161 0.00076626150436938292 -0.0017890235240439181 0.0092585474727217773 0.0015486539832548494 0.0016979484757502262 0.00022209290676553648 -0.0056267819950274779 -0.0010568547776902647 0.00087628588175729628 -0.0011483699360087453 0.0019616653370545848 0.002637378401962705 -0.00033657713682881099 -0.00052088678466799467 0.0027519124086011213 -0.001437001935322839 0.0025519688429567469 -0.0011524586446630364 0.00053372609320112314 -0.001559035704846466
leaf_weight=5487 103 1444 44116 1073 203 93 499 170 141 338 4506 687 63 310 1024 2726 233 212 511 848 801 67 1546 6747 213 1167 580 1342 2107 643
leaf_count=5487 103 1444 44116 1073 203 93 499 170 141 338 4506 687 63 310 1024 2726 233 212 511 848 801 67 1546 6747 213 1167 580 1342 2107 643
internal_value=3.39533e-09 -3.89992e-05 3.37212e-05 -0.000305259 0.000338449 -0.00253984 -0.00122963 -0.00242994 0.00037815 0.000640075 0.000463618 -0.000830677 0.00241744 -3.01109e-05 0.00102413 -0.000328939 -0.00126596 -0.00345037 0.0017321 -0.000426297 0.000657215 0.00585075 0.000484537 -0.000192195 0.000103656 2.6168e-05 0.000518615 9.52276e-05 -0.00039701 4.43614e-05
internal_weight=80000 74513 58528 15985 14412 196 1742 669 14216 8660 7878 1025 782 5556 1227 4329 1603 445 652 1158 6853 130 6052 14243 7496 7283 3366 2786 3917 2750
internal_count=80000 74513 58528 15985 14412 196 1742 669 14216 8660 7878 1025 782 5556 1227 4329 1603 445 652 1158 6853 130 6052 14243 7496 7283 3366 2786 3917 2750
is_linear=0
shrinkage=0.05


Tree=200
num_leaves=31
num_cat=0
split_feature=5 2 10 10 10 10 10 10 10 11 10 10 10 10 11 10 10 11 10 10 10 10 10 11 10 11 11 10 10 10
split_gain=0.0802517 0.200701 0.361932 0.285332 0.300045 0.714878 0.458048 0.3262 0.224158 0.310332 0.174795 0.333598 0.126708 0.0980569 0.0752003 0.325184 0.477147 0.295809 0.447474 0.472903 0.265065 0.295424 0.262102 0.24588 0.308816 0.238216 0.207212 0.161467 0.208787 0.152456
threshold=1.0000000180025095e-35 1.0000000180025095e-35 3.0480195000000005 3.0479305000000005 3.0476205000000003 3.0474155000000005 3.0477275000000006 3.0477845000000006 3.0439695000000007 101.79800750000001 3.0472355000000007 3.0471305000000002 3.0474865000000002 3.0415105000000007 101.79564450000001 3.0460045000000004 3.0458985000000003 101.79602750000002 3.0434815000000004 3.0435825000000003 3.0456835000000004 3.0456485000000004 3.0459715000000007 101.79613750000001 3.0471665000000003 101.79587850000001 101.79616150000001 3.0457555000000007 3.0457925000000006 3.0434015000000003
decision_type=2 2 2 2 2 2 2 2 2 2 2 2 2 2 2 2 2 2 2 2 2 2 2 2 2 2 2 2 2 2
left_child=-1 2 3 4 5 8 -6 -8 -2 -10 11 -11 -7 -3 15 16 20 18 -16 25 21 -15 -18 24 29 -20 -25 -22 -29 -19
right_child=1 13 -4 -5 6 12 7 -9 9 10 -12 -13 -14 14 17 -17 22 23 19 -21 27 -23 -24 26 -26 -27 -28 28 -30 -31
leaf_value=2.9068589851698501e-05 -0.0027116996603547983 0.001858600611252426 0.0033859925044830981 -0.0032911610722233865 0.0041963482594644672 -0.0051394129078957641 -0.0034681525874999996 0.0011730889597642521 0.0025285552143188808 -0.00035237355646803063 0.0011446337929268398 -0.0030301145505172399 -0.0024496623764251155 -0.00013855166161458099 0.0044448172524277707 -0.0018786845424401768 0.004510142752637657 0.0017129010089092522 -0.0046098377459482393 0.00083312832694328672 -0.0035327795158731027 0.0037392388872185094 3.0893727210955432e-05 0.0025817776540614096 -0.0032351230718998276 -0.00054097343357552925 -1.9476044131518919e-05 0.0018288211609052817 -0.001939227490548775 -0.00096606576124991293
leaf_weight=59842 98 70 62 87 87 76 54 126 95 2944 180 121 104 2499 76 274 85 70 59 1216 84 50 53 77 132 92 10886 51 131 219
leaf_count=59842 98 70 62 87 87 76 54 126 95 2944 180 121 104 2499 76 274 85 70 59 1216 84 50 53 77 132 92 10886 51 131 219
internal_value=3.40472e-09 -8.62806e-05 -0.000401696 -0.000460903 -0.000397439 -0.000516816 0.00121977 -0.000220436 -0.000355945 -0.000286745 -0.00036924 -0.000458181 -0.00358756 -7.36611e-06 -1.55138e-05 -0.00023126 -7.8342e-05 3.87648e-05 0.000713154 0.000505378 -0.000219106 -6.2343e-05 0.00279112 -4.67242e-05 -0.00123237 -0.00213279 -1.18243e-06 -0.00172073 -0.000882921 -0.000316813
internal_weight=80000 20158 4034 3972 3885 3618 267 180 3438 3340 3245 3065 180 16124 16054 3227 2953 12827 1443 1367 2815 2549 138 11384 421 151 10963 266 182 289
internal_count=80000 20158 4034 3972 3885 3618 267 180 3438 3340 3245 3065 180 16124 16054 3227 2953 12827 1443 1367 2815 2549 138 11384 421 151 10963 266 182 289
is_linear=0
shrinkage=0.05


Tree=201
num_leaves=31
num_cat=0
split_feature=7 9 3 7 3 3 1 3 7 7 5 9 7 3 7 9 7 9 5 1 5 7 9 7 5 1 7 3 7 7
split_gain=0.0959875 0.084804 0.193562 0.323019 0.236301 0.205155 0.170151 0.163682 0.191226 0.133044 0.0866361 0.128554 0.0835648 0.0981101 0.345322 0.374011 0.215593 0.207323 0.333389 0.179229 0.440989 0.170276 0.189603 0.150019 0.10223 0.135983 0.25829 0.192066 0.4199 0.404205
threshold=-1.6928310270100968 0.45124090117685461 2.5000000000000004 -1.8922945575971761 3.5000000000000004 4.5000000000000009 2.5000000000000004 1.5000000000000002 -1.8922945575971761 -1.8922945575971761 1.0000000180025095e-35 -1.117930881447166 0.10234074827361882 1.0000000180025095e-35 1.0000000180025095e-35 0.45124090117685461 -0.39631807819407994 0.45124090117685461 1.0000000180025095e-35 2.5000000000000004 1.0000000180025095e-35 1.0000000180025095e-35 0.45124090117685461 -0.8949769046617787 1.0000000180025095e-35 3.5000000000000004 -0.19685454760700036 1.5000000000000002 -0.59578160878115949 -0.79524513936823904
decision_type=2 2 2 2 2 2 2 2 2 2 2 2 2 2 2 2 2 2 2 2 2 2 2 2 2 2 2 2 2 2
left_child=1 7 3 6 -4 -6 -3 8 -1 10 11 -9 13 14 16 -16 19 -18 -19 -2 23 24 -23 -21 -15 27 -27 29 -29 -26
right_child=12 2 4 -5 5 -7 -8 9 -10 -11 -12 -13 -14 21 15 -17 17 18 -20 20 -22 22 -24 -25 25 26 -28 28 -30 -31
leaf_value=0.0024873018164361053 1.8294288237928979e-05 0.0012738673208325937 0.0022805491110569919 -0.004149303148407466 -0.0027219223041590364 2.7123378783854632e-05 -0.0025305639835773502 -0.0021501153484877801 -0.0004155743451431423 0.00021153902825434215 -0.0027892749077455905 5.565992110264704e-05 -5.8570347159589002e-05 6.560517296203702e-05 -0.00027149485485148154 -0.0028451144770594858 -4.3125715731426063e-05 0.00061210381050436774 0.0039719137311977027 -0.0014061204807407843 -0.0044913398995543056 0.00011340387012232899 0.00095511402281738943 -0.00017121410569982088 -0.0019835430139484383 -0.00024139340837829996 0.0029894266628898978 0.00026260505878435489 -0.0017683083346365727 0.0018086135909359605
leaf_weight=117 1885 71 78 99 96 231 50 106 110 360 66 175 29598 38060 358 233 1539 945 80 342 74 1655 1123 875 106 242 83 451 584 208
leaf_count=117 1885 71 78 99 96 231 50 106 110 360 66 175 29598 38060 358 233 1539 945 80 342 74 1655 1123 875 106 242 83 451 584 208
internal_value=3.02861e-09 -0.000388475 -0.00083923 -0.00203274 -0.000190564 -0.000780521 -0.000299003 -8.67881e-05 0.00108106 -0.000461854 -0.00116033 -0.000776881 7.72444e-06 4.7898e-05 -0.000135731 -0.00128645 -1.72314e-05 0.000323808 0.000874695 -0.000292555 -0.000746396 7.52448e-05 0.000453685 -0.000518333 4.87851e-05 -0.000333618 0.000584374 -0.000554806 -0.0008834 0.000528235
internal_weight=80000 1559 625 220 405 327 121 934 227 707 347 281 78441 48843 6331 591 5740 2564 1025 3176 1291 42512 2778 1217 39734 1674 325 1349 1035 314
internal_count=80000 1559 625 220 405 327 121 934 227 707 347 281 78441 48843 6331 591 5740 2564 1025 3176 1291 42512 2778 1217 39734 1674 325 1349 1035 314
is_linear=0
shrinkage=0.05


Tree=202
num_leaves=31
num_cat=0
split_feature=7 11 10 11 10 10 10 10 11 7 11 7 11 10 11 7 11 10 7 11 10 7 7 7 11 11 7 11 11 1
split_gain=0.0866411 0.117946 0.53223 0.209959 0.205596 0.163027 0.105184 0.0903515 0.14697 0.0852364 0.141228 0.136288 0.126963 0.107515 0.246389 0.263683 0.0976403 0.60045 0.385326 0.311232 0.512031 0.243816 0.843461 0.50546 0.202956 0.218273 0.213959 0.182706 0.180548 0.164399
threshold=-1.6928310270100968 101.79583850000002 3.0440025000000004 101.79607150000001 3.0448515000000005 3.0457225000000006 3.0418775000000005 3.0480935000000007 101.79833550000002 0.10234074827361882 101.79862550000001 0.70073134003485771 101.79861650000001 3.0415855000000005 101.79853850000002 1.5983172276767157 101.79806450000001 3.0419795000000005 0.80046310532839737 101.79812050000001 3.0419025000000004 2.1967078194379543 1.5983172276767157 2.495903115318574 101.79804450000002 101.79804050000001 0.90019487062193726 101.79815250000001 101.79814850000001 1.5000000000000002
decision_type=2 2 2 2 2 2 2 2 2 2 2 2 2 2 2 2 2 2 2 2 2 2 2 2 2 2 2 2 2 2
left_child=1 2 -1 -3 -4 -6 -5 9 -9 12 13 -12 -2 14 -11 -16 17 18 -15 20 -18 22 -22 -23 25 -19 -27 28 -21 -26
right_child=7 3 4 6 5 -7 -8 8 -10 10 11 -13 -14 16 15 -17 19 24 -20 27 21 23 -24 -25 29 26 -28 -29 -30 -31
leaf_value=-0.0057016571202929316 3.766724602040046e-05 0.0027746217280847506 0.0020743176797828836 0.0012673350534269873 -0.0029333453944679379 0.00021767342361003712 -0.00044048810682117338 0.00030632275585878408 0.0033357513102304174 0.004003691397635927 6.1978906896535796e-05 -0.0028159637993220021 0.00092222542923723011 0.00070791289558030826 -0.00061977567890604947 0.0030990212183697272 -0.0053790231776799395 -3.0460478211347274e-05 0.006707899115786866 0.00033718896371506504 -0.00032910338750428807 0.004322552513725147 -0.0036328110173987922 -0.0012544374567857685 -9.1189414008323864e-05 -0.00012579984759818893 -0.0040503592904321938 -0.00014164425978449035 0.0024579378876282468 0.0016044867686275583
leaf_weight=55 48287 58 68 98 74 92 1114 173 52 52 75 91 409 53 205 62 59 17314 54 784 1233 72 229 93 245 72 67 8302 115 343
leaf_count=55 48287 58 68 98 74 92 1114 173 52 52 75 91 409 53 205 62 59 17314 54 784 1233 72 229 93 245 72 67 8302 115 343
internal_value=2.19542e-09 -0.000369078 -0.00128057 -0.000161575 -0.000239437 -0.00118792 -0.000302304 7.33806e-06 0.00100763 4.4593e-06 -6.25789e-05 -0.00151643 4.50986e-05 -5.43521e-05 0.000858432 0.000244602 -6.43835e-05 6.63383e-06 0.00373938 -0.000182764 -0.000807263 -0.000641157 -0.000846792 0.0011803 -1.55254e-05 -4.63095e-05 -0.00201905 -6.83229e-05 0.000608718 0.00089806
internal_weight=80000 1559 289 1270 234 166 1212 78441 225 78216 29520 166 48696 29354 319 267 29035 18148 107 10887 1686 1627 1462 165 18041 17453 139 9201 899 588
internal_count=80000 1559 289 1270 234 166 1212 78441 225 78216 29520 166 48696 29354 319 267 29035 18148 107 10887 1686 1627 1462 165 18041 17453 139 9201 899 588
is_linear=0
shrinkage=0.05


Tree=203
num_leaves=31
num_cat=0
split_feature=8 9 8 3 1 7 6 9 3 8 7 8 8 7 6 6 7 8 6 8 1 3 8 3 6 3 7 6 8 8
split_gain=0.635252 0.597843 0.50887 0.7356 1.05187 0.410848 0.375068 0.41856 0.421875 0.376975 0.336477 0.596302 0.557461 0.490069 0.458793 0.982003 0.585142 0.479407 0.416986 0.738547 0.909544 0.758278 0.536649 0.544928 0.456296 0.75363 0.702123 0.402891 0.549654 0.381249
threshold=-0.67604666159271909 -1.117930881447166 -1.568176614772981 4.5000000000000009 2.5000000000000004 2.6953666459056533 2.5000000000000004 -1.117930881447166 4.5000000000000009 0.17053911980356559 0.20207251356715863 -1.5527719684342831 -1.5527719684342831 1.0996584012090167 2.5000000000000004 3.5000000000000004 -1.0944404352488581 -1.5353580203992327 1.0000000180025095e-35 -1.1375162845215483 1.5000000000000002 2.5000000000000004 -0.97476284711704109 3.5000000000000004 2.5000000000000004 1.0000000180025095e-35 0.50126780944777805 2.5000000000000004 -1.3900185310297755 -1.030353527382778
decision_type=2 2 2 2 2 2 2 2 2 2 2 2 2 2 2 2 2 2 2 2 2 2 2 2 2 2 2 2 2 2
left_child=1 -1 3 5 -5 -3 -2 -8 -9 -10 11 -4 13 -12 17 16 -16 -13 29 21 22 24 -21 -24 26 -26 -20 -23 -29 -14
right_child=6 2 10 4 -6 -7 7 8 9 -11 12 14 18 -15 15 -17 -18 -19 19 20 -22 27 23 -25 25 -27 -28 28 -30 -31
leaf_value=-0.00028483988081650144 -5.4736236127778279e-05 0.0010320525775865124 0.0043099993529967309 -0.0078033982089438505 0.0014307585415803731 0.0054328873403440966 0.00040523643980913199 -0.001239079206129388 0.00019519669909210663 -0.0020598875521581996 -0.0064381336361366455 0.0054441103168014308 3.6689907634714627e-05 -0.00074274874639797945 -0.00020125085339644201 0.0012427156307698887 -0.0021477034777246467 0.00066693480117971274 0.0034889205412638085 -0.0013521752897048911 -0.0018544080040811626 0.00087432717345806935 0.0040856930700658382 -0.0010319216749582552 0.0013540751345126317 -0.004383215023609317 -0.00058761681415765623 0.0070356085994880656 0.0012808591630631893 0.00098336553642414549
leaf_weight=4837 51120 2707 99 57 67 54 944 2076 1266 217 61 53 2982 99 1848 1034 488 4804 123 156 1173 674 160 77 87 167 744 69 104 1653
leaf_count=4837 51120 2707 99 57 67 54 944 2076 1266 217 61 53 2982 99 1848 1034 488 4804 123 156 1173 674 160 77 87 167 744 69 104 1653
internal_value=2.50254e-09 0.000212833 0.00033603 0.00094909 -0.00281684 0.00111832 -9.32716e-05 -0.00053073 -0.000778993 -0.000134895 0.00022983 0.000454606 5.13177e-06 -0.00291678 0.00040816 -4.00978e-05 -0.000607947 0.000719175 6.2396e-05 -0.000346706 -0.00115696 0.000298068 0.00092466 0.00242327 -0.00055504 -0.00241832 -8.94886e-06 0.00142708 0.00357884 0.000374321
internal_weight=80000 24377 19540 2885 124 2761 55623 4503 3559 1483 16655 8326 8329 160 8227 3370 2336 4857 8169 3534 1566 1968 393 237 1121 254 867 847 173 4635
internal_count=80000 24377 19540 2885 124 2761 55623 4503 3559 1483 16655 8326 8329 160 8227 3370 2336 4857 8169 3534 1566 1968 393 237 1121 254 867 847 173 4635
is_linear=0
shrinkage=0.05


Tree=204
num_leaves=31
num_cat=0
split_feature=6 9 11 11 11 10 10 11 6 4 6 6 11 11 11 11 11 10 10 11 10 11 11 10 11 10 11 10 6 11
split_gain=0.32541 0.195886 0.125525 0.119691 0.490112 0.318253 0.194319 0.59136 0.336829 0.336062 0.193946 0.588696 0.620313 0.501094 0.373966 0.397575 0.257006 0.247428 0.286645 0.278634 0.225776 0.188131 0.23889 0.26393 0.218797 0.179474 0.35523 0.243978 0.244024 0.235569
threshold=1.0000000180025095e-35 1.0000000180025095e-35 101.79863350000001 101.79805650000002 101.79805250000001 3.0419525000000003 3.0422145000000005 101.79795050000001 1.5000000000000002 1.0000000180025095e-35 2.5000000000000004 1.5000000000000002 101.79808050000001 101.79830350000002 101.79855550000001 101.79808450000002 101.79831950000002 3.0476595000000004 3.0480035000000005 101.79807650000002 3.0448515000000005 101.79808450000002 101.79812050000001 3.0453955000000006 101.79818850000001 3.0453625000000004 101.79812050000001 3.0452175000000006 3.5000000000000004 101.79817650000001
decision_type=2 2 2 2 2 2 2 2 2 2 2 2 2 2 2 2 2 2 2 2 2 2 2 2 2 2 2 2 2 2
left_child=-1 2 -2 4 5 -3 7 9 -9 -7 11 17 20 -14 15 -12 -15 19 -19 -5 -13 -21 23 -23 -24 27 -27 28 29 -17
right_child=1 3 -4 10 -6 6 -8 8 -10 -11 14 12 13 16 -16 25 -18 18 -20 21 -22 22 24 -25 -26 26 -28 -29 -30 -31
leaf_value=9.6305384377901477e-05 2.2961922023150401e-05 0.003023268158356106 0.0020455547194375601 -0.0021728078867554569 0.0037100185563386603 -0.0023925570673852133 -0.0001167485837968267 0.0045240332560785388 -0.00052721654914458273 0.0001945190063958464 -0.0027721297137950295 0.0020909966044580755 -0.0001798315128171429 0.0042014464648889817 -0.0047157686285118749 -0.0034327549754945724 0.0011350620455002085 -0.0026423805852640071 0.00069214351194528769 0.0020273060754648058 0.0062990413284561599 -0.00097778621058504183 0.00049446167842609587 -0.0046467258665880314 -0.00052475305813891944 -0.004675280208942134 -0.00054759376597566601 0.0032445041761258427 0.0011194832393609658 0.00020286000346724788
leaf_weight=41841 15183 79 77 214 83 420 14671 68 64 179 200 76 1255 94 58 79 250 266 85 84 55 347 795 57 1559 54 1429 66 210 102
leaf_count=41841 15183 79 77 214 83 420 14671 68 64 179 200 76 1255 94 58 79 250 266 85 84 55 347 795 57 1559 54 1429 66 210 102
internal_value=2.94949e-09 -0.000105592 3.3181e-05 -0.00019807 -0.000119594 -0.00014015 -0.000156395 -0.000951967 0.0020764 -0.00161955 -0.000364584 -0.000196399 0.000554726 0.000283615 -0.000757628 -0.000650136 0.00197395 -0.000577809 -0.00183491 -0.000433368 0.00386119 -0.000302318 -0.000373342 -0.00149646 -0.000180534 -0.000431242 -0.000698199 0.000435017 -3.99271e-05 -0.00138497
internal_weight=80000 38159 15260 22899 15564 15481 15402 731 132 599 7335 5137 1730 1599 2198 2140 344 3407 351 3056 131 2842 2758 404 2354 1940 1483 457 391 181
internal_count=80000 38159 15260 22899 15564 15481 15402 731 132 599 7335 5137 1730 1599 2198 2140 344 3407 351 3056 131 2842 2758 404 2354 1940 1483 457 391 181
is_linear=0
shrinkage=0.05


Tree=205
num_leaves=31
num_cat=0
split_feature=11 7 11 3 3 10 10 11 7 3 7 7 7 11 10 3 11 11 11 10 11 10 11 11 10 7 7 11 7 11
split_gain=0.0793122 0.167706 0.147916 0.14887 0.14276 0.201445 0.119096 0.101448 0.165231 0.199938 0.165691 0.0992259 0.0829336 0.154014 0.434314 0.220919 0.188284 0.104008 0.270531 0.22906 0.222023 0.18096 0.154189 0.124805 0.0808404 0.133654 0.0787989 0.132913 0.124342 0.109869
threshold=101.79485350000002 1.7977807582637952 101.79489850000002 5.5000000000000009 1.0000000180025095e-35 3.0443075000000004 3.0445255000000002 101.79492050000002 0.80046310532839737 4.5000000000000009 1.0000000180025095e-35 1.2991219317960965 -1.6928310270100968 101.79583850000002 3.0440025000000004 2.5000000000000004 101.79607150000001 101.79800750000001 101.79792650000002 3.0476125000000005 101.79806850000001 3.0469165000000005 101.79755350000001 101.79709750000002 3.0480935000000007 1.0000000180025095e-35 0.10234074827361882 101.79862550000001 0.70073134003485771 101.79861650000001
decision_type=2 2 2 2 2 2 2 2 2 2 2 2 2 2 2 2 2 2 2 2 2 2 2 2 2 2 2 2 2 2
left_child=1 11 3 4 6 -6 -2 8 9 10 -4 -1 13 14 -9 -16 -15 18 22 20 -19 -22 23 -18 26 -26 29 -28 -29 -14
right_child=2 -3 7 -5 5 -7 -8 12 -10 -11 -12 -13 24 16 15 -17 17 19 -20 -21 21 -23 -24 -25 25 -27 27 28 -30 -31
leaf_value=-0.00040327781426353947 -0.0021935773626281475 -0.0028589283544348137 -0.00041212830625982099 -0.0010201919449999127 0.0033433939866149816 0.00086541205699598516 0.0010945481759099267 -0.0054097865083205859 -0.0029419755225830011 -0.0023794975151254648 0.0029266409855771731 0.0017490716178437872 3.9978196013831247e-05 0.0026470234115862912 0.0017286869740106275 -0.0016581542081276664 -0.00032278471082760105 0.0028120948564906499 -0.0042693677997132744 -0.0021400306861556065 -0.00021714752483859403 0.002858906767722184 0.0014724150947611522 -0.0024365302609606846 -2.0564378180815709e-05 0.0024757436585332989 -4.9574636969622213e-05 3.9612499681721821e-05 -0.0027093274982352327 0.00086292439604845547
leaf_weight=861 54 67 110 99 110 322 56 55 75 76 56 57 47092 58 76 131 263 87 51 97 480 53 86 95 137 88 28633 75 91 409
leaf_count=861 54 67 110 99 110 322 56 55 75 76 56 57 47092 58 76 131 263 87 51 97 480 53 86 95 137 88 28633 75 91 409
internal_value=3.10212e-09 -0.000445868 5.56188e-06 0.000761952 0.0010876 0.00149701 -0.000520149 -6.25394e-07 -0.000893134 -0.00025721 0.000715287 -0.000269459 3.00034e-06 -0.000361239 -0.00146475 -0.000414442 -0.000133489 -0.000266757 -0.000824133 0.000118103 0.00047168 8.92054e-05 -0.000427525 -0.000884219 1.02927e-05 0.000956436 7.50142e-06 -5.7756e-05 -0.00146806 4.70658e-05
internal_weight=80000 985 79015 641 542 432 110 78374 317 242 166 918 78057 1532 262 207 1270 1212 495 717 620 533 444 358 76525 225 76300 28799 166 47501
internal_count=80000 985 79015 641 542 432 110 78374 317 242 166 918 78057 1532 262 207 1270 1212 495 717 620 533 444 358 76525 225 76300 28799 166 47501
is_linear=0
shrinkage=0.05


Tree=206
num_leaves=31
num_cat=0
split_feature=8 9 8 3 11 2 11 11 8 11 3 3 11 11 11 8 11 3 2 8 8 8 3 11 8 2 11 11 11 3
split_gain=0.596052 0.463592 0.463325 0.664289 1.04743 0.574438 0.517507 1.14638 0.822437 0.814112 1.10461 0.83245 2.36191 3.83977 0.600136 0.482796 0.322974 0.321249 0.447686 1.89233 1.25318 0.747204 0.743237 0.541604 0.360958 1.08289 0.282492 0.760342 0.62698 0.524328
threshold=-0.73900478141174653 -1.117930881447166 -1.568176614772981 4.5000000000000009 101.79797650000002 1.0000000180025095e-35 101.79809650000001 101.79803650000001 -1.700120759500092 101.79826850000002 2.5000000000000004 2.5000000000000004 101.79822050000001 101.79812850000002 101.79822450000002 -1.700120759500092 101.79861650000001 4.5000000000000009 1.0000000180025095e-35 0.71907848290764587 -0.11478172107840999 0.28372978203139171 2.5000000000000004 101.79806450000001 -0.35388862294429102 1.0000000180025095e-35 101.79558250000001 101.79500750000001 101.79587850000001 1.5000000000000002
decision_type=2 2 2 2 2 2 2 2 2 2 2 2 2 2 2 2 2 2 2 2 2 2 2 2 2 2 2 2 2 2
left_child=1 -1 3 5 -5 6 7 15 -9 11 -11 12 13 -8 -13 -3 -4 18 19 20 -2 23 -23 -22 25 -19 27 -7 29 -28
right_child=17 2 16 4 -6 26 9 8 -10 10 -12 14 -14 -15 -16 -17 -18 24 -20 -21 21 22 -24 -25 -26 -27 28 -29 -30 -31
leaf_value=-0.0002369481994011664 -0.00086957754158395635 -0.0033003922951760269 0.00019328043147329719 0.0019254140441880329 -0.0072592094993509729 -0.0015998603644442483 -0.0072327698353102064 0.011332921373601486 0.0037206808722344887 0.00064992161930689887 0.008966866406712749 -0.0045400194853680177 -0.0051892510713294031 0.0084993604953330845 0.0018067181215176997 0.003507743159914116 0.0022354786854649551 0.003085490787183183 -8.964029406733918e-05 -0.001812222542730375 -0.00030394145708400331 0.00085209431224322549 -0.0015282383186200122 0.0021301053638031202 5.6409134523181207e-06 0.00013233780195775577 0.00067891519537091106 0.0029242840781786802 0.00062441700429679647 -0.0048583454568079968
leaf_weight=4527 2269 53 15209 62 62 129 51 61 85 88 73 115 84 161 55 51 196 388 30131 2047 295 830 542 1014 18116 1551 73 331 1248 103
leaf_count=4527 2269 53 15209 62 62 129 51 61 85 88 73 115 84 161 55 51 196 388 30131 2047 295 830 542 1014 18116 1551 73 331 1248 103
internal_value=2.53828e-09 0.00021606 0.000328186 0.000909695 -0.00266905 0.00107051 0.0021275 0.00405064 0.00690672 0.00136018 0.00442418 0.000300859 0.00190218 0.00471312 -0.00248681 3.83751e-05 0.000219278 -8.62085e-05 -0.000173308 -0.000533599 -4.81731e-06 0.000727057 -8.8284e-05 0.00158158 7.50402e-05 0.000723402 0.000578396 0.00165548 0.000230369 -0.00256256
internal_weight=80000 22817 18290 2885 124 2761 877 250 146 627 161 466 296 212 170 104 15405 57183 37128 6997 4950 2681 1372 1309 20055 1939 1884 460 1424 176
internal_count=80000 22817 18290 2885 124 2761 877 250 146 627 161 466 296 212 170 104 15405 57183 37128 6997 4950 2681 1372 1309 20055 1939 1884 460 1424 176
is_linear=0
shrinkage=0.05


Tree=207
num_leaves=31
num_cat=0
split_feature=11 11 10 11 10 10 10 11 11 11 10 10 11 10 11 10 11 10 10 10 11 10 10 4 11 10 11 4 11 11
split_gain=0.0707373 0.134455 0.107534 0.0909193 0.136078 0.0708216 0.0625062 0.141293 0.0586106 0.0532291 0.196849 0.0982701 0.0917596 0.384155 0.109637 0.0959293 0.170259 0.251975 0.150202 0.375078 0.0908354 0.233993 0.277587 0.125278 0.123435 0.219034 0.0821897 0.0803321 0.0702407 0.0816215
threshold=101.79485350000002 101.79489850000002 3.0443835000000004 101.79492050000002 3.0442735000000005 3.0443075000000004 3.0480935000000007 101.79833550000002 101.79487550000002 101.79537150000002 3.0440715000000007 3.0441055000000006 101.79602750000002 3.0434545000000006 101.79609350000001 3.0465365000000006 101.79596250000002 3.0469165000000005 3.0459715000000007 3.0458985000000003 101.79620350000002 3.0433735000000004 3.0433485000000005 1.0000000180025095e-35 101.79645150000002 3.0431645000000005 101.79653150000001 1.0000000180025095e-35 101.79532850000001 101.79535050000001
decision_type=2 2 2 2 2 2 2 2 2 2 2 2 2 2 2 2 2 2 2 2 2 2 2 2 2 2 2 2 2 2
left_child=2 5 -1 4 -3 8 9 -8 -2 10 28 27 13 -11 -14 18 -17 -18 19 -15 21 22 -16 -23 25 -22 -26 -12 -5 -30
right_child=1 3 -4 6 -6 -7 7 -9 -10 12 11 -13 14 15 20 16 17 -19 -20 -21 24 23 -24 -25 26 -27 -28 -29 29 -31
leaf_value=-0.0011003538239706026 0.0025554867958295286 0.0010992460531721404 -1.9321662123870353e-05 -0.0010690320423721248 -0.0013969590454956894 0.00041806573079942577 0.00015829943163920204 0.0031151319448407132 0.00066434801678183584 0.0028120291363311614 0.0017188386354644485 -6.7499989793966378e-05 -0.00053275256925136073 6.7203296556369725e-05 0.00046299047969234941 0.00063471139206903136 -0.0023698106824645059 0.00015405111175674971 -0.00025510968721376056 0.0017063149342348401 -0.0017316920453248964 -0.00028578497820623089 0.0032809833088548721 0.00084349390018858628 0.00046604262600539304 -0.00019286535039407006 -2.0775956465292799e-06 -0.00058595509663395831 0.0010712807246863495 -0.0010457785099974232
leaf_weight=366 83 70 619 685 247 477 180 52 81 134 138 5712 986 4031 251 1833 120 560 2879 382 251 877 134 341 954 2925 54398 52 93 89
leaf_count=366 83 70 619 685 247 477 180 52 81 134 138 5712 986 4031 251 1833 120 560 2879 382 251 877 134 341 954 2925 54398 52 93 89
internal_value=3.31392e-09 5.253e-06 -0.000421076 -6.4603e-07 -0.000845574 0.000726406 2.78641e-06 0.000822094 0.00162242 3.42965e-07 -0.000133631 -3.02813e-05 1.31059e-05 0.000154003 -9.80742e-06 0.000117649 0.000384051 -0.000291619 2.58362e-05 0.000209124 -1.23154e-06 0.00037009 0.0014444 3.04193e-05 -1.14021e-05 -0.00031453 5.99135e-06 0.00108808 -0.000837085 3.60097e-05
internal_weight=80000 79015 985 78374 317 641 78057 232 164 77825 6769 5902 71056 9939 61117 9805 2513 680 7292 4413 60131 1603 385 1218 58528 3176 55352 190 867 182
internal_count=80000 79015 985 78374 317 641 78057 232 164 77825 6769 5902 71056 9939 61117 9805 2513 680 7292 4413 60131 1603 385 1218 58528 3176 55352 190 867 182
is_linear=0
shrinkage=0.05


Tree=208
num_leaves=31
num_cat=0
split_feature=6 9 7 11 10 11 11 11 11 7 11 11 6 11 11 7 11 11 7 7 6 11 6 7 10 11 11 11 10 10
split_gain=0.320286 0.190443 0.132448 0.423344 0.453677 0.599796 0.656041 0.518599 0.400658 0.714768 0.194682 0.411188 0.242538 0.2153 0.178164 0.939105 1.11699 0.655808 0.550538 0.502873 0.448836 0.371171 0.529763 0.679121 0.487844 0.341555 0.62836 0.560891 0.322598 0.351732
threshold=1.0000000180025095e-35 1.0000000180025095e-35 1.2991219317960965 101.79829950000001 3.0420605000000003 101.79826050000001 101.79822850000001 101.79820450000001 101.79782250000001 1.7977807582637952 101.79855550000001 101.79851150000002 2.5000000000000004 101.79859950000001 101.79816050000001 0.80046310532839737 101.79819250000001 101.79825650000002 0.50126780944777805 0.90019487062193726 1.5000000000000002 101.79613750000001 1.5000000000000002 1.1993901665025566 3.0444195000000005 101.79826050000001 101.79828350000001 101.79825650000002 3.0455775000000007 3.0446335000000002
decision_type=2 2 2 2 2 2 2 2 2 2 2 2 2 2 2 2 2 2 2 2 2 2 2 2 2 2 2 2 2 2
left_child=-1 -2 10 4 -4 6 7 8 -6 -10 11 14 13 -12 19 18 -17 -18 25 -3 -20 28 24 -24 -23 27 -27 -16 29 -21
right_child=1 2 3 -5 5 -7 -8 -9 9 -11 12 -13 -14 -15 15 16 17 -19 20 21 -22 22 23 -25 -26 26 -28 -29 -30 -31
leaf_value=9.5545079493144564e-05 3.20749130221684e-05 -0.00015150472324535039 -0.0049380387808668456 0.0025040467440635952 -0.00092684060638817357 -0.0050985032012628015 0.0049762506203212932 -0.005579282813969774 -0.00098263718600131718 0.003728510270605891 -0.0026983604660788434 0.0033409734051419908 -0.0045056040174508835 0.0017218243900328171 -0.00066804361030697737 -0.0098632852767635282 0.0012262976575855419 -0.0041942179713142505 -0.00028503249222109126 -0.00026090042540936317 0.0043765189940114793 0.0018936898572993899 0.0021591419169170911 -0.004663560853642737 0.0068638402950543936 0.0017264080025211504 -0.00044181729472327671 -0.0049133288574148941 -0.0014112728339456435 0.0035482309112789623
leaf_weight=41841 15260 15873 64 102 1046 72 54 51 184 143 55 84 57 55 1917 52 102 123 95 147 113 116 134 50 86 450 1297 81 193 103
leaf_count=41841 15260 15873 64 102 1046 72 54 51 184 143 55 84 57 55 1917 52 102 123 95 147 113 116 134 50 86 450 1297 81 193 103
internal_value=3.80736e-09 -0.000104756 -0.000195941 -0.000618423 -0.000815896 -0.000645384 -0.000428122 -0.000633399 -0.000449291 0.0010781 -0.000161714 -0.000148197 -0.00186162 -0.000488712 -0.000162215 -0.000452071 -0.0032659 -0.00173746 -0.000254819 -8.88027e-05 0.00224833 0.00111164 0.00224483 0.00030362 0.00401204 -0.000393902 0.000116751 -0.000840387 0.000123962 0.00130925
internal_weight=80000 38159 22899 1716 1614 1550 1478 1424 1373 327 21183 21016 167 110 20932 4230 277 225 3953 16702 208 829 386 184 202 3745 1747 1998 443 250
internal_count=80000 38159 22899 1716 1614 1550 1478 1424 1373 327 21183 21016 167 110 20932 4230 277 225 3953 16702 208 829 386 184 202 3745 1747 1998 443 250
is_linear=0
shrinkage=0.05


Tree=209
num_leaves=31
num_cat=0
split_feature=7 11 3 10 10 11 11 10 10 7 11 10 10 7 11 10 11 10 7 11 3 7 10 10 7 10 11 7 11 10
split_gain=0.0659111 0.153992 0.114337 0.0925967 0.310018 0.362643 0.315115 0.286346 0.173608 0.152629 0.136741 0.125957 0.175849 0.134938 0.189713 0.12076 0.11412 0.192784 0.124025 0.111412 0.109764 0.0909171 0.121191 0.120334 0.0907008 0.18034 0.126537 0.114658 0.0929317 0.160279
threshold=-1.194172200542398 101.79861650000001 4.5000000000000009 3.0449935000000004 3.0444905000000007 101.79622550000002 101.79804450000002 3.0435585000000005 3.0440345000000004 -1.4933674964230172 101.79800350000001 3.0453625000000004 3.0451795000000006 -1.8922945575971761 101.79760550000002 3.0458265000000004 101.79810050000002 3.0428745000000004 -1.6928310270100968 101.79774550000002 5.5000000000000009 -1.5930992617165571 3.0470265000000003 3.0470605000000002 0.10234074827361882 3.0480935000000007 101.79862550000001 0.70073134003485771 101.79845450000002 3.0419025000000004
decision_type=2 2 2 2 2 2 2 2 2 2 2 2 2 2 2 2 2 2 2 2 2 2 2 2 2 2 2 2 2 2
left_child=1 2 -1 4 5 7 9 -4 -9 -7 19 12 -5 14 -13 -15 -8 18 -18 -11 -6 22 -17 -23 -2 26 28 -28 29 -26
right_child=24 -3 3 11 20 6 16 8 -10 10 -12 13 -14 15 -16 21 17 -19 -20 -21 -22 23 -24 -25 25 -27 27 -29 -30 -31
leaf_value=-0.00040213425994123142 5.7734093347835287e-05 0.0025180202464637983 0.0051232778121942206 7.6249039273198308e-05 -0.0040072822042909878 -0.00024093891819226419 0.0025386122455093637 -0.00061144394440039549 0.0024617320702049967 -0.0023080673387217178 -0.0045241996637498142 0.00021313931074761112 0.003818046815327783 -0.001046135183061277 -0.0036512463299422518 -0.00043876952197228016 0.0024948891460678901 -0.0014961034245757974 0.00023671854133957535 0.00036781615385027771 -0.0012309818700379632 0.0011647094583405217 0.0020787524305174942 -0.00013993443041259744 -0.00091856347944280431 0.0023443189854267092 1.0139918790791637e-05 -0.0026296212727055061 0.00028939551397787119 -5.9482716459772156e-05
leaf_weight=2978 44597 53 50 67 63 160 55 96 88 154 51 79 59 138 53 66 79 131 263 52 82 259 173 556 554 78 75 91 1849 26951
leaf_count=2978 44597 53 50 67 63 160 55 96 88 154 51 79 59 138 53 66 79 131 263 52 82 259 173 556 554 78 75 91 1849 26951
internal_value=2.78118e-09 -0.000162248 -0.000186988 4.39867e-05 -0.000258314 1.00831e-05 -0.000426311 0.00177187 0.000858875 -0.00145354 -0.00220808 0.000320018 0.00183 0.000176191 -0.00134006 0.000344197 0.000385088 0.000134194 0.00075892 -0.00163275 -0.00243917 0.000526314 0.00138364 0.000274762 1.26974e-05 -5.51618e-05 -6.15098e-05 -0.00143767 -5.37226e-05 -7.67894e-05
internal_weight=80000 5805 5752 2774 1324 1179 945 234 184 417 257 1450 126 1324 132 1192 528 473 342 206 145 1054 239 815 74195 29598 29520 166 29354 27505
internal_count=80000 5805 5752 2774 1324 1179 945 234 184 417 257 1450 126 1324 132 1192 528 473 342 206 145 1054 239 815 74195 29598 29520 166 29354 27505
is_linear=0
shrinkage=0.05


Tree=210
num_leaves=31
num_cat=0
split_feature=6 9 7 7 6 7 7 3 7 7 9 6 7 7 6 3 7 7 3 7 0 7 0 7 7 3 7 7 7 7
split_gain=0.287912 0.170451 0.226078 0.180265 0.138134 0.151869 0.15564 0.143582 0.204065 0.277166 0.128854 0.128404 0.751872 0.354649 0.32701 0.56256 0.359436 0.361732 0.278728 0.52288 1.22445 0.389795 0.205471 0.408584 0.253374 0.236915 0.336594 0.395596 0.321336 0.21075
threshold=1.0000000180025095e-35 0.45124090117685461 0.50126780944777805 0.40153604415423816 1.5000000000000002 1.3988536970896364 2.3961713500250346 1.0000000180025095e-35 0.90019487062193726 1.0996584012090167 0.45124090117685461 2.5000000000000004 1.5983172276767157 1.2991219317960965 1.5000000000000002 3.5000000000000004 2.1967078194379543 1.8975125235573351 3.5000000000000004 1.1993901665025566 4.5000000000000009 0.80046310532839737 4.5000000000000009 -1.2939039658359379 0.90019487062193726 4.5000000000000009 0.10234074827361882 1.0996584012090167 -0.99470866995531859 -0.79524513936823904
decision_type=2 2 2 2 2 2 2 2 2 2 2 2 2 2 2 2 2 2 2 2 2 2 2 2 2 2 2 2 2 2
left_child=10 2 3 -2 7 -6 -7 8 -4 -10 -1 14 13 -13 15 16 17 -3 -16 21 -21 -20 25 -24 -25 26 29 -28 -27 -17
right_child=1 11 4 -5 5 6 -8 -9 9 -11 -12 12 -14 -15 18 22 -18 -19 19 20 -22 -23 23 24 -26 28 27 -29 -30 -31
leaf_value=1.9383241670872093e-05 3.7666833948923808e-05 -0.00072516109111916646 -0.0015518576502355028 0.0011144067651288447 -0.00039663543384655981 0.00076122495104046081 -0.001217737850726283 -0.00083792024745347853 0.0040667511495920267 0.00013684150585257672 0.00019871358950168596 -0.00041754365884082915 -0.004761079274936496 0.0029823602011076105 0.00063643619731486333 -0.00046172130698818992 -0.0045573387517087857 0.0028986611992908584 -0.00018404010841079264 -0.0089316762914509271 0.0016600861321431591 0.0036921110804648814 -0.0025016860810799769 0.00062424349663140919 0.0032823472260764021 0.00053398341002006686 -0.0031929913980115981 0.0016650046672718535 -0.0012951791434211426 0.0023011813357148524
leaf_weight=25228 18406 3917 109 397 1310 689 116 1669 58 197 16613 4288 99 78 2047 95 60 70 1363 54 55 68 100 1338 96 369 100 72 687 252
leaf_count=25228 18406 3917 109 397 1310 689 116 1669 58 197 16613 4288 99 78 2047 95 60 70 1363 54 55 68 100 1338 96 369 100 72 687 252
internal_value=2.77561e-09 -9.93218e-05 -1.33001e-05 6.04066e-05 -0.000347408 -6.45129e-05 0.000475942 -0.000641695 0.000258012 0.00103195 9.05868e-05 -0.00022914 -0.000454496 -0.000356736 -0.000135474 -0.00033078 -0.000719337 -0.000661466 0.000254156 -0.000253987 -0.00359059 3.96683e-07 0.000175014 0.000586869 0.000802408 -0.00022613 0.00064852 -0.00115963 -0.000656022 0.00154485
internal_weight=80000 38159 22951 18803 4148 2115 805 2033 364 255 41841 15208 4465 4366 10743 7156 4047 3987 3587 1540 109 1431 3109 1534 1434 1575 519 172 1056 347
internal_count=80000 38159 22951 18803 4148 2115 805 2033 364 255 41841 15208 4465 4366 10743 7156 4047 3987 3587 1540 109 1431 3109 1534 1434 1575 519 172 1056 347
is_linear=0
shrinkage=0.05


Tree=211
num_leaves=31
num_cat=0
split_feature=8 5 6 10 8 10 10 10 10 10 6 10 6 11 5 10 8 11 6 8 8 8 11 3 10 8 8 8 8 8
split_gain=0.582854 0.595123 0.562891 0.389796 0.609943 2.18478 0.942011 0.596126 0.475804 0.597322 2.38897 0.913461 0.877604 0.734622 0.447509 0.889391 0.545569 1.00251 0.918239 0.709552 0.943657 0.906453 0.844236 0.618524 0.496718 1.29532 1.39941 0.983739 0.894718 0.84437
threshold=-0.55749786150795455 1.0000000180025095e-35 1.0000000180025095e-35 3.0475215000000007 -1.6739998374475167 3.0473095000000003 3.0471305000000002 3.0469525000000002 3.0419025000000004 3.0460385000000003 1.5000000000000002 3.0456485000000004 1.5000000000000002 101.79596250000002 1.0000000180025095e-35 3.0455415000000006 -0.97476284711704109 101.79820850000002 3.5000000000000004 -1.2232464902325644 -1.4449394440633954 -1.5025394260254843 101.79824050000002 1.5000000000000002 3.0438415000000005 -0.96069773524257751 -1.3371069196925081 -0.72694897123363489 -1.083934905952163 -0.71422339382340594
decision_type=2 2 2 2 2 2 2 2 2 2 2 2 2 2 2 2 2 2 2 2 2 2 2 2 2 2 2 2 2 2
left_child=3 -2 -3 4 5 6 7 8 -1 11 -11 12 -10 -12 15 -6 19 18 -18 20 21 23 -22 -17 25 26 -16 -27 -26 -30
right_child=1 2 -4 -5 14 -7 -8 -9 9 10 13 -13 -14 -15 24 16 17 -19 -20 -21 22 -23 -24 -25 28 27 -28 -29 29 -31
leaf_value=-0.0020864095796737903 -4.2706092540278006e-05 -0.00027025886529410855 -0.001434023585007865 -0.00016066819848058981 0.00015527893192512549 0.011519025918282197 -0.0052289283906455201 0.0064113376583482167 -0.00055833732891858226 0.0045969127464851704 -0.0011847999796312653 0.0065646111761612363 0.0025892523861303853 -0.0084236580725434319 0.00085879425552960352 -0.0030882640831282641 0.0022849634323791725 -0.00044105297526576966 0.0073960062668674944 -0.00064119268746223813 0.0020750927252913558 -0.0052111671964862345 0.0080088171741169393 0.0034508711609760631 0.00016609036610146753 0.0026794799143344599 -0.0011675853285858827 9.9070596340520285e-05 -0.001791447002012162 0.00039344566907813347
leaf_weight=117 47915 3476 1482 6176 6320 50 60 52 372 110 63 91 547 79 1662 54 846 315 98 646 383 80 71 109 3455 866 1748 644 1483 630
leaf_count=117 47915 3476 1482 6176 6320 50 60 52 372 110 63 91 547 79 1662 54 846 315 98 646 383 80 71 109 3455 866 1748 644 1483 630
internal_value=2.3571e-09 -9.66669e-05 -0.000618143 0.000188419 0.000291325 0.00124876 0.000903601 0.00116108 0.000962648 0.00124547 -0.00093198 0.00178879 0.00131522 -0.00521515 0.000215306 0.000475603 0.0012536 0.00200133 0.00281629 0.000552543 0.00165887 -0.000855613 0.00300461 0.00128397 -6.12801e-06 0.000359923 -0.000179952 0.00157904 -0.000329579 -0.00114002
internal_weight=80000 52873 4958 27127 20951 1541 1491 1431 1379 1262 252 1010 919 142 19410 8922 2602 1259 944 1343 697 243 454 163 10488 4920 3410 1510 5568 2113
internal_count=80000 52873 4958 27127 20951 1541 1491 1431 1379 1262 252 1010 919 142 19410 8922 2602 1259 944 1343 697 243 454 163 10488 4920 3410 1510 5568 2113
is_linear=0
shrinkage=0.05


Tree=212
num_leaves=31
num_cat=0
split_feature=7 4 7 5 2 7 0 0 1 5 7 7 7 2 5 7 1 0 1 7 0 7 2 5 7 5 7 0 0 7
split_gain=0.0662567 0.0728583 0.183919 0.38573 0.182541 0.24153 0.178512 0.11286 0.105004 0.0896301 0.0855649 0.0567823 0.063725 0.173142 0.503829 0.0563668 0.110138 0.068695 0.0554642 0.0499142 0.115177 0.098997 0.188632 0.278939 0.165604 0.0970324 0.104961 0.444458 0.142811 0.251505
threshold=-1.6928310270100968 1.0000000180025095e-35 -1.8922945575971761 1.0000000180025095e-35 1.0000000180025095e-35 -1.9920263228907162 4.5000000000000009 3.5000000000000004 1.5000000000000002 1.0000000180025095e-35 -1.7925627923036365 0.10234074827361882 0.30180427886069844 1.0000000180025095e-35 1.0000000180025095e-35 -1.8922945575971761 2.5000000000000004 3.5000000000000004 2.5000000000000004 0.70073134003485771 1.5000000000000002 0.99992663591547692 1.0000000180025095e-35 1.0000000180025095e-35 0.80046310532839737 1.0000000180025095e-35 0.40153604415423816 4.5000000000000009 4.5000000000000009 0.60099957474131782
decision_type=2 2 2 2 2 2 2 2 2 2 2 2 2 2 2 2 2 2 2 2 2 2 2 2 2 2 2 2 2 2
left_child=1 2 4 8 -1 6 9 -7 -4 -6 -10 -2 13 14 -13 16 17 -3 -17 20 -14 22 23 24 -21 -22 27 -27 29 -28
right_child=11 15 3 -5 5 7 -8 -9 10 -11 -12 12 19 -15 -16 18 -18 -19 -20 21 25 -23 -24 -25 -26 26 28 -29 -30 -31
leaf_value=0.0017852151330508157 3.9534819787797675e-05 -0.001887806471233464 0.00030165925460499358 -0.0048024386901575284 0.00014673434630717912 -0.00016954540156559859 -0.0035944752534279195 0.0028339128185981641 -0.0026031252097100123 -0.0021210588795309467 -0.00060321285750850268 -0.00034366755023011747 -0.00030058883863384625 -6.2367546319727488e-05 -0.0034969689858048488 0.0010527617649753274 0.0008753864534728293 0.00018425121348589026 -0.00028994440137591003 -0.001085223404363831 5.646902569785204e-05 3.7070183666343004e-06 -0.00010370586032971475 -0.0017141552550838509 0.0013216232123650492 -0.0011935860346209517 0.0015661113055461179 0.0026132979515621985 -0.00015285536157258337 -2.4020899719065967e-05
leaf_weight=117 48843 116 152 68 136 62 65 63 89 64 134 953 1451 4469 146 205 104 61 123 129 3893 13197 2869 486 160 299 683 103 369 391
leaf_count=117 48843 116 152 68 136 62 65 63 89 64 134 953 1451 4469 146 205 104 61 123 129 3893 13197 2869 486 160 299 683 103 369 391
internal_value=3.96223e-09 -0.000322752 -0.000596403 -0.00134054 5.39344e-05 -0.000465774 -0.00132022 0.00134525 -0.000711669 -0.000579657 -0.00140219 6.41908e-06 -4.82289e-05 -0.00020064 -0.000762858 0.000104154 -0.000415471 -0.00117401 0.000549312 -1.2913e-05 9.7381e-05 -5.9995e-05 -0.00029069 -0.000982791 0.000247283 0.000198021 0.000496681 -0.000217783 0.000695723 0.00098726
internal_weight=80000 1559 950 443 507 390 265 125 375 200 223 78441 29598 5568 1099 609 281 177 328 24030 7189 16841 3644 775 289 5738 1845 402 1443 1074
internal_count=80000 1559 950 443 507 390 265 125 375 200 223 78441 29598 5568 1099 609 281 177 328 24030 7189 16841 3644 775 289 5738 1845 402 1443 1074
is_linear=0
shrinkage=0.05


Tree=213
num_leaves=31
num_cat=0
split_feature=8 10 11 8 10 7 8 8 8 10 8 10 10 7 6 2 8 4 11 6 4 8 2 6 4 2 6 8 7 7
split_gain=0.541759 0.465659 0.33549 0.366916 0.36428 0.380085 0.902586 0.723864 0.914242 0.713684 0.967793 0.350998 0.338652 0.300193 0.282412 0.433168 1.81879 0.864931 0.496382 0.39827 0.366916 0.3548 0.415233 0.589896 0.569402 1.77121 0.689212 0.95634 0.39992 0.623589
threshold=-0.73900478141174653 3.0480935000000007 101.79485350000002 -1.3371069196925081 3.0477555000000005 0.40153604415423816 -0.80397220292712601 -1.1984651026442237 -1.5025394260254843 3.0480195000000005 -1.6472091481628242 3.0477455000000004 3.0443835000000004 1.5983172276767157 2.5000000000000004 1.0000000180025095e-35 -0.12683753125652172 1.0000000180025095e-35 101.79824050000002 3.5000000000000004 1.0000000180025095e-35 0.50140413246951887 3.5000000000000004 1.0000000180025095e-35 1.0000000180025095e-35 1.0000000180025095e-35 1.0000000180025095e-35 0.71907848290764587 1.1993901665025566 2.1967078194379543
decision_type=2 2 2 2 2 2 2 2 2 2 2 2 2 2 2 2 2 2 2 2 2 2 2 2 2 2 2 2 2 2
left_child=1 2 3 -1 11 -6 7 8 9 10 -7 -4 -5 -8 21 16 17 18 19 -16 -18 -2 24 28 25 26 27 -23 -24 -30
right_child=14 -3 4 12 5 6 13 -9 -10 -11 -12 -13 -14 -15 15 -17 20 -19 -20 -21 -22 22 23 -25 -26 -27 -28 -29 29 -31
leaf_value=-0.0040625799356711996 9.3409043758013014e-05 0.0045651353401423064 0.00028325756152408366 -0.0030348819628570022 -0.00078545231055630156 -0.0032627565885033657 -0.0013760467312724409 0.002024886251445555 -0.0014189887057890259 0.0061367599623407517 0.0032419985122402895 0.0033444905315917262 0.0015847385920473266 -0.006730176832952863 -0.0030577246442674549 -0.00022239551320405259 -0.0067921512913624825 0.0023428342962605263 -0.0042467097305295201 0.0010605258002675175 -0.0031156114876696784 0.0010386938592399217 -0.0002164970368051586 -0.0016587584696169128 0.00023626788054599069 1.0151454718647765e-05 -0.0034650527765552699 -0.0015898849280536324 -0.0038055677249351503 0.0024307096759554523
leaf_weight=95 23979 61 19114 64 1717 97 50 560 591 76 139 94 104 55 87 4026 128 248 112 180 145 423 4616 986 9040 10728 359 1900 174 52
leaf_count=95 23979 61 19114 64 1717 97 50 560 591 76 139 94 104 55 87 4026 128 248 112 180 145 423 4616 986 9040 10728 359 1900 174 52
internal_value=3.02604e-09 0.000205986 0.000194281 -0.00158083 0.000215043 -0.000271512 0.000291281 0.000612761 -0.000263103 0.00192616 0.000568184 0.000298256 -0.000175875 -0.00418433 -8.21879e-05 -0.000444096 -0.0014357 4.76382e-05 -0.00145445 -0.000282018 -0.00484127 -4.80719e-05 -0.000168044 -0.000544085 -7.04219e-05 -0.000277169 -0.00142641 -0.00111122 -0.000317069 -0.00237023
internal_weight=80000 22817 22756 263 22493 3285 1568 1463 903 312 236 19208 168 105 57183 4926 900 627 379 267 273 52257 28278 5828 22450 13410 2682 2323 4842 226
internal_count=80000 22817 22756 263 22493 3285 1568 1463 903 312 236 19208 168 105 57183 4926 900 627 379 267 273 52257 28278 5828 22450 13410 2682 2323 4842 226
is_linear=0
shrinkage=0.05


Tree=214
num_leaves=31
num_cat=0
split_feature=6 6 7 3 11 1 3 7 7 7 3 7 7 0 11 7 7 11 3 1 11 11 1 7 11 11 11 3 7 7
split_gain=0.26652 0.245123 0.457844 0.375922 0.401855 0.331897 0.528253 0.557651 0.395164 0.228551 0.249234 0.711728 0.54149 0.463897 0.505708 0.262365 0.256713 0.337122 0.519325 0.71226 0.256969 0.408845 0.250135 0.286695 0.418621 0.292222 0.729966 0.199966 0.170139 0.157356
threshold=2.5000000000000004 3.5000000000000004 -0.79524513936823904 1.0000000180025095e-35 101.79747550000002 1.5000000000000002 1.5000000000000002 -0.49604984348761971 -0.59578160878115949 1.0000000180025095e-35 2.5000000000000004 0.40153604415423816 1.5983172276767157 2.5000000000000004 101.79817650000001 1.2991219317960965 0.50126780944777805 101.79663550000002 5.5000000000000009 1.5000000000000002 101.79736350000002 101.79822050000001 1.0000000180025095e-35 1.8975125235573351 101.79826050000001 101.79518050000001 101.79573150000002 3.5000000000000004 -1.4933674964230172 -1.0944404352488581
decision_type=2 2 2 2 2 2 2 2 2 2 2 2 2 2 2 2 2 2 2 2 2 2 2 2 2 2 2 2 2 2
left_child=-1 2 -2 4 -4 8 -7 27 -5 28 11 13 15 -11 -15 16 17 -12 19 -19 -18 -22 -13 24 25 -24 -27 -8 -3 -30
right_child=1 9 3 5 -6 6 7 -9 -10 10 12 22 -14 14 -16 -17 20 18 -20 -21 21 -23 23 -25 -26 26 -28 -29 29 -31
leaf_value=3.6679957327446177e-05 -0.00030743775034378518 0.0017885523236021628 -0.0024965341907448161 0.0019938177607824467 0.0035015107368645973 -0.0074451631411812718 -0.0028384205373815849 0.00017345565161851418 -0.0024681819009565197 -0.00059392048691477234 -0.00081089505409802766 0.0018194716394299894 -0.0036646235876464646 -0.0072961890550828461 -0.0017345119887203612 0.0035217506620813161 0.00067286238078623174 0.0006665354430929252 -0.0016390992279248944 0.0066222551930995889 -0.0039999421984468408 0.00067196123190814059 -0.0041206468720088518 0.0025254879188585837 -0.0049441180400358218 0.0050701283488907992 -0.00092539146009620085 -0.0070115884059159658 -0.00049738714522662691 0.00027569931315422902
leaf_weight=68875 4282 159 50 78 63 64 63 114 136 104 151 126 86 93 73 66 171 109 68 93 109 82 50 64 60 59 360 53 821 3318
leaf_count=68875 4282 159 50 78 63 64 63 114 136 104 151 126 86 93 73 66 171 109 68 93 109 82 50 64 60 59 360 53 821 3318
internal_value=1.59679e-09 -0.000227073 -0.00049146 -0.0017601 0.000847648 -0.00234022 -0.00343034 -0.00231042 -0.000841674 -1.87287e-05 -0.000471641 -0.00102492 0.000113642 -0.00321324 -0.00485291 0.000496751 0.000241353 0.00108075 0.00213857 0.00341045 -0.000734877 -0.0019949 -0.000202831 -0.000632762 -0.00101526 -0.000511689 -8.01453e-05 -0.00474952 0.000184024 0.000122344
internal_weight=80000 11125 4903 621 113 508 294 230 214 6222 1924 989 935 270 166 849 783 421 270 202 362 191 719 593 529 469 419 116 4298 4139
internal_count=80000 11125 4903 621 113 508 294 230 214 6222 1924 989 935 270 166 849 783 421 270 202 362 191 719 593 529 469 419 116 4298 4139
is_linear=0
shrinkage=0.05


Tree=215
num_leaves=31
num_cat=0
split_feature=8 5 10 2 10 10 11 10 11 10 11 11 11 11 10 11 11 11 11 8 2 4 5 2 2 8 8 8 1 8
split_gain=0.527056 0.519911 1.18667 0.998166 0.435569 1.00217 0.678749 0.435568 0.634919 1.06983 0.82103 1.10549 0.842065 1.02728 0.627061 0.416235 1.04746 0.38254 0.640996 0.375253 0.427752 0.900198 0.410133 1.19014 0.500461 0.395614 0.584541 0.356384 0.797846 0.326173
threshold=-1.700120759500092 1.0000000180025095e-35 3.0475935000000005 1.0000000180025095e-35 3.0427425000000006 3.0430045000000003 101.79787250000001 3.0477365000000005 101.79822050000001 3.0472355000000007 101.79807650000002 101.79801150000002 101.79811250000002 101.79816850000002 3.0478855000000005 101.79530650000001 101.79556250000002 101.79611550000001 101.79816050000001 0.19799957632037568 3.5000000000000004 1.0000000180025095e-35 1.0000000180025095e-35 1.5000000000000002 3.5000000000000004 -0.054502670187851793 -0.94864192506446587 0.86173890334863368 2.5000000000000004 -0.38134907946110097
decision_type=2 2 2 2 2 2 2 2 2 2 2 2 2 2 2 2 2 2 2 2 2 2 2 2 2 2 2 2 2 2
left_child=1 2 3 -1 6 -6 -3 8 10 -10 11 15 -12 -14 -9 -7 -17 -5 -19 20 29 -22 24 -24 -21 26 -23 -25 -29 -2
right_child=19 4 -4 17 5 7 -8 14 9 -11 12 -13 13 -15 -16 16 -18 18 -20 22 21 25 23 27 -26 -27 -28 28 -30 -31
leaf_value=0.0055596393164525151 0.0001075027771272361 0.0084685056922053862 -0.0057564475716722465 0.0013975002910458158 -0.0055954076794645161 -0.0016140770557466399 0.0018357546008477329 0.0066901925211844057 -0.007197731767465557 0.0025062671197813337 0.0093605360773679515 -0.0049687937194399547 -0.0023067301000388534 0.0058809016101627155 0.00089993470625162318 0.0074704581840601058 0.00074728516756498325 -0.0072361238936553456 0.0007647218416443098 -2.9589381684789884e-06 0.00013182293011099471 0.0028105144403905323 -0.0025989350004502411 0.00049094342488221392 -0.00048652277648824282 0.0026288372969082681 0.00034610170206937093 0.00048721311693947737 -0.0058383539889186589 -0.00022018393199719946
leaf_weight=79 23608 50 91 80 56 101 168 83 61 53 54 84 71 83 107 71 313 50 50 26518 6669 318 644 957 6703 477 988 141 77 11195
leaf_count=79 23608 50 91 80 56 101 168 83 61 53 54 84 71 83 107 71 313 50 50 26518 6669 318 644 957 6703 477 988 141 77 11195
internal_value=5.24722e-11 0.000869651 -0.000848107 0.000878001 0.00131338 0.000920677 0.00336021 0.00125872 0.000795047 -0.00268798 0.00130635 0.000323433 0.00399375 0.00210704 0.00343155 0.00124086 0.00199199 -0.00117866 -0.00323893 -1.89391e-05 7.95819e-05 0.000398643 -0.000140558 -0.000871576 -0.000100529 0.00139657 0.000946335 7.53048e-05 -0.0017487 2.09623e-06
internal_weight=80000 1705 350 259 1355 1137 218 1081 891 114 777 569 208 154 190 485 384 180 100 78295 43255 8452 35040 1819 33221 1783 1306 1175 218 34803
internal_count=80000 1705 350 259 1355 1137 218 1081 891 114 777 569 208 154 190 485 384 180 100 78295 43255 8452 35040 1819 33221 1783 1306 1175 218 34803
is_linear=0
shrinkage=0.05


Tree=216
num_leaves=31
num_cat=0
split_feature=8 7 8 6 0 8 7 3 0 8 7 8 7 8 0 3 0 6 8 0 6 0 8 8 8 3 8 8 7 3
split_gain=0.475724 0.466048 0.339034 0.701921 0.570928 1.34988 1.13534 1.33763 0.770248 1.03715 0.735858 0.489349 1.19486 0.550648 0.429494 0.421144 1.01003 0.635389 0.875994 0.634362 0.508451 0.388108 0.814969 1.02252 0.798874 0.461913 0.381079 0.336922 0.605085 0.299023
threshold=-1.700120759500092 2.2964395847314942 0.50140413246951887 1.0000000180025095e-35 2.5000000000000004 0.066055431593264671 0.50126780944777805 2.5000000000000004 3.5000000000000004 0.28372978203139171 -0.19685454760700036 -1.5835812611116793 0.99992663591547692 -1.568176614772981 2.5000000000000004 4.5000000000000009 3.5000000000000004 1.0000000180025095e-35 0.81887380049312564 4.5000000000000009 1.0000000180025095e-35 4.5000000000000009 -1.5186138395962998 -1.4308743321889319 -1.5186138395962998 1.5000000000000002 -1.4730696678123223 -1.4878045469189034 0.50126780944777805 1.0000000180025095e-35
decision_type=2 2 2 2 2 2 2 2 2 2 2 2 2 2 2 2 2 2 2 2 2 2 2 2 2 2 2 2 2 2
left_child=1 -1 3 4 27 11 7 8 9 29 -11 12 -6 -13 -4 16 17 18 -16 -17 -21 22 25 -24 -23 -15 -26 28 -2 -7
right_child=2 -3 14 -5 5 6 -8 -9 -10 10 -12 13 -14 21 15 19 -18 -19 -20 20 -22 24 23 -25 26 -27 -28 -29 -30 -31
leaf_value=0.00065374257869245779 -0.0033737946604679783 0.0047890872022585025 7.618004242678262e-05 -8.0251500794847297e-05 -0.0029252145887435658 0.0067037952517321007 0.00026188740425579343 0.0010357486969501315 0.0010343448974125837 0.0073784974728712052 0.0010220149074368764 -0.00479457378317295 0.0051355933390165144 -0.0073755621636486315 0.00049748752439913275 0.00032131520295019893 -0.00021821354698012805 -0.0032968219772259535 -0.0016593078399634526 -0.00036743967708896373 -0.0023847613550526479 0.0064328079214380557 0.0029520499617433525 2.4262002194333439e-05 -0.0035814191961049632 -0.0014156173780675665 0.00073234217513481212 -0.00011914961268353353 0.0023849170477609738 0.011625492588922866
leaf_weight=1634 54 71 11685 31970 66 50 509 343 84 85 98 53 151 53 656 4562 7176 364 1667 1843 376 61 314 5898 52 84 2961 6706 291 83
leaf_count=1634 54 71 11685 31970 66 50 509 343 84 85 98 53 151 53 656 4562 7176 364 1667 1843 376 61 314 5898 52 84 2961 6706 291 83
internal_value=9.71647e-10 0.000826218 -1.79923e-05 6.03512e-05 0.000310132 0.000536173 0.00208113 0.00332723 0.00529142 0.00642236 0.0039769 0.000336598 0.0026837 0.000282821 -0.000156172 -0.000319296 -0.000527839 -0.0013547 -0.00105025 -1.59657e-05 -0.000709358 0.00031143 8.81452e-05 0.000172299 0.000772581 -0.00372499 0.000657777 -4.07457e-05 0.00148284 0.00978166
internal_weight=80000 1705 78295 49966 17996 10945 1252 743 400 316 183 9693 217 9476 28329 16644 9863 2687 2323 6781 2219 9423 6349 6212 3074 137 3013 7051 345 133
internal_count=80000 1705 78295 49966 17996 10945 1252 743 400 316 183 9693 217 9476 28329 16644 9863 2687 2323 6781 2219 9423 6349 6212 3074 137 3013 7051 345 133
is_linear=0
shrinkage=0.05


Tree=217
num_leaves=31
num_cat=0
split_feature=8 5 0 8 8 6 8 8 8 1 0 6 8 8 0 8 6 3 1 1 1 3 3 0 3 0 8 8 6 8
split_gain=0.43047 0.716936 0.949808 3.14314 0.972615 0.628515 0.500962 0.41546 0.407298 0.71094 0.453501 0.378624 0.377424 0.309374 0.995756 1.88126 0.554766 0.497059 0.468087 1.32437 0.321828 0.295512 0.321295 0.27137 0.601173 2.16376 0.785935 0.69002 0.454218 0.770377
threshold=-0.73900478141174653 1.0000000180025095e-35 1.5000000000000002 -0.032400351527980438 -0.150949151612745 2.5000000000000004 -0.50257694847433476 -0.27686539125079995 0.74586917219233861 1.5000000000000002 4.5000000000000009 1.0000000180025095e-35 -0.032400351527980438 -0.12683753125652172 1.5000000000000002 -0.52869787052691009 3.5000000000000004 2.5000000000000004 1.5000000000000002 2.5000000000000004 1.0000000180025095e-35 4.5000000000000009 2.5000000000000004 2.5000000000000004 4.5000000000000009 3.5000000000000004 -0.94864192506446587 -1.4878045469189034 1.0000000180025095e-35 -1.6043440453073161
decision_type=2 2 2 2 2 2 2 2 2 2 2 2 2 2 2 2 2 2 2 2 2 2 2 2 2 2 2 2 2 2
left_child=23 13 3 6 5 -4 -3 -8 10 -10 -6 -5 -12 14 15 -2 -15 -17 -18 21 -16 22 -20 -1 28 27 -27 -26 29 -25
right_child=1 2 4 11 8 -7 7 -9 9 -11 12 -13 -14 16 20 17 18 -19 19 -21 -22 -23 -24 24 25 26 -28 -29 -30 -31
leaf_value=-3.0391709784402478e-05 0.0017052343623508073 0.0012400689272465838 -0.0012081965765420779 -0.0018203578986812454 -0.00015498284365596802 -0.0037911480479006034 0.0046827589697501486 0.0013729154873536381 0.00050635804706533291 -0.0035094347417236335 -0.0022046157984232282 -0.0051043503460738646 0.0023060689847845327 -3.2365656632205077e-05 -7.8623675712210898e-05 -0.000555239288617461 2.5005295643704168e-05 -0.0024575791937379576 -0.0041901259650325645 -0.00051301387078177491 0.0006624091722194713 -0.0031025314967436904 -0.0092899183288027275 0.003347458845164587 -0.0087764991990449143 0.0017568963257651301 -0.0011544043609587953 -0.0026509269790213948 0.00020265040178976416 0.0006644346317791741
leaf_weight=8982 558 470 2935 393 1290 256 290 141 233 209 53 113 367 38717 1922 564 682 878 71 678 6164 144 55 285 51 654 359 461 7678 4347
leaf_count=8982 558 470 2935 393 1290 256 290 141 233 209 53 113 367 38717 1922 564 682 878 71 678 6164 144 55 285 51 654 359 461 7678 4347
internal_value=2.26528e-09 -7.3262e-05 -0.000557188 0.000598578 -0.000861547 -0.00141553 0.00236949 0.00360053 -4.00731e-05 -0.00139288 0.00030966 -0.0025546 0.00173647 -8.49196e-06 0.000239192 -0.000759722 -7.04088e-05 -0.00171362 -0.000973981 -0.00169259 0.000486271 -0.00465334 -0.00642183 0.000183614 0.00032255 -0.00061385 0.00072514 -0.00326269 0.000438558 0.000829586
internal_weight=80000 57183 6750 1407 5343 3191 901 431 2152 442 1710 506 420 50433 10086 2000 40347 1442 1630 948 8086 270 126 22817 13835 1525 1013 512 12310 4632
internal_count=80000 57183 6750 1407 5343 3191 901 431 2152 442 1710 506 420 50433 10086 2000 40347 1442 1630 948 8086 270 126 22817 13835 1525 1013 512 12310 4632
is_linear=0
shrinkage=0.05


Tree=218
num_leaves=31
num_cat=0
split_feature=5 7 7 7 7 7 7 0 7 7 2 7 7 7 7 7 7 7 7 7 7 7 9 7 0 1 7 0 0 7
split_gain=0.076458 0.1865 0.304903 0.308913 0.335612 0.188597 0.430333 0.258884 0.160368 0.130198 0.111333 0.498974 0.228837 0.552234 0.368107 0.442976 0.450294 0.660761 0.184137 0.140548 0.115619 0.234561 0.179139 0.136625 0.173313 0.104086 0.0916528 0.165046 0.0826157 0.0776071
threshold=1.0000000180025095e-35 -0.99470866995531859 -1.0944404352488581 -1.194172200542398 -1.2939039658359379 -1.8922945575971761 -1.6928310270100968 3.5000000000000004 -1.4933674964230172 -0.8949769046617787 1.0000000180025095e-35 1.2991219317960965 -0.29658631290054016 -0.49604984348761971 -0.097122782313460637 1.0000000180025095e-35 0.40153604415423816 0.50126780944777805 2.8948301764927331 -0.79524513936823904 1.7977807582637952 2.0969760541444149 -1.117930881447166 1.6980489929702556 4.5000000000000009 2.5000000000000004 2.1967078194379543 4.5000000000000009 2.5000000000000004 2.3961713500250346
decision_type=2 2 2 2 2 2 2 2 2 2 2 2 2 2 2 2 2 2 2 2 2 2 2 2 2 2 2 2 2 2
left_child=-1 2 3 4 5 7 -7 -2 -8 -3 11 12 13 -11 -14 -16 -17 -18 29 -12 23 22 -22 -21 -25 -23 27 -27 -10 -13
right_child=1 9 -4 -5 -6 6 8 -9 28 10 19 18 14 -15 15 16 17 -19 -20 20 21 25 -24 24 -26 26 -28 -29 -30 -31
leaf_value=2.8370009805183112e-05 0.0027769881664805973 0.0017073415255569474 -0.0036847631935934505 0.0025912887381904521 -0.004037214400943975 -0.0046143365010862594 0.0013831687032360947 -0.0014795736741342778 -0.0028656363315757612 -0.0015071028871604256 -0.0020817338353202081 0.00028411949045393267 -0.0039184826771931332 0.0039197809157494583 0.0035139591024927926 -0.002814587376988132 0.0032843387557554629 -0.00093680570602973313 0.0020140493692500845 4.8432697319786982e-05 0.00025050355908439283 -0.00023984475074159421 -0.00099030076785798201 0.0003191200945258361 0.0022292487948043951 1.2419466944632404e-05 0.00019208766725177488 0.0027060199326040379 -0.00014492582637527381 -0.00061368580449007231
leaf_weight=59842 88 104 86 71 74 68 102 60 50 111 81 1463 104 81 56 284 100 1256 141 10436 382 1388 1219 460 160 120 1154 108 63 288
leaf_count=59842 88 104 86 71 74 68 102 60 50 111 81 1463 104 81 56 284 100 1256 141 10436 382 1388 1219 460 160 120 1154 108 63 288
internal_value=1.42478e-10 -8.42197e-05 -0.000909489 -0.000494558 -0.000928836 -0.000394335 -0.00115058 0.00105152 -5.34248e-05 -5.61926e-05 -6.56593e-05 -0.000305047 -0.000857341 0.000783212 -0.00103237 -0.000855168 -0.00100456 -0.000625293 0.000276452 -5.70259e-06 5.21111e-06 -0.000212483 -0.000694247 9.1278e-05 0.000812337 6.59804e-05 0.000373128 0.00128896 -0.00135025 0.000136424
internal_weight=80000 20158 662 576 505 431 283 148 215 19496 19392 3884 1992 192 1800 1696 1640 1356 1892 15508 15427 4371 1601 11056 620 2770 1382 228 113 1751
internal_count=80000 20158 662 576 505 431 283 148 215 19496 19392 3884 1992 192 1800 1696 1640 1356 1892 15508 15427 4371 1601 11056 620 2770 1382 228 113 1751
is_linear=0
shrinkage=0.05


Tree=219
num_leaves=31
num_cat=0
split_feature=8 5 10 1 10 10 10 10 10 10 10 10 10 10 3 8 5 9 8 8 10 8 8 8 3 8 10 3 10 8
split_gain=0.421173 0.459387 1.06775 0.69773 0.647812 0.391026 0.907173 0.604169 0.395567 0.573028 0.539502 1.19634 0.882814 0.933254 0.308501 0.304362 0.363699 0.766543 0.653431 1.18928 0.549883 0.491255 0.456627 0.405973 0.590669 1.42551 0.954198 1.33042 1.40258 0.613109
threshold=-1.700120759500092 1.0000000180025095e-35 3.0475935000000005 2.5000000000000004 3.0440715000000007 3.0427425000000006 3.0430045000000003 3.0422685000000005 3.0477365000000005 3.0478855000000005 3.0463955000000005 3.0458985000000003 3.0468465000000005 3.0471665000000003 1.5000000000000002 0.11963681016264981 1.0000000180025095e-35 0.45124090117685461 -1.3772929536195466 -1.2111906800544525 3.0456145000000006 -1.3900185310297755 -1.5025394260254843 -1.0564744494353533 1.0000000180025095e-35 -1.4878045469189034 3.0469915000000003 4.5000000000000009 3.0473095000000003 -1.124120939879202
decision_type=2 2 2 2 2 2 2 2 2 2 2 2 2 2 2 2 2 2 2 2 2 2 2 2 2 2 2 2 2 2
left_child=1 2 3 4 -1 7 -7 -3 10 -10 11 -8 -12 -14 -15 16 17 18 22 20 -20 -18 -2 24 25 -19 29 28 -28 -26
right_child=15 5 -4 -5 -6 6 8 -9 9 -11 12 -13 13 14 -16 -17 21 23 19 -21 -22 -23 -24 -25 26 -27 27 -29 -30 -31
leaf_value=-0.00052127175426687163 -0.00012156026513385519 0.00098720134970196405 -0.0054931699346370683 -0.0020579730150990512 0.0062545161445452403 -0.0053771098711695555 0.00065220804055768594 0.0063613222133535059 0.0063297752462995434 0.0007946900350548655 -0.0050441537189032451 0.0070091315363317091 0.0059392033366223711 0.0014837776549303258 -0.0027126074794186672 -0.0001212264310539714 0.00037196091453031179 -0.0081494814076523443 0.00044746519371508409 -7.0810184241220026e-05 0.0028922269289546909 -0.00025748178995226712 -0.0023232061293549764 0.00037550372200655688 0.00060840090084294932 0.00076462796985139682 0.012903427031754001 -0.0027473445101449754 0.0035512421559680293 0.0034121759397057112
leaf_weight=65 439 131 91 117 77 56 463 87 83 107 92 88 63 71 114 36944 4105 55 421 12696 507 12658 508 7999 1248 241 57 51 135 231
leaf_count=65 439 131 91 117 77 56 463 87 83 107 92 88 63 71 114 36944 4105 55 421 12696 507 12658 508 7999 1248 241 57 51 135 231
internal_value=-3.29609e-11 0.000777404 -0.000837269 0.000800076 0.00315474 0.00119451 0.000822432 0.00313385 0.00114406 0.00321471 0.000702196 0.00166856 -0.000863907 0.000688238 -0.00110217 -1.69302e-05 7.62506e-05 0.000198687 -3.27865e-05 5.54945e-05 0.00178329 -0.00010334 -0.00130271 0.000535392 0.00116911 -0.000893903 0.00152376 0.00442686 0.00633294 0.00104651
internal_weight=80000 1705 350 259 142 1355 1137 218 1081 190 891 551 340 248 185 78295 41351 24588 14571 13624 928 16763 947 10017 2018 296 1722 243 192 1479
internal_count=80000 1705 350 259 142 1355 1137 218 1081 190 891 551 340 248 185 78295 41351 24588 14571 13624 928 16763 947 10017 2018 296 1722 243 192 1479
is_linear=0
shrinkage=0.05


Tree=220
num_leaves=31
num_cat=0
split_feature=6 6 7 10 10 2 7 7 7 5 2 10 10 10 10 10 10 7 10 7 10 10 10 7 9 10 7 9 7 2
split_gain=0.254208 0.254301 0.435765 0.392743 0.946988 0.557723 0.337251 0.217241 0.212982 0.32861 0.489201 0.176462 0.215684 0.663366 0.412251 0.20131 0.601516 0.717375 0.533558 0.790583 0.280006 0.169733 0.164163 0.162208 0.181517 0.157264 0.149778 0.236669 0.118283 0.111362
threshold=2.5000000000000004 3.5000000000000004 -0.79524513936823904 3.0471665000000003 3.0457925000000006 1.0000000180025095e-35 -0.39631807819407994 -0.69551337407469915 1.0000000180025095e-35 1.0000000180025095e-35 1.0000000180025095e-35 3.0416945000000006 3.0421335000000007 3.0423975000000003 3.0425285000000004 3.0452895000000004 3.0446675000000005 0.90019487062193726 3.0460385000000003 0.50126780944777805 3.0462115000000005 3.0419795000000005 3.0429535000000003 -1.4933674964230172 0.45124090117685461 3.0439695000000007 -0.097122782313460637 1.0000000180025095e-35 1.5983172276767157 1.0000000180025095e-35
decision_type=2 2 2 2 2 2 2 2 2 2 2 2 2 2 2 2 2 2 2 2 2 2 2 2 2 2 2 2 2 2
left_child=-1 2 -2 4 5 -4 -5 -7 9 23 -11 -10 21 -14 -15 16 28 -18 19 -17 -20 -13 -12 24 -3 -24 27 -9 -16 -25
right_child=1 8 3 6 -6 7 -8 26 11 10 22 12 13 14 15 18 17 -19 20 -21 -22 -23 25 29 -26 -27 -28 -29 -30 -31
leaf_value=3.5822761165244078e-05 -0.00031152659410489431 0.00030616140451879655 0.0033144792027226958 0.0022063899227755391 -0.0067435274092696104 -0.0050509258418302847 -0.0025409267283201271 0.0012409596295004097 -0.0030687648601518441 0.0046409924620467854 -0.0013653910713116429 0.00023743521059882484 -0.0051747374191992348 0.004159032336265191 -0.0001335159396139249 -0.0018728741277169295 -0.0076832080372060815 0.00020335151808347532 -0.0040616682614870161 0.0053190700098667866 -0.0002632590950657817 0.0038546220217729188 0.0036101615686458493 -0.00057666864519443468 0.0038337057258808756 0.00056952470522140619 -0.0034890067251887738 -0.0023650068755058191 -0.0022910823503475087 0.00011018125088726921
leaf_weight=68875 4282 98 56 99 101 52 60 82 62 96 81 92 73 50 485 61 68 50 52 102 706 50 54 736 58 199 69 102 73 2976
leaf_count=68875 4282 98 56 99 101 52 60 82 62 96 81 92 73 50 485 61 68 50 52 102 706 50 54 736 58 199 69 102 73 2976
internal_value=1.60419e-09 -0.000221766 -0.000491057 -0.00172873 -0.00246625 -0.00126803 0.000414479 -0.00211022 -9.5574e-06 0.000186167 0.00149725 -0.000446771 -0.000359305 -0.000513951 -0.000307069 -0.000447149 -0.00110233 -0.0043441 3.3812e-05 0.00262811 -0.000524337 0.00151291 0.000592544 4.03809e-05 0.0016193 0.00121968 -0.00150405 -0.000758199 -0.000416138 -2.60164e-05
internal_weight=80000 11125 4903 621 462 361 159 305 6222 4298 430 1924 1862 1720 1647 1597 676 118 921 163 758 142 334 3868 156 253 253 184 558 3712
internal_count=80000 11125 4903 621 462 361 159 305 6222 4298 430 1924 1862 1720 1647 1597 676 118 921 163 758 142 334 3868 156 253 253 184 558 3712
is_linear=0
shrinkage=0.05


Tree=221
num_leaves=31
num_cat=0
split_feature=8 5 10 11 11 9 7 7 10 10 11 11 11 10 10 7 7 10 11 10 10 10 10 8 9 5 9 7 8 8
split_gain=0.391999 0.41577 0.96613 0.852922 1.53525 0.992965 0.375543 0.970503 0.902301 1.71434 0.761005 0.571792 1.17624 1.22903 0.855102 1.22366 1.08676 1.14895 0.720286 0.501572 0.428717 0.396323 0.322515 0.284072 0.478648 0.319788 0.759638 0.647347 0.774626 0.570256
threshold=-1.700120759500092 1.0000000180025095e-35 3.0475935000000005 101.79823250000001 101.79811250000002 0.45124090117685461 0.10234074827361882 -0.097122782313460637 3.0435585000000005 3.0446335000000002 101.79810050000002 101.79827250000001 101.79822050000001 3.0436095000000005 3.0442735000000005 0.70073134003485771 1.7977807582637952 3.0453955000000006 101.79832350000001 3.0457925000000006 3.0466405000000005 3.0429535000000003 3.0472355000000007 0.19799957632037568 0.45124090117685461 1.0000000180025095e-35 0.45124090117685461 0.30180427886069844 -0.82942335774758391 -1.3772929536195466
decision_type=2 2 2 2 2 2 2 2 2 2 2 2 2 2 2 2 2 2 2 2 2 2 2 2 2 2 2 2 2 2
left_child=1 2 3 4 5 -1 7 8 10 -10 -3 12 13 21 -15 20 17 -17 -13 -11 -16 -8 -21 25 -25 26 29 28 -27 -2
right_child=23 6 -4 -5 -6 -7 11 -9 9 19 -12 18 -14 14 15 16 -18 -19 -20 22 -22 -23 -24 24 -26 27 -28 -29 -30 -31
leaf_value=-0.0021293612075409117 -0.0012336609463679477 0.0092320108583691714 -0.0052149330227994634 0.0061072593220435857 -0.008255863179490992 0.0060084268503051248 -0.00029278773082022419 0.007876763986715973 -0.0083894925920432167 0.0056498754505475215 0.001593748805438906 0.0078636864384048072 -0.0059128912496736854 0.0073397820397046168 0.0078878112728112595 -0.0089012690885132799 0.0040535532945048958 -0.00052057006835607019 0.00063423182609026918 -0.0021295362594790841 0.0018865057541734476 -0.0060089130441376756 0.0020332945875668144 2.4661586358894368e-05 -0.00035476178493378365 -0.00033324967793165188 0.00050221982100565174 3.6663953376457462e-05 -0.0022995875989325542 3.2423151392067466e-05
leaf_weight=78 947 56 91 58 51 72 50 66 52 58 78 55 77 60 68 53 89 178 92 78 53 77 115 21482 13558 2117 10732 14211 656 14592
leaf_count=78 947 56 91 58 51 72 50 66 52 58 78 55 77 60 68 53 89 178 92 78 53 77 115 21482 13558 2117 10732 14211 656 14592
internal_value=6.90597e-10 0.000749997 -0.000786115 0.000771369 -0.000770612 0.00177818 0.00114681 0.00223002 0.00137559 -0.000135663 0.00479036 0.00050712 -8.45054e-05 0.000630949 0.00174467 0.000981941 -0.000637924 -0.00244643 0.00334264 0.00157695 0.00526287 -0.00376047 0.000350675 -1.63326e-05 -0.000122149 6.93871e-05 0.000178698 -9.9696e-05 -0.000798486 -4.47438e-05
internal_weight=80000 1705 350 259 201 150 1355 503 437 303 134 852 705 628 501 441 320 231 147 251 121 127 193 78295 35040 43255 26271 16984 2773 15539
internal_count=80000 1705 350 259 201 150 1355 503 437 303 134 852 705 628 501 441 320 231 147 251 121 127 193 78295 35040 43255 26271 16984 2773 15539
is_linear=0
shrinkage=0.05


Tree=222
num_leaves=31
num_cat=0
split_feature=8 1 3 1 7 7 7 1 3 8 7 6 7 3 7 6 1 7 6 1 6 7 7 7 8 8 7 3 6 8
split_gain=0.359932 0.451804 0.559231 0.863633 0.468678 0.358855 0.782076 1.293 0.495306 1.20072 0.699052 1.69637 0.685343 0.593984 0.754487 0.956186 0.972441 0.724469 0.599875 1.97781 0.586967 1.02979 0.561593 0.423502 1.74461 0.625514 0.461621 0.373965 0.337326 0.607698
threshold=-1.4730696678123223 1.5000000000000002 4.5000000000000009 2.5000000000000004 2.8948301764927331 0.80046310532839737 0.99992663591547692 2.5000000000000004 1.5000000000000002 -1.700120759500092 -0.39631807819407994 2.5000000000000004 -0.79524513936823904 3.5000000000000004 0.50126780944777805 2.5000000000000004 2.5000000000000004 -1.194172200542398 3.5000000000000004 2.5000000000000004 2.5000000000000004 -0.39631807819407994 -1.4933674964230172 0.40153604415423816 -1.5835812611116793 -1.5835812611116793 -0.29658631290054016 1.0000000180025095e-35 2.5000000000000004 -1.6257765967350701
decision_type=2 2 2 2 2 2 2 2 2 2 2 2 2 2 2 2 2 2 2 2 2 2 2 2 2 2 2 2 2 2
left_child=1 -1 4 -4 5 8 7 -7 9 10 12 -12 -3 18 15 16 -15 -17 20 -20 21 -10 -22 25 -25 27 -27 -11 -8 -30
right_child=-2 2 3 -5 -6 6 28 -9 13 23 11 -13 -14 14 -16 17 -18 -19 19 -21 22 -23 -24 24 -26 26 -28 -29 29 -31
leaf_value=-0.00018337891513723522 -2.8778219073900067e-05 0.0031265971694525996 -0.006988892657922745 0.00050076014320647689 0.0055128505921280511 -0.0079323076712176227 0.0010209235786117921 0.00048083133524788927 0.0082298011555559016 -0.0070774234622696802 0.011581086898877997 -0.00052243120991160076 -0.0039569390381445288 0.0099473362717055324 -0.004681079138818281 0.0030407622386302842 0.00077739437485361239 -0.0034508650514335337 0.012666639314835193 0.00066731755737154037 0.0032568734313827008 0.0018421229020501436 -0.0015684540527591767 0.0081886123111118338 -0.0050069605168317653 0.0015535180436579584 -0.0032491764211380601 -0.0020816950372245248 -0.0043846232346945362 0.0022014834835771746
leaf_weight=2109 74513 99 58 114 54 74 994 119 84 74 61 55 52 52 63 70 65 111 59 82 97 253 159 50 50 128 82 76 82 61
leaf_count=2109 74513 99 58 114 54 74 994 119 84 74 61 55 52 52 63 70 65 111 59 82 97 253 159 50 50 128 82 76 82 61
internal_value=1.70397e-09 0.000390824 0.000749313 -0.00202741 0.000898342 0.000819114 0.000194659 -0.00274737 0.00127491 0.000263104 0.00292964 0.00584684 0.000686229 0.00194659 0.000285945 0.00133724 0.00485794 -0.000939998 0.00276319 0.00569373 0.00206554 0.00343627 0.00026045 -0.00128495 0.00159242 -0.00208444 -0.000322474 -0.00454933 0.000694251 -0.00157559
internal_weight=80000 5487 3378 172 3206 3152 1330 193 1822 727 267 116 151 1095 361 298 117 181 734 141 593 337 256 460 100 360 210 150 1137 143
internal_count=80000 5487 3378 172 3206 3152 1330 193 1822 727 267 116 151 1095 361 298 117 181 734 141 593 337 256 460 100 360 210 150 1137 143
is_linear=0
shrinkage=0.05


Tree=223
num_leaves=31
num_cat=0
split_feature=8 10 10 8 11 11 7 6 8 0 1 10 10 8 0 6 1 0 7 11 8 1 8 8 6 7 11 11 11 8
split_gain=0.344778 0.391067 0.341727 0.436496 0.334228 0.300551 0.384729 0.270057 0.285285 0.374137 0.391011 0.250155 0.32824 0.240274 0.357246 0.297567 0.592461 0.27862 0.305494 0.481472 0.301147 0.299155 0.289398 0.444675 0.414168 0.526343 0.386412 0.375637 0.879322 0.494136
threshold=-0.67604666159271909 3.0480935000000007 3.0415855000000005 -1.5835812611116793 101.79859050000002 101.79861650000001 1.0000000180025095e-35 2.5000000000000004 0.14575773221522512 2.5000000000000004 1.5000000000000002 3.0477555000000005 3.0477455000000004 0.50140413246951887 2.5000000000000004 1.0000000180025095e-35 1.5000000000000002 4.5000000000000009 2.3961713500250346 101.79585750000001 0.025869397666225803 1.5000000000000002 0.29712512667373797 -0.22462354714564947 1.0000000180025095e-35 0.30180427886069844 101.79532850000001 101.79620350000002 101.79645150000002 0.15848330962545393
decision_type=2 2 2 2 2 2 2 2 2 2 2 2 2 2 2 2 2 2 2 2 2 2 2 2 2 2 2 2 2 2
left_child=1 2 3 -1 -5 -6 -7 13 -9 -10 -11 12 -4 17 -15 -16 -17 18 -2 -20 21 -21 23 24 25 -19 -25 -28 -29 -30
right_child=7 -3 11 4 5 6 -8 8 9 10 -12 -13 -14 14 15 16 -18 22 19 20 -22 -23 -24 26 -26 -27 27 28 29 -31
leaf_value=-0.002502677757160177 3.2878036881843661e-05 0.0040879383852569567 0.00017500814898360035 0.0050391758294111343 -0.0018271752168308624 0.0044172575588715618 0.00011741103225107611 -0.00027569998705127726 -3.0022117981120958e-05 -0.00030583025366435573 -0.003669189632507926 -0.0002682864209018757 0.0030171298953256664 7.8692778417123536e-05 -0.00018889245016691565 0.00021225593747103055 -0.0013225506654252674 0.0019005943901795393 0.0021097627463121556 -0.0016782685216629575 0.00014529622969531851 -0.0051101083908255008 -0.0004242532800516702 -0.00064402973365975747 -0.0011493772113507605 -0.00041469900118933388 0.0025774591467074498 -0.0030306861477384819 0.00077260691443794063 0.0031156176387747304
leaf_weight=56 17961 63 20309 82 57 104 104 3848 282 136 237 3500 102 11662 13905 991 1720 431 88 184 118 97 790 273 527 570 477 126 900 300
leaf_count=56 17961 63 20309 82 57 104 104 3848 282 136 237 3500 102 11662 13905 991 1720 431 88 184 118 97 790 273 527 570 477 126 900 300
internal_value=3.08804e-09 0.000156798 0.000146595 0.00159028 0.00225135 0.00138713 0.00226842 -6.87129e-05 -0.000439914 -0.00140445 -0.00244328 0.000122256 0.000189226 -3.60141e-05 -0.000133439 -0.000282324 -0.000761518 8.45961e-05 -6.29087e-07 -0.00123616 -0.00197445 -0.00286432 0.000442402 0.00063238 -1.49927e-05 0.000582286 0.00110884 0.00137428 0.000941295 0.00135857
internal_weight=80000 24377 24314 403 347 265 208 55623 4503 655 373 23911 20411 51120 28278 16616 2711 22842 18448 487 399 281 4394 3604 1528 1001 2076 1803 1326 1200
internal_count=80000 24377 24314 403 347 265 208 55623 4503 655 373 23911 20411 51120 28278 16616 2711 22842 18448 487 399 281 4394 3604 1528 1001 2076 1803 1326 1200
is_linear=0
shrinkage=0.05


Tree=224
num_leaves=31
num_cat=0
split_feature=8 6 8 9 8 3 8 8 3 8 3 9 3 1 8 9 6 3 1 6 8 8 3 3 1 6 2 3 3 8
split_gain=0.320436 0.283818 0.599378 0.928103 0.880009 1.1918 0.994534 0.308327 0.511343 0.567429 0.307121 0.301337 0.512446 0.638137 0.283475 0.843567 0.553032 0.46858 0.828912 0.753189 0.948719 0.448257 0.44765 0.661865 0.262623 0.24422 0.440101 0.236577 0.247327 0.235426
threshold=-1.700120759500092 1.0000000180025095e-35 0.71907848290764587 0.45124090117685461 0.066055431593264671 3.5000000000000004 0.23952514471164901 0.51747854604033428 1.0000000180025095e-35 0.36879022051029059 2.5000000000000004 0.45124090117685461 4.5000000000000009 2.5000000000000004 0.11963681016264981 0.45124090117685461 3.5000000000000004 4.5000000000000009 2.5000000000000004 1.5000000000000002 0.35606464310006175 0.29712512667373797 1.0000000180025095e-35 3.5000000000000004 2.5000000000000004 1.0000000180025095e-35 1.0000000180025095e-35 2.5000000000000004 1.5000000000000002 -1.6043440453073161
decision_type=2 2 2 2 2 2 2 2 2 2 2 2 2 2 2 2 2 2 2 2 2 2 2 2 2 2 2 2 2 2
left_child=25 2 3 -2 29 6 27 8 9 -8 -10 -4 13 -13 -3 -16 17 18 19 -17 -21 22 -20 -24 -14 26 -1 28 -6 -5
right_child=1 14 11 4 5 -7 7 -9 10 -11 -12 12 24 -15 15 16 -18 -19 21 20 -22 -23 23 -25 -26 -27 -28 -29 -30 -31
leaf_value=0.005344006622311835 -1.7358510610399125e-05 -2.0915107366985988e-05 3.7393697894356054e-05 0.0026993689598476364 0.0047314987116300724 -0.00026321738446292119 -0.0035351057613385475 0.00091328826621356004 0.0045903295484102996 0.0030066976441612729 0.0016293172999598819 -0.0013959008061440595 0.00053471067149288385 -0.00020454294310284261 9.556968529092572e-06 -0.003702149557778213 -0.0030940107445905298 -0.00012001781934657683 0.0045707654383903258 0.002429361717255038 -0.0024566286757992436 -0.00094472078991239485 -0.0010826830472500961 0.0047622279424502272 -0.00032973410119418848 0.00046797796329977096 0.00039647742859764989 0.0025585008698934767 0.008409572872641052 0.00035678483575435555
leaf_weight=75 11551 24925 13593 109 130 581 62 529 250 71 135 1900 1783 2752 7322 488 262 1802 74 147 306 1033 220 62 1732 1518 112 65 71 6340
leaf_count=75 11551 24925 13593 109 130 581 62 529 250 71 135 1900 1783 2752 7322 488 262 1802 74 147 306 1033 220 62 1732 1518 112 65 71 6340
internal_value=3.2419e-09 -1.47641e-05 7.45208e-05 0.000272883 0.000674722 0.00162226 0.00245654 0.00176261 0.00262962 -4.32296e-05 0.00355275 -0.000106832 -0.000346875 -0.000691145 -0.000116264 -0.000319112 -0.00086678 -0.000725486 -0.00119372 -0.00233943 -0.000870922 -0.000417437 0.00111241 0.000203601 0.000108762 0.000678094 0.00238258 0.0051862 0.00603425 0.00039642
internal_weight=80000 78295 41654 19894 8343 1894 1313 1047 518 133 385 21760 8167 4652 36641 11716 4394 4132 2330 941 453 1389 356 282 3515 1705 187 266 201 6449
internal_count=80000 78295 41654 19894 8343 1894 1313 1047 518 133 385 21760 8167 4652 36641 11716 4394 4132 2330 941 453 1389 356 282 3515 1705 187 266 201 6449
is_linear=0
shrinkage=0.05


Tree=225
num_leaves=31
num_cat=0
split_feature=8 6 1 3 1 8 8 0 8 8 6 8 11 1 8 3 6 6 11 11 11 11 3 8 8 11 11 11 11 11
split_gain=0.295304 0.334148 0.340517 0.382378 0.439227 0.768313 0.349599 0.352014 0.541909 0.331583 0.699148 0.325595 0.279626 0.386377 0.352082 0.970801 0.618378 1.06632 0.829134 0.611255 1.30649 1.1865 1.3641 1.23001 0.622251 1.39376 4.11456 1.18622 0.702837 1.35315
threshold=-0.55749786150795455 2.5000000000000004 1.5000000000000002 4.5000000000000009 2.5000000000000004 -0.10339567813241569 0.17053911980356559 4.5000000000000009 0.013143820255996802 -0.20051192678942623 3.5000000000000004 -0.35388862294429102 101.79846450000001 1.5000000000000002 -1.2232464902325644 1.5000000000000002 3.5000000000000004 2.5000000000000004 101.79820050000002 101.79824450000001 101.79822050000001 101.79828750000001 1.0000000180025095e-35 -1.4308743321889319 -1.4449394440633954 101.79812850000002 101.79816050000001 101.79809650000001 101.79802350000001 101.79818050000002
decision_type=2 2 2 2 2 2 2 2 2 2 2 2 2 2 2 2 2 2 2 2 2 2 2 2 2 2 2 2 2 2
left_child=12 -2 -3 4 5 -4 7 9 -9 10 -5 -12 13 -1 15 19 17 -17 -18 20 24 22 -21 -23 25 27 -27 -15 -26 -30
right_child=1 2 3 6 -6 -7 -8 8 -10 -11 11 -13 -14 14 -16 16 18 -19 -20 21 -22 23 -24 -25 28 26 -28 -29 29 -31
leaf_value=-0.00016550821130472963 -3.3731235421292405e-05 5.1640695964771274e-05 -0.0013361055338394516 -0.0030711781856672289 -0.00090310204580543575 -0.0062630768229744883 -0.0023188214840589171 0.00053268461219329005 0.0058530567003545128 -0.0017570064568681243 0.0047475687769661344 0.00053530337489795024 0.00075300259486067028 0.00015632188668787637 3.9866616234704833e-05 0.0011448071599103591 0.0016046710620824221 -0.0010256657425495427 0.0065784612051766854 0.00030570124496846697 -0.0070253665572635035 -0.0045720986256738566 0.010317556570296378 0.0041370509604602658 -0.00053699416181700636 0.016346119319208523 -0.00035910912603656875 -0.0071412489060848298 -0.005903028356712501 0.0034609139160794058
leaf_weight=9238 49054 1551 240 83 939 118 157 221 61 264 84 101 1710 964 9327 3044 448 695 103 68 75 98 68 69 765 52 126 59 168 50
leaf_count=9238 49054 1551 240 83 939 118 157 221 61 264 84 101 1710 964 9327 3044 448 695 103 68 75 98 68 69 765 52 126 59 168 50
internal_value=4.97214e-09 -6.88037e-05 -0.000519287 -0.000909709 -0.00147141 -0.00296137 -0.000159344 0.000257398 0.00168521 -0.000499625 0.000739182 0.00244943 0.000134119 9.24792e-05 0.000239787 0.000511915 0.000971833 0.000741346 0.00253546 -0.000258212 -0.000541081 0.00185019 0.00531553 -0.000973385 -0.000318095 0.000445434 0.00452751 -0.000265211 -0.0012509 -0.00375473
internal_weight=80000 52873 3819 2268 1297 358 971 814 282 532 268 185 27127 25417 16179 6852 4290 3739 551 2562 2259 303 136 167 2184 1201 178 1023 983 218
internal_count=80000 52873 3819 2268 1297 358 971 814 282 532 268 185 27127 25417 16179 6852 4290 3739 551 2562 2259 303 136 167 2184 1201 178 1023 983 218
is_linear=0
shrinkage=0.05


Tree=226
num_leaves=31
num_cat=0
split_feature=8 5 2 11 11 11 11 11 11 11 11 11 6 6 11 6 11 1 11 5 8 1 8 6 8 8 1 1 8 11
split_gain=0.276303 0.374715 0.352205 0.429717 0.656456 0.474522 0.322031 0.890838 0.566016 0.936521 0.737772 0.548389 1.02932 0.907326 0.524254 1.14351 2.22564 0.568897 0.509793 0.259103 0.571069 0.733884 2.57447 0.799128 0.756483 0.564147 0.510669 0.445819 1.18526 0.462342
threshold=-1.700120759500092 1.0000000180025095e-35 1.0000000180025095e-35 101.79611550000001 101.79816450000001 101.79760550000002 101.79530650000001 101.79556250000002 101.79690650000002 101.79750350000002 101.79661050000001 101.79598250000002 2.5000000000000004 1.5000000000000002 101.79805250000001 1.0000000180025095e-35 101.79809650000001 1.5000000000000002 101.79833550000002 1.0000000180025095e-35 -0.77852104810666811 3.5000000000000004 0.025869397666225803 2.5000000000000004 -0.61174900730945692 -0.16233519455873927 1.0000000180025095e-35 1.0000000180025095e-35 -0.64925597230802645 101.79840650000001
decision_type=2 2 2 2 2 2 2 2 2 2 2 2 2 2 2 2 2 2 2 2 2 2 2 2 2 2 2 2 2 2
left_child=1 2 -1 -4 5 -5 -3 -8 10 -10 11 12 -9 -13 17 -16 -17 -11 -18 -2 -21 23 24 25 -23 27 -25 28 29 -22
right_child=19 6 3 4 -6 -7 7 8 9 14 -12 13 -14 -15 15 16 18 -19 -20 20 21 22 -24 26 -26 -27 -28 -29 -30 -31
leaf_value=0.0018458650869130273 3.7428530453760765e-05 -0.0017084717051827091 0.0012766937973773046 -0.0025554663487854599 0.0014753354125434117 -0.008825348208999214 0.0066610273021586383 0.0026107679974536223 0.0057109604117120162 0.0014947180237162474 -0.0058600898582866316 -0.0026426947818414944 -0.0071930860626864537 0.0055300793396882318 0.0071982200611877241 0.010531073710532598 -0.0012981868822833698 -0.0043631941775110232 0.0026286420727684532 4.0709601278346367e-05 0.0011851300789426475 3.8289354056435793e-05 -0.0025434831671603789 -0.00020827061998303963 0.0029085160858138559 -1.4249229015072418e-05 -0.0045660678223558649 -0.0014072442055091206 -0.0012907532889306367 0.0056798681289644591
leaf_weight=91 59492 101 80 74 54 51 71 52 117 79 61 56 55 86 79 52 351 87 108 11638 154 354 482 97 653 2147 219 2388 580 91
leaf_count=91 59492 101 80 74 54 51 71 52 117 79 61 56 55 86 79 52 351 87 108 11638 154 354 482 97 653 2147 219 2388 580 91
internal_value=5.60781e-09 0.000629671 -0.000828615 -0.00176865 -0.00312965 -0.00511859 0.00100638 0.00122516 0.000898384 0.00155007 -0.000936746 0.000271243 -0.00243061 0.00230742 0.000905448 0.00160381 0.000737687 -0.00157617 -0.000373856 -1.37072e-05 -0.000175498 -0.000526676 0.000461283 -0.000785854 0.00189962 -0.000641767 -0.00322888 -0.00106108 -5.90249e-05 0.00285624
internal_weight=80000 1705 350 259 179 125 1355 1254 1183 873 310 249 107 142 756 590 511 166 459 78295 18803 7165 1489 5676 1007 5360 316 3213 825 245
internal_count=80000 1705 350 259 179 125 1355 1254 1183 873 310 249 107 142 756 590 511 166 459 78295 18803 7165 1489 5676 1007 5360 316 3213 825 245
is_linear=0
shrinkage=0.05


Tree=227
num_leaves=31
num_cat=0
split_feature=8 5 2 8 2 7 2 8 3 10 7 10 8 7 8 7 10 10 7 3 7 7 2 10 10 7 10 10 10 10
split_gain=0.265669 0.327909 1.1098 0.322307 0.664121 0.257862 0.228466 0.286967 0.440964 0.368518 0.332723 0.283407 0.211347 0.193424 0.187488 0.353929 0.619543 0.545801 0.504331 0.723295 0.48627 0.666008 0.899664 1.73109 1.91711 0.499628 1.32963 0.580102 0.849569 0.473152
threshold=0.11963681016264981 1.0000000180025095e-35 1.5000000000000002 0.86173890334863368 3.5000000000000004 1.1993901665025566 3.5000000000000004 0.19799957632037568 3.5000000000000004 3.0424505000000006 -0.49604984348761971 3.0426325000000003 0.68893895746236677 -1.3936357311294776 -1.700120759500092 2.2964395847314942 3.0419025000000004 3.0427425000000006 0.70073134003485771 2.5000000000000004 0.70073134003485771 -0.59578160878115949 1.5000000000000002 3.0467435000000003 3.0452895000000004 -1.2939039658359379 3.0476025000000004 3.0476205000000003 3.0455775000000007 3.0457555000000007
decision_type=2 2 2 2 2 2 2 2 2 2 2 2 2 2 2 2 2 2 2 2 2 2 2 2 2 2 2 2 2 2
left_child=14 6 5 -4 -5 12 -2 8 9 -8 11 -10 -3 -9 15 16 -1 18 19 -18 21 25 23 24 -23 26 29 28 -27 -19
right_child=1 2 3 4 -6 -7 7 13 10 -11 -12 -13 -14 -15 -16 -17 17 20 -20 -21 -22 22 -24 -25 -26 27 -28 -29 -30 -31
leaf_value=-0.0035823418321573779 1.9545579990472247e-06 -0.0044127724039730266 0.00052003402078170692 0.00045288781345291241 -0.0053182730472969182 -0.0015578730048972007 -0.0042069692598473343 -0.0032362502490606809 0.0041759788074786286 0.00094277983345283185 0.0059137197697434031 -0.00059837188895419736 -0.0013288266795796876 -0.00036308297497318794 6.3220323015123758e-05 0.0040516424649879711 -0.0022194371170039654 0.0017596205163229999 0.0074033445131433551 0.0057194967123261505 -0.00096101760948359184 0.0081339897276928655 -2.7578705283166856e-05 0.010938011173122717 -0.0025421350966314022 1.1904128500748777e-05 -0.0043189773040020691 0.0021418066899293671 -0.0071403343597669202 0.0074601368838763601
leaf_weight=90 27864 188 1081 141 77 474 54 59 52 97 57 77 79 6644 41351 71 61 95 53 54 465 70 211 72 105 84 71 62 82 59
leaf_count=90 27864 188 1081 141 77 474 54 59 52 97 57 77 79 6644 41351 71 61 95 53 54 465 70 211 72 105 84 71 62 82 59
internal_value=6.10269e-09 -9.83587e-05 -0.000714508 0.000166325 -0.00158705 -0.00225845 -6.23453e-05 -0.000316837 0.00110666 -0.000900418 0.00273567 0.00132792 -0.00350113 -0.000388421 8.44076e-05 0.000598224 0.000447929 0.00068307 0.0033726 0.00151014 0.000354476 0.00102597 0.00237028 0.00441783 0.00173052 -0.000333391 0.00133787 -0.00198253 -0.0035233 0.00394701
internal_weight=80000 36944 2040 1299 218 741 34904 7040 337 151 186 129 267 6703 43056 1705 1634 1544 168 115 1376 911 458 247 175 453 225 228 166 154
internal_count=80000 36944 2040 1299 218 741 34904 7040 337 151 186 129 267 6703 43056 1705 1634 1544 168 115 1376 911 458 247 175 453 225 228 166 154
is_linear=0
shrinkage=0.05


Tree=228
num_leaves=31
num_cat=0
split_feature=8 5 6 10 10 8 8 11 10 10 11 11 8 2 2 8 10 8 2 10 5 2 8 8 11 8 4 11 11 11
split_gain=0.241996 0.402324 0.474349 0.287343 0.315717 0.278434 0.288209 0.593416 0.628893 0.443115 0.279197 0.27228 0.315821 1.45803 0.54296 0.465633 0.309441 0.274918 0.260917 0.25355 0.2678 0.681926 1.443 1.24932 1.14838 1.01995 0.937368 1.333 1.04709 0.795165
threshold=-0.55749786150795455 1.0000000180025095e-35 1.0000000180025095e-35 3.0480935000000007 3.0477555000000005 0.29712512667373797 -0.11478172107840999 101.79611550000001 3.0444195000000005 3.0474155000000005 101.79592050000001 101.79771750000002 0.08012054346772822 1.5000000000000002 1.5000000000000002 0.74586917219233861 3.0433735000000004 0.61325526023311017 3.5000000000000004 3.0477455000000004 1.0000000180025095e-35 1.5000000000000002 -0.93591634765423681 -0.98882795899150466 101.79800350000001 -1.2232464902325644 1.0000000180025095e-35 101.79799950000002 101.79604950000001 101.79801150000002
decision_type=2 2 2 2 2 2 2 2 2 2 2 2 2 2 2 2 2 2 2 2 2 2 2 2 2 2 2 2 2 2
left_child=3 -2 11 4 19 6 7 8 -4 -9 -8 12 13 -3 17 16 -16 -14 -17 20 21 23 -23 25 -25 26 28 -28 -1 -27
right_child=1 2 5 -5 -6 -7 10 9 -10 -11 -12 -13 14 -15 15 18 -18 -19 -20 -21 -22 22 -24 24 -26 29 27 -29 -30 -31
leaf_value=-0.00031276634883687976 -1.7914983713606143e-05 0.0036066546580806138 -0.0033810828142275813 0.0033184684681494894 -0.00030467942935482863 -0.003872264290610022 -0.0023386752848529213 -0.0033054384705517186 0.0021742220527139547 -0.0004182722611957236 0.00047931662771449033 -0.00062529111576215186 -0.0029702612200152925 -0.00072981714915131305 0.0038064130702278793 0.00061843214510065418 0.00070061873863962534 -0.00020783490953572956 -0.0031519693239277996 0.002555127114175514 2.0466286799473331e-05 0.00070670785528663719 -0.0009422368679695768 0.0027233940765283553 0.00049058816167720409 -0.0024056697088114948 0.001563757300277215 -0.0051905704128859245 0.0028145109768922 0.00034904933823450457
leaf_weight=447 47915 321 73 70 3874 94 112 437 168 191 407 1695 221 489 109 82 303 152 104 112 12923 3001 2378 1182 1123 578 155 138 667 479
leaf_count=447 47915 321 73 70 3874 94 112 437 168 191 407 1695 221 489 109 82 303 152 104 112 12923 3001 2378 1182 1123 578 155 138 667 479
internal_value=6.91277e-09 -6.22823e-05 -0.000491047 0.000121414 0.000113131 -0.00124001 -0.00106148 -0.00161824 0.00049079 -0.00242754 -0.000129138 -0.000171696 0.000260006 0.000988944 -0.000348106 0.000585672 0.00152302 -0.00184491 -0.00149031 0.00018295 0.000171423 0.000363657 -2.22774e-05 0.000798947 0.00163564 1.6215e-05 0.000897906 -0.00161815 0.00155975 -0.0011574
internal_weight=80000 52873 4958 27127 27057 1482 1388 869 241 628 519 3476 1781 810 971 598 412 373 186 23183 23071 10148 5379 4769 2305 2464 1407 293 1114 1057
internal_count=80000 52873 4958 27127 27057 1482 1388 869 241 628 519 3476 1781 810 971 598 412 373 186 23183 23071 10148 5379 4769 2305 2464 1407 293 1114 1057
is_linear=0
shrinkage=0.05


Tree=229
num_leaves=31
num_cat=0
split_feature=5 7 7 7 7 2 3 3 7 2 7 7 3 7 7 3 7 3 7 3 7 7 3 7 7 7 7 9 7 0
split_gain=0.0798108 0.185937 0.260071 0.292144 0.294905 0.926709 0.834249 0.175227 0.122411 0.118599 0.461835 0.20121 0.992233 0.816866 0.362207 0.651395 0.543297 0.201616 0.371296 0.170536 0.245314 0.162386 0.225664 0.139639 0.119475 0.110168 0.208938 0.170169 0.125783 0.153912
threshold=1.0000000180025095e-35 -0.99470866995531859 -1.0944404352488581 -1.194172200542398 -1.8922945575971761 1.0000000180025095e-35 2.5000000000000004 1.5000000000000002 -0.8949769046617787 1.0000000180025095e-35 1.2991219317960965 -0.29658631290054016 2.5000000000000004 -0.49604984348761971 0.40153604415423816 1.0000000180025095e-35 0.50126780944777805 3.5000000000000004 1.0000000180025095e-35 3.5000000000000004 0.70073134003485771 2.8948301764927331 1.5000000000000002 0.99992663591547692 -0.79524513936823904 1.7977807582637952 2.0969760541444149 -1.117930881447166 1.6980489929702556 4.5000000000000009
decision_type=2 2 2 2 2 2 2 2 2 2 2 2 2 2 2 2 2 2 2 2 2 2 2 2 2 2 2 2 2 2
left_child=-1 2 3 4 6 -6 -2 -7 -3 10 11 12 13 -10 15 -13 -16 18 -17 20 -18 -12 -23 -21 -11 28 27 -27 -26 -30
right_child=1 8 -4 -5 5 7 -8 -9 9 24 21 14 -14 -15 16 17 19 -19 -20 23 -22 22 -24 -25 25 26 -28 -29 29 -31
leaf_value=2.8991532220705344e-05 0.0039388758474578475 0.0016519339450104494 -0.003473207319391141 0.0024741030964655244 -0.0072785439787075622 -0.0022333079756782135 -0.0037453564259795897 0.00032787166573021637 -0.0053579721576884586 -0.0019194277459307679 0.00011363419011889893 0.0016851801266259002 0.0055420569275135235 0.0028829939987823922 0.002941310669962581 -0.0013041871632566895 0.00097957278760728338 -0.0012039542839628352 -0.0052509662858788893 -0.0011225354078655632 -0.00098312343167549963 -0.00044714992059342033 0.0035968026784782645 -0.0035665689251652127 4.7612760356851745e-05 0.00025830973849847062 5.5024176764956256e-05 -0.00095102608266970528 0.00031578363419184128 0.0021158355018583539
leaf_weight=59842 90 104 86 71 62 102 58 193 73 81 1751 85 68 51 100 91 198 95 173 152 811 60 81 95 10436 382 2770 1219 460 160
leaf_count=59842 90 104 86 71 62 102 58 193 73 81 1751 85 68 51 100 91 198 95 173 152 811 60 81 95 10436 382 2770 1219 460 160
internal_value=6.30307e-09 -8.60403e-05 -0.000910064 -0.000526836 -0.000949156 -0.00172698 0.000926992 -0.000558145 -5.80555e-05 -6.72348e-05 -0.00031431 -0.000845653 0.000692698 -0.00196895 -0.00100977 -0.00224914 -0.000603828 -0.00318087 -0.00389153 -0.000886296 -0.000597917 0.000245131 0.00187687 -0.00206361 -5.35269e-06 4.70961e-06 -0.000207791 -0.000662479 8.87229e-05 0.000780579
internal_weight=80000 20158 662 576 505 357 148 295 19496 19392 3884 1992 192 124 1800 444 1356 359 264 1256 1009 1892 141 247 15508 15427 4371 1601 11056 620
internal_count=80000 20158 662 576 505 357 148 295 19496 19392 3884 1992 192 124 1800 444 1356 359 264 1256 1009 1892 141 247 15508 15427 4371 1601 11056 620
is_linear=0
shrinkage=0.05


Tree=230
num_leaves=31
num_cat=0
split_feature=6 8 0 8 11 0 8 8 3 0 8 7 8 7 8 7 8 11 11 11 8 8 8 8 2 3 6 6 8 7
split_gain=0.240169 0.576281 0.499714 0.633248 1.80709 1.87061 1.19139 0.65283 0.88043 1.40464 1.02922 0.594057 0.526263 0.493018 0.758966 0.482195 0.387866 0.366456 0.424074 0.440548 0.621377 0.333089 0.331172 0.281912 0.628316 1.32985 0.478829 0.406029 0.860505 0.655502
threshold=1.0000000180025095e-35 0.71907848290764587 2.5000000000000004 -1.5835812611116793 101.79815650000002 3.5000000000000004 -1.700120759500092 0.066055431593264671 2.5000000000000004 3.5000000000000004 0.23952514471164901 0.10234074827361882 -1.568176614772981 1.0000000180025095e-35 0.38285533238475428 1.5983172276767157 0.62799013933969128 101.79498450000001 101.79532850000001 101.79799550000001 -1.5186138395962998 -0.93591634765423681 -0.150949151612745 0.11963681016264981 1.0000000180025095e-35 4.5000000000000009 1.5000000000000002 3.5000000000000004 0.35606464310006175 -0.097122782313460637
decision_type=2 2 2 2 2 2 2 2 2 2 2 2 2 2 2 2 2 2 2 2 2 2 2 2 2 2 2 2 2 2
left_child=1 2 -1 4 5 -4 -6 12 9 10 11 -9 -5 14 -12 -8 -15 21 -19 22 -21 -14 -20 -2 25 26 -25 28 29 -28
right_child=23 -3 3 7 6 -7 15 8 -10 -11 13 -13 17 16 -16 -17 -18 18 19 20 -22 -23 -24 24 -26 -27 27 -29 -30 -31
leaf_value=-3.7466852694590402e-05 -2.4955877276705939e-07 -9.5519218417986122e-05 -0.0062344950887739115 -0.004738851199575512 0.012048142877200589 0.0042187839533890719 0.00032145763627842376 0.010092545843153082 0.00018950763050446822 0.00021320231002507534 0.0092103319200919544 0.0036460591624778724 -0.00040911058180874248 0.0021200744885817822 0.0026932346391300151 0.006894389076805312 -0.0023700947737635256 -0.0017614500759972947 0.00065891527337007998 -0.0031435092609441565 0.00014201255445285123 0.0045166518499601665 0.0025540437802358674 -0.003510596466652745 -0.00012990177775831251 0.00020310163967673752 0.0049826445246113271 -0.0052556378250739662 -0.0023256929190290866 -0.0018659636603371482
leaf_weight=7788 26443 21760 86 53 58 85 63 83 1232 558 58 63 54 226 194 50 61 264 1970 147 6633 94 261 488 9739 978 90 58 306 57
leaf_count=7788 26443 21760 86 53 58 85 63 83 1232 558 58 63 54 226 194 50 61 264 1970 147 6633 94 261 488 9739 978 90 58 306 57
internal_value=5.36963e-09 8.27388e-05 0.000275901 0.000474427 0.00259549 -0.00103899 0.00622846 0.000413708 0.00113678 0.00207558 0.00359242 0.00731524 0.000224841 0.00258285 0.00419626 0.00323336 0.00116522 0.000252809 0.000213406 0.000271284 7.07325e-05 0.00272035 0.000880727 -9.0711e-05 -0.000294881 -0.00110754 -0.00239053 -0.0013204 -0.000815504 0.0023276
internal_weight=80000 41841 20081 12293 342 171 171 11951 2475 1243 685 146 9476 539 252 113 287 9423 9275 9011 6780 148 2231 38159 11716 1977 999 511 453 147
internal_count=80000 41841 20081 12293 342 171 171 11951 2475 1243 685 146 9476 539 252 113 287 9423 9275 9011 6780 148 2231 38159 11716 1977 999 511 453 147
is_linear=0
shrinkage=0.05


Tree=231
num_leaves=31
num_cat=0
split_feature=6 6 3 10 10 10 11 10 3 10 10 11 10 11 11 11 10 2 10 10 11 11 10 11 11 11 11 10 11 1
split_gain=0.216868 0.253489 0.191208 0.207582 0.561718 0.309221 0.207096 0.653629 0.132554 0.694115 1.2241 0.620954 0.704928 0.513443 0.209824 0.338059 0.200497 0.752759 0.347108 0.114976 0.102156 0.483568 0.162223 0.236571 0.16767 0.260988 0.155392 0.13461 0.121066 0.17554
threshold=2.5000000000000004 3.5000000000000004 5.5000000000000009 3.0472355000000007 3.0474155000000005 3.0468805000000003 101.79828350000001 3.0477455000000004 1.5000000000000002 3.0462115000000005 3.0458985000000003 101.79812850000002 3.0426885000000006 101.79822450000002 101.79837750000002 101.79825650000002 3.0445255000000002 1.0000000180025095e-35 3.0452175000000006 3.0470925000000002 101.79552250000002 101.79547950000001 3.0441735000000003 101.79528450000002 101.79494050000001 101.79487550000002 101.79502750000002 3.0450325000000005 101.79579550000001 3.5000000000000004
decision_type=2 2 2 2 2 2 2 2 2 2 2 2 2 2 2 2 2 2 2 2 2 2 2 2 2 2 2 2 2 2
left_child=-1 2 3 5 -5 8 -6 -8 9 10 11 12 -2 -13 15 16 17 -10 -18 -7 21 22 23 -3 25 -24 -26 -28 29 -22
right_child=1 20 -4 4 6 19 7 -9 14 -11 -12 13 -14 -15 -16 -17 18 -19 -20 -21 28 -23 24 -25 26 -27 27 -29 -30 -31
leaf_value=3.3093068094651428e-05 -0.0057123556171051575 -0.0030363034505533778 0.00029847847878685936 0.0038929004674272878 -4.4215256505103205e-05 -0.0039570408486682071 -0.0061915325118700069 0.00065671450385757554 0.0039604723016604974 0.003586866030303012 -0.0081100173351746369 0.005341518872369045 -0.00048671966420449651 0.0004564269020497937 -0.0021993333301536552 0.0019642104582468151 -0.0033742063092680099 -0.00089196928642119953 -0.00086002747150463468 -0.0013749190636313279 -0.0029858350016732302 0.0052828453583438359 0.0010487289951632405 0.0012977090042263066 0.0028997901931431432 -0.0027512942538614948 -0.0014992646967596085 0.0010078821588503835 -1.1927298784082168e-05 -0.00033697423566711785
leaf_weight=68875 75 82 689 85 868 100 58 87 89 107 52 71 459 221 277 110 187 776 516 76 83 50 95 51 90 86 64 325 5043 253
leaf_count=68875 75 82 689 85 868 100 58 87 89 107 52 71 459 221 277 110 187 776 516 76 83 50 95 51 90 86 64 325 5043 253
internal_value=7.15307e-09 -0.000204827 -0.000473687 -0.000599942 -8.76572e-06 -0.000808251 -0.000336503 -0.00208496 -0.000686324 -0.00021331 -0.000676785 -0.000207908 -0.00122159 0.00164566 -0.000924622 -0.000714078 -0.000902081 -0.000392301 -0.00152919 -0.00284345 7.0426e-06 0.000518778 0.000217767 -0.00137466 0.000538825 -0.000757329 0.00102866 0.000595116 -7.3165e-05 -0.000992
internal_weight=80000 11125 4903 4214 1098 3116 1013 145 2940 985 878 826 534 292 1955 1678 1568 865 703 176 6222 843 793 133 660 181 479 389 5379 336
internal_count=80000 11125 4903 4214 1098 3116 1013 145 2940 985 878 826 534 292 1955 1678 1568 865 703 176 6222 843 793 133 660 181 479 389 5379 336
is_linear=0
shrinkage=0.05


Tree=232
num_leaves=31
num_cat=0
split_feature=11 11 10 11 10 10 11 10 11 10 10 10 10 10 11 11 10 10 0 4 10 0 11 11 11 0 11 10 4 0
split_gain=0.0559817 0.123865 0.0887272 0.0731246 0.1185 0.0630818 0.0522183 0.0568216 0.0501753 0.0476584 0.327267 0.300995 0.143427 0.223411 0.25492 0.220189 0.2031 0.292284 0.125448 0.12436 0.119012 0.118384 0.113943 0.175343 0.110897 0.122905 0.125983 0.112897 0.104554 0.0827784
threshold=101.79485350000002 101.79489850000002 3.0443835000000004 101.79492050000002 3.0442735000000005 3.0443075000000004 101.79481050000001 3.0444545000000005 101.79487550000002 3.0465695000000004 3.0467085000000007 3.0467435000000003 3.0460385000000003 3.0461075000000002 101.79558250000001 101.79820450000001 3.0458985000000003 3.0459715000000007 2.5000000000000004 1.0000000180025095e-35 3.0460045000000004 2.5000000000000004 101.79596250000002 101.79598250000002 101.79822050000001 2.5000000000000004 101.79821650000001 3.0466405000000005 1.0000000180025095e-35 2.5000000000000004
decision_type=2 2 2 2 2 2 2 2 2 2 2 2 2 2 2 2 2 2 2 2 2 2 2 2 2 2 2 2 2 2
left_child=2 5 -1 4 -3 8 -4 -8 -2 12 19 18 16 14 -14 -15 -5 28 -12 24 -19 -22 -13 -24 25 -11 -27 -28 -18 -21
right_child=1 3 6 9 -6 -7 7 -9 -10 10 11 22 13 15 -16 -17 17 20 -20 29 21 -23 23 -25 -26 26 27 -29 -30 -31
leaf_value=-0.00099161594248047815 0.0024058187999493625 0.0010561093422257078 0.00088062536765640175 -1.7127650863691878e-05 -0.0012732777203669746 0.00040583807554271331 -0.00075842747950363428 0.00032074485661590655 0.00065596470089026985 0.00090609590708041901 -0.00055026220499604112 0.00063090759359938351 0.00024412253446209209 -3.4403610372958687e-05 -0.001897032584709331 -0.0012780510835823729 0.0018117425026167083 -0.00081689884112968168 -0.0025531728632939782 0.000756840215204858 -0.00028824673018511076 0.0016657939485934408 -0.0013299288525625518 3.0740109782662609e-05 -0.00035092782062442715 0.0033383186628458089 -0.00046209907066231963 0.0023693138600538294 0.00041770437104106265 -0.00076013837499457266
leaf_weight=366 83 70 130 45233 247 477 257 232 81 513 161 781 210 3673 411 394 439 318 152 196 180 136 239 24278 107 131 60 85 194 166
leaf_count=366 83 70 130 45233 247 477 257 232 81 513 161 781 210 3673 411 394 439 318 152 196 180 136 239 24278 107 131 60 85 194 166
internal_value=6.03924e-09 4.67621e-06 -0.000374589 -9.85739e-07 -0.000758731 0.000696845 -9.65509e-06 -0.000246467 0.00154249 2.09254e-06 5.60176e-05 1.73418e-05 -2.62132e-05 -0.000289803 -0.00117305 -0.000154913 3.61754e-07 0.000624701 -0.00152343 0.000843336 -0.000134134 0.000552994 3.64109e-05 1.74705e-05 0.00115929 0.00136412 0.00221481 0.00119818 0.00138464 6.11913e-05
internal_weight=80000 79015 985 78374 317 641 619 489 164 78057 26869 25611 51188 4688 621 4067 46500 1267 313 1258 634 316 25298 24517 896 789 276 145 633 362
internal_count=80000 79015 985 78374 317 641 619 489 164 78057 26869 25611 51188 4688 621 4067 46500 1267 313 1258 634 316 25298 24517 896 789 276 145 633 362
is_linear=0
shrinkage=0.05


Tree=233
num_leaves=31
num_cat=0
split_feature=6 5 10 10 10 0 10 10 0 10 10 6 10 10 10 10 10 10 6 10 10 10 10 10 6 10 6 10 10 10
split_gain=0.208043 0.176679 0.237534 0.195067 0.674335 0.392426 0.35907 0.221305 0.618322 0.775434 0.475807 0.422286 0.590199 0.233622 0.191018 0.128553 0.120865 0.25731 0.478071 0.283 0.253669 0.208512 1.20365 0.435503 0.239204 0.372906 0.183219 0.139606 0.120536 0.124787
threshold=1.0000000180025095e-35 1.0000000180025095e-35 3.0478215000000004 3.0470925000000002 3.0472355000000007 2.5000000000000004 3.0469165000000005 3.0474155000000005 2.5000000000000004 3.0476205000000003 3.0475215000000007 2.5000000000000004 3.0473465000000002 3.0476305000000004 3.0478025000000004 3.0470265000000003 3.0422935000000004 3.0421075000000006 3.5000000000000004 3.0421855000000004 3.0420605000000003 3.0451795000000006 3.0452535000000007 3.0451055000000005 2.5000000000000004 3.0448165000000005 3.5000000000000004 3.0415335000000003 3.0471305000000002 3.0463595000000003
decision_type=2 2 2 2 2 2 2 2 2 2 2 2 2 2 2 2 2 2 2 2 2 2 2 2 2 2 2 2 2 2
left_child=-1 28 3 6 5 -5 16 11 10 -10 -9 12 -6 -12 -15 -8 17 20 19 -19 27 23 -23 24 25 -18 -26 -3 29 -2
right_child=1 2 -4 4 7 -7 15 8 9 -11 13 -13 -14 14 -16 -17 21 18 -20 -21 -22 22 -24 -25 26 -27 -28 -29 -30 -31
leaf_value=7.7007341909443212e-05 -3.9960427987548928e-05 0.0013453620561610386 0.00042951806601323328 -0.0018842550327300837 -0.0033354570223171594 -0.0068103261291980743 0.0027340460791803172 0.0040325535292397817 -0.0066650967416024892 -0.00010159250788039673 -0.0018098549951074017 0.0042393843817050067 0.0035183949122516416 0.00017599347802924707 -0.0026438156071150014 0.00024980809286714867 2.7152696605034534e-05 -0.003372115196888255 -0.0061769714852592762 0.00035941103044938381 0.0024421158361068946 -0.0069715489805178736 -0.00038450084454063244 0.0040627143956640721 -0.0014420620276954692 0.0022146411944055735 -0.00015758548201640928 -0.00080881925965151894 0.00014673798701863054 -0.00042344085392277247
leaf_weight=41841 18270 83 1084 102 79 67 132 60 92 88 268 68 52 657 66 86 2272 81 57 136 74 72 1820 65 451 213 722 793 7749 2400
leaf_count=41841 18270 83 1084 102 79 67 132 60 92 88 268 68 52 657 66 86 2272 81 57 136 74 72 1820 65 451 213 722 793 7749 2400
internal_value=6.02047e-09 -8.44252e-05 -0.0002682 -0.00035558 -0.000854207 -0.00384007 -0.000242589 -0.000501088 -0.000751184 -0.00345811 -0.000287296 0.00104558 -0.000614236 -0.000549221 -8.17465e-05 0.00175459 -0.000306276 -0.000756459 -0.00210605 -0.00103437 -0.000367029 -0.00020813 -0.000635526 9.08107e-06 -6.30581e-05 0.000214733 -0.000651527 -0.000604583 -2.14396e-05 -8.44883e-05
internal_weight=80000 38159 9740 8656 1599 169 7057 1430 1231 180 1051 199 131 991 723 218 6839 1224 274 217 950 5615 1892 3723 3658 2485 1173 876 28419 20670
internal_count=80000 38159 9740 8656 1599 169 7057 1430 1231 180 1051 199 131 991 723 218 6839 1224 274 217 950 5615 1892 3723 3658 2485 1173 876 28419 20670
is_linear=0
shrinkage=0.05


Tree=234
num_leaves=31
num_cat=0
split_feature=8 9 5 7 11 8 8 1 1 1 8 8 11 7 8 11 8 11 8 7 8 11 7 5 8 7 7 9 8 11
split_gain=0.239555 0.399704 0.36636 0.416241 0.4137 0.309367 0.394079 0.415242 0.396491 0.264008 1.32777 0.820155 0.632452 0.313656 0.299529 0.293782 0.358471 0.273387 0.260397 0.24709 0.244261 0.373393 0.247785 0.244086 0.813726 0.632255 0.544363 0.51777 0.490596 1.09227
threshold=-0.55749786150795455 -1.117930881447166 1.0000000180025095e-35 -0.39631807819407994 101.79771750000002 -0.16233519455873927 0.14575773221522512 1.5000000000000002 1.5000000000000002 3.5000000000000004 -0.032400351527980438 0.025869397666225803 101.79801550000002 -1.5930992617165571 -0.47578625918964224 101.79803250000002 -0.18845611661131456 101.79620350000002 0.50140413246951887 2.0969760541444149 -0.079284057776192393 101.79579550000001 -0.19685454760700036 1.0000000180025095e-35 -1.6043440453073161 -0.49604984348761971 2.495903115318574 0.45124090117685461 -1.6043440453073161 101.79829550000001
decision_type=2 2 2 2 2 2 2 2 2 2 2 2 2 2 2 2 2 2 2 2 2 2 2 2 2 2 2 2 2 2
left_child=1 -1 9 -4 -5 -6 8 -8 -7 11 13 12 17 -11 -15 16 -14 20 -9 -10 22 -22 -2 28 26 27 -25 -26 29 -3
right_child=2 23 3 4 5 6 7 18 19 10 -12 -13 15 14 -16 -17 -18 -19 -20 -21 21 -23 -24 24 25 -27 -28 -29 -30 -31
leaf_value=-0.00026574619728047752 0.00058535476299638087 -0.0001188898719269742 -0.0038772813040788517 3.443438621954877e-05 -0.0015282697903359116 -0.00067532017951357813 -2.59229597115753e-05 -0.0009655663458708471 0.0035227752350541273 -0.0050839442489000004 3.5088592696948853e-05 -8.6858290289819296e-05 -0.0001185232981587676 0.00051149995347353038 -0.0015414129539707043 0.00016593799651965009 -0.004523315262826056 0.00073566150413151114 -0.0035711820069561635 -0.00050467518618450651 0.0018339461709866362 0.0069574122571451295 0.0027376893389420673 0.00086467991671444842 -0.00020530958462508772 -1.0787965600936096e-05 0.0054850685994919969 -0.0031776878695092326 0.00048715521398759958 -0.0065982234759386707
leaf_weight=5365 388 416 88 2526 1045 192 521 204 150 57 7904 29336 120 199 1655 4704 75 3112 181 51 108 53 204 1796 291 9692 66 295 9129 77
leaf_count=5365 388 416 88 2526 1045 192 521 204 150 57 7904 29336 120 199 1655 4704 75 3112 181 51 108 53 204 1796 291 9692 66 295 9129 77
internal_value=4.65934e-09 0.000120798 -6.19696e-05 -0.000471122 -0.000409495 -0.000887874 -0.00037262 -0.000946167 0.000949506 -1.96317e-05 -0.000250869 3.99382e-05 0.000464364 -0.00143354 -0.00132105 8.70881e-05 -0.00181412 0.000942557 -0.00219115 0.00250114 0.00179741 0.00352382 0.00132737 0.000216094 6.70139e-05 -0.000107224 0.00102874 -0.00170193 0.000404184 -0.00113201
internal_weight=80000 27127 52873 4958 4870 2344 1299 906 393 47915 9815 38100 8764 1911 1854 4899 195 3865 385 201 753 161 592 21762 12140 10278 1862 586 9622 493
internal_count=80000 27127 52873 4958 4870 2344 1299 906 393 47915 9815 38100 8764 1911 1854 4899 195 3865 385 201 753 161 592 21762 12140 10278 1862 586 9622 493
is_linear=0
shrinkage=0.05


Tree=235
num_leaves=31
num_cat=0
split_feature=5 10 10 11 11 10 3 11 11 10 10 10 10 10 10 3 3 11 10 10 10 10 11 10 11 10 11 0 3 3
split_gain=0.0611389 0.115629 0.0986248 0.109811 0.497806 0.274206 0.193479 0.253329 0.675403 0.399173 1.32114 0.840763 0.411255 0.387457 0.223479 0.622225 0.248981 0.202148 0.170652 0.500984 0.768867 0.436624 0.418782 0.367893 0.318985 0.741978 0.285282 0.215899 0.193336 0.0929384
threshold=1.0000000180025095e-35 3.0480935000000007 3.0415105000000007 101.79806450000001 101.79806850000001 3.0419795000000005 1.5000000000000002 101.79812050000001 101.79811250000002 3.0465015000000002 3.0463245000000003 3.0467435000000003 3.0459715000000007 3.0469915000000003 3.0450705000000005 2.5000000000000004 2.5000000000000004 101.79821650000001 3.0474865000000002 3.0469915000000003 3.0468465000000005 3.0465015000000002 101.79823250000001 3.0471975000000007 101.79829950000001 3.0479495000000005 101.79816050000001 2.5000000000000004 1.0000000180025095e-35 1.0000000180025095e-35
decision_type=2 2 2 2 2 2 2 2 2 2 2 2 2 2 2 2 2 2 2 2 2 2 2 2 2 2 2 2 2 2
left_child=29 2 -2 5 -5 -4 18 8 14 10 12 17 -9 -13 16 -16 -8 -11 19 20 21 -6 26 -21 27 -26 -20 -24 -25 -1
right_child=1 -3 3 4 6 -7 7 9 -10 11 -12 13 -14 -15 15 -17 -18 -19 22 23 -22 -23 24 28 25 -27 -28 -29 -30 -31
leaf_value=-0.00013963968142464858 0.0017904834381733811 0.0021715211662551104 0.002866804586313262 -0.0036538379185112619 2.7800325362529458e-05 -1.5086669621804748e-05 -0.0033412771704754182 4.3328834406555395e-05 -0.005157999821253271 -0.002427599249720904 0.0057782773848169249 0.0018480754357101279 -0.002345924084912074 -0.00090265961039932277 0.0046226789240743386 -0.0012678183875181786 -0.00046096795183396891 -0.0059909804662843912 -0.00081678160079438173 0.0047355244316930317 -0.0055225502696514333 0.0028325454202234738 -0.0019205013475954648 -0.0016340574467708419 0.0015856244810017396 -0.0057042250307481335 0.0037785620064405608 -0.0065250286933298627 0.0025277519536618387 4.8902302008908171e-05
leaf_weight=7468 70 57 83 105 2200 12240 112 2498 97 73 98 151 194 838 67 135 227 88 69 103 60 148 52 52 115 50 66 50 60 52374
leaf_count=7468 70 57 83 105 2200 12240 112 2498 97 73 98 151 194 838 67 135 227 88 69 103 60 148 52 52 115 50 66 50 60 52374
internal_value=3.87029e-09 -7.53078e-05 -8.16898e-05 -8.82412e-05 -0.000236263 4.34705e-06 -0.000189017 -0.000394045 -0.00131827 -0.000244357 7.87588e-05 -0.0010282 -0.000128934 -0.000482534 -0.000628984 0.000687281 -0.00141328 -0.0043778 0.000121272 0.000268299 6.17741e-05 0.000204703 -0.000837889 0.00258027 -0.00198517 -0.000625538 0.00143096 -0.0041818 0.000595749 2.5373e-05
internal_weight=80000 20158 20101 20031 7708 12323 7603 4578 638 3940 2790 1150 2692 989 541 202 339 161 3025 2623 2408 2348 402 215 267 165 135 102 112 59842
internal_count=80000 20158 20101 20031 7708 12323 7603 4578 638 3940 2790 1150 2692 989 541 202 339 161 3025 2623 2408 2348 402 215 267 165 135 102 112 59842
is_linear=0
shrinkage=0.05


Tree=236
num_leaves=31
num_cat=0
split_feature=8 11 1 10 11 11 11 11 11 11 1 5 8 8 1 11 3 10 8 10 8 10 11 6 11 1 8 11 8 8
split_gain=0.229691 0.385954 0.421316 0.561548 1.03622 1.44764 2.01834 0.636365 0.840545 0.622761 0.407169 0.283302 0.483184 0.535388 1.18785 0.804308 1.18349 0.529447 0.464831 0.44914 0.40458 0.404197 0.429641 0.376864 0.42252 0.462218 0.417641 0.583905 0.392654 0.562047
threshold=-1.4730696678123223 101.79485350000002 1.5000000000000002 3.0477455000000004 101.79828350000001 101.79826850000002 101.79825650000002 101.79824450000001 101.79822050000001 101.79587850000001 2.5000000000000004 1.0000000180025095e-35 -1.4449394440633954 -1.286204610051592 1.0000000180025095e-35 101.79821250000002 3.5000000000000004 3.0453275000000004 -1.3900185310297755 3.0432145000000004 -1.3772929536195466 3.0440345000000004 101.79805650000002 2.5000000000000004 101.79550050000002 1.5000000000000002 -1.4449394440633954 101.79575450000002 -0.58495831802476439 -1.1107255952368555
decision_type=2 2 2 2 2 2 2 2 2 2 2 2 2 2 2 2 2 2 2 2 2 2 2 2 2 2 2 2 2 2
left_child=1 -1 -3 4 5 6 7 8 9 -4 -6 12 17 14 20 18 -17 -2 -16 -20 -14 -21 -23 26 -25 28 27 -13 29 -26
right_child=11 2 3 -5 10 -7 -8 -9 -10 -11 -12 23 13 -15 15 16 -18 -19 19 21 -22 22 -24 24 25 -27 -28 -29 -30 -31
leaf_value=-0.0035756838972135652 2.0196979208718391e-05 -0.00019504417362305055 -0.00012937144772760771 0.0044955913883072771 -0.0054992912290147463 0.0081327203802099395 -0.0089179761867019969 0.0064153416489368068 -0.0035941408659356487 0.0014473112680653431 -0.00071696139763367578 -0.0027040359905682017 -0.004379795612915168 1.3494291849169033e-05 -0.00053247466425648327 0.008355198203427219 -0.0010168942105236469 -0.0051824570018007849 0.005671538546908746 -0.0025890879400628881 -0.00030931583084433745 0.0027040602204951632 -0.00083436953287899891 0.0010440028676943934 -0.00097353653796131341 -0.0020542946766793279 -0.00016780107191461223 0.0025395205196255674 -0.0028563090236568608 0.0021910920560507642
leaf_weight=63 103 2109 959 95 89 66 54 50 108 1805 89 65 107 57040 267 99 51 93 72 55 142 389 110 240 367 784 13890 288 124 227
leaf_count=63 103 2109 959 95 89 66 54 50 108 1805 89 65 107 57040 267 99 51 93 72 55 142 389 110 240 367 784 13890 288 124 227
internal_value=2.85149e-09 0.000312209 0.000357432 0.000708913 0.000597058 0.000814061 0.000651484 0.000828631 0.00073115 0.000900279 -0.00310987 -2.29878e-05 2.79633e-05 3.62929e-05 0.00104274 0.00178349 0.00517013 -0.00244979 0.00121411 0.00195902 -0.00205953 0.00147559 0.00192403 -0.000209541 -0.000903716 -0.00121498 -0.000124634 0.0015735 -0.000298365 0.000236007
internal_weight=80000 5487 5424 3315 3220 3042 2976 2922 2872 2764 178 74513 58528 58332 1292 1043 150 196 893 626 249 554 499 15985 1742 1502 14243 353 718 594
internal_count=80000 5487 5424 3315 3220 3042 2976 2922 2872 2764 178 74513 58528 58332 1292 1043 150 196 893 626 249 554 499 15985 1742 1502 14243 353 718 594
is_linear=0
shrinkage=0.05


Tree=237
num_leaves=31
num_cat=0
split_feature=8 9 6 2 8 6 3 0 8 8 3 3 8 0 8 3 0 2 6 3 3 6 8 3 6 6 0 8 6 3
split_gain=0.218112 0.360581 0.282467 0.599373 0.261636 0.505879 0.485756 0.441464 0.289665 0.283142 0.244081 0.275141 0.19567 0.360882 0.190163 0.493384 0.571957 0.436109 0.274987 0.732472 0.243519 0.660204 0.347703 0.316956 0.281359 0.490942 0.420301 0.452715 0.220334 1.20247
threshold=-0.55749786150795455 -1.117930881447166 2.5000000000000004 1.5000000000000002 -0.20051192678942623 3.5000000000000004 4.5000000000000009 2.5000000000000004 -0.35388862294429102 -0.12683753125652172 4.5000000000000009 2.5000000000000004 0.22546003283718533 4.5000000000000009 -1.568176614772981 4.5000000000000009 3.5000000000000004 1.0000000180025095e-35 3.5000000000000004 1.5000000000000002 1.0000000180025095e-35 1.5000000000000002 -1.6739998374475167 2.5000000000000004 1.5000000000000002 2.5000000000000004 3.5000000000000004 -1.700120759500092 1.5000000000000002 1.0000000180025095e-35
decision_type=2 2 2 2 2 2 2 2 2 2 2 2 2 2 2 2 2 2 2 2 2 2 2 2 2 2 2 2 2 2
left_child=1 -1 -2 4 5 -4 -7 -6 -8 -9 11 -11 -5 -14 15 17 -17 18 28 -20 21 22 -19 -22 26 -26 27 -25 -3 -30
right_child=2 14 3 12 7 6 8 9 -10 10 -12 -13 13 -15 -16 16 -18 20 19 -21 23 -23 -24 24 25 -27 -28 -29 29 -31
leaf_value=-0.00025187698217057241 -2.6886658217262775e-05 0.00190267120391336 -0.0026620499846899239 0.00018809565221536458 -0.00083423955775427784 -0.00091384287369093437 0.0045127767768293166 -0.00054361886331732849 0.00053967430480156178 -0.0034991321793334997 -0.0025526079670384885 -0.008178770044111312 -5.3202038716188402e-06 -0.0040089884970278171 0.00014799131453811581 -0.0057845177134722712 0.0010065985766058159 -0.0011183887503808086 -0.00045679242653448923 0.0065394890129674022 0.0013110357010188832 -0.0029058686452944561 0.0032379575161287071 -0.0024511226051470627 0.0041163271754327841 -0.00013260565506979156 -0.0025242294003595144 0.0037190555470423196 0.0064580402142254446 -0.0016732677140732803
leaf_weight=5365 49054 457 199 2075 449 299 84 78 101 72 145 56 179 82 18877 64 60 83 65 88 745 191 102 51 85 338 218 71 58 209
leaf_count=5365 49054 457 199 2075 449 299 84 78 101 72 145 56 179 82 18877 64 60 83 65 88 745 191 102 51 85 338 218 71 58 209
internal_value=2.50775e-09 0.000115263 -5.9133e-05 -0.000473317 -0.00125944 -0.000540564 0.00033207 -0.00187303 0.00234514 -0.00320124 -0.00396009 -0.00555126 2.57808e-05 -0.00126423 0.000205775 0.000583843 -0.00250033 0.000722443 0.00164341 0.00356886 0.000293669 -0.0008446 0.00128394 0.000577519 -0.000138771 0.00072197 -0.00120953 0.00113982 0.00123608 9.48403e-05
internal_weight=80000 27127 52873 3819 1483 683 484 800 185 351 273 128 2336 261 21762 2885 124 2761 877 153 1884 376 185 1508 763 423 340 122 724 267
internal_count=80000 27127 52873 3819 1483 683 484 800 185 351 273 128 2336 261 21762 2885 124 2761 877 153 1884 376 185 1508 763 423 340 122 724 267
is_linear=0
shrinkage=0.05


Tree=238
num_leaves=31
num_cat=0
split_feature=7 10 7 5 10 7 3 10 10 10 2 10 10 10 3 10 10 10 10 7 7 0 7 10 10 3 3 7 0 10
split_gain=0.0552731 0.124593 0.0730516 0.0995416 0.45843 0.545673 0.611689 0.87209 0.592722 0.50421 0.146698 0.100286 0.0835631 0.277455 0.356052 0.230345 0.212491 0.351363 0.27268 0.218641 0.104933 0.0858904 0.0796055 0.0625769 0.153551 0.0648693 0.0569796 0.327028 0.262088 0.23981
threshold=0.10234074827361882 3.0480935000000007 -1.194172200542398 1.0000000180025095e-35 3.0423715000000002 -1.8922945575971761 3.5000000000000004 3.0455415000000006 3.0435325000000004 3.0475565000000002 1.5000000000000002 3.0415595000000004 3.0473815000000006 3.0468805000000003 1.5000000000000002 3.0474505000000005 3.0460045000000004 3.0458625000000006 3.0461395000000002 -1.6928310270100968 -1.5930992617165571 2.5000000000000004 -1.3936357311294776 3.0455775000000007 3.0454655000000002 3.5000000000000004 1.0000000180025095e-35 1.0000000180025095e-35 2.5000000000000004 3.0447385000000007
decision_type=2 2 2 2 2 2 2 2 2 2 2 2 2 2 2 2 2 2 2 2 2 2 2 2 2 2 2 2 2 2
left_child=2 -2 3 11 -5 10 7 8 -7 -9 -6 -1 13 16 -15 -14 17 23 -18 21 -16 -20 -22 24 -13 -25 27 -4 -29 -30
right_child=1 -3 26 4 5 6 -8 9 -10 -11 -12 12 15 14 20 -17 18 -19 19 -21 22 -23 -24 25 -26 -27 -28 28 29 -31
leaf_value=0.0019770772298289756 -5.9508713170280399e-05 0.0019401956569697358 3.2853550025057969e-05 0.002449456184428796 0.0027599794073891598 -0.0032566818138298481 0.0019616864776409444 0.002490211231511693 -0.010675722958085106 -0.0038391441021809764 -0.00071423651568114539 -0.00015562480762723688 0.00350460159970401 -0.0048079043621803179 0.00085189927618171718 0.0001139139292060972 0.0035732047796376391 -0.0034359915495665218 -0.00028371726148785053 0.0010237927667667 -0.0029561800156751527 -0.003088652125621092 -0.00053980941308157614 0.0022991216274911535 -0.0025760535533843922 0.00011234222743487417 7.5685622700483548e-05 5.7819351705001999e-05 -0.0012981644429849481 -0.0042726828718717726
leaf_weight=59 29520 78 5332 89 71 52 57 57 56 70 53 2793 52 70 72 1298 78 84 60 319 56 50 87 50 67 105 38674 242 257 92
leaf_count=59 29520 78 5332 89 71 52 57 57 56 70 53 2793 52 70 72 1298 78 84 60 319 56 50 87 50 67 105 38674 242 257 92
internal_value=1.95755e-09 -5.42323e-05 3.18505e-05 -0.000134993 -0.000805676 -0.00150251 -0.00268231 -0.00380908 -0.00710991 -0.000998686 0.00127565 -7.10742e-05 -9.41683e-05 -0.000211767 -0.00171333 0.000244768 -9.30467e-05 -0.000248299 0.000855781 0.000360987 -0.000704031 -0.00156033 -0.00148748 -0.000159376 -0.000212415 0.000818782 5.3568e-05 -9.0847e-05 -0.00120669 -0.00208328
internal_weight=80000 29598 50402 5805 505 416 292 235 108 127 124 5300 5241 3891 285 1350 3606 3099 507 429 215 110 143 3015 2860 155 44597 5923 591 349
internal_count=80000 29598 50402 5805 505 416 292 235 108 127 124 5300 5241 3891 285 1350 3606 3099 507 429 215 110 143 3015 2860 155 44597 5923 591 349
is_linear=0
shrinkage=0.05


Tree=239
num_leaves=31
num_cat=0
split_feature=8 9 6 5 6 9 8 3 7 3 8 7 8 7 5 8 9 7 8 7 8 8 8 7 8 8 3 7 3 8
split_gain=0.216168 0.493415 0.515342 0.487127 0.434747 0.763492 1.34947 0.964679 1.20367 0.955673 0.73531 0.729612 0.433332 0.857162 0.436563 1.1361 1.29428 0.747851 0.611062 0.640555 0.550048 0.441315 0.42283 0.742088 0.499128 0.405121 0.327522 0.321266 0.320681 0.319589
threshold=0.50140413246951887 0.45124090117685461 1.0000000180025095e-35 1.0000000180025095e-35 1.0000000180025095e-35 0.45124090117685461 0.066055431593264671 2.5000000000000004 1.0000000180025095e-35 1.0000000180025095e-35 0.38285533238475428 0.99992663591547692 -1.6043440453073161 1.498585462383176 1.0000000180025095e-35 -0.25141423643034205 1.0789096142264631 0.20207251356715863 -0.21189796973542055 1.0000000180025095e-35 -0.054502670187851793 -0.092009635186421287 -1.3625580745129657 1.0000000180025095e-35 -0.90845589113742709 -0.7021675836452943 4.5000000000000009 0.60099957474131782 2.5000000000000004 0.88116215308003576
decision_type=2 2 2 2 2 2 2 2 2 2 2 2 2 2 2 2 2 2 2 2 2 2 2 2 2 2 2 2 2 2
left_child=4 -2 3 -3 5 -1 12 8 10 -10 -8 -11 13 -7 15 22 18 -16 -17 -20 25 -18 23 -14 -24 -19 -9 -26 -23 -5
right_child=1 2 -4 29 -6 6 7 26 9 11 -12 -13 14 -15 17 16 21 20 19 -21 -22 28 24 -25 27 -27 -28 -29 -30 -31
leaf_value=-1.5426806047740463e-05 5.2730997232335675e-05 -0.00015041366590234673 -0.0011663606274890453 -0.0010874345232138394 -4.601135258704889e-05 -0.00069777878597889549 0.0087534391873743574 0.0011665602572957048 -0.0017817669701591507 0.0062040029619563099 0.0025747941218306368 0.0005739498153752141 0.0067226488419265436 0.0056633792082093105 -0.0044159514169330042 -0.0071767101264396714 0.0021553576799471842 0.0003175081003285484 -0.0035488126961755735 0.00085528859787038628 0.0043558963542499286 -0.0032439496499757389 0.000121018611054008 -0.00057518643612596552 0.0015697282308407561 -0.00091797430634518729 -0.0026318315324968984 0.0047184536818461178 0.00071290235564079824 -0.004370755221115229
leaf_weight=10630 17534 8693 1735 264 33488 102 142 368 117 132 73 102 92 110 97 66 312 2163 226 130 72 82 699 56 1165 957 67 87 136 103
leaf_count=10630 17534 8693 1735 264 33488 102 142 368 117 132 73 102 92 110 97 66 312 2163 226 130 72 82 699 56 1165 957 67 87 136 103
internal_value=8.14254e-10 -0.000111 -0.000376942 -0.000225757 6.08581e-05 0.000257681 0.000642044 0.00235181 0.00371239 0.00190688 0.00665775 0.00375117 0.000380798 0.00260394 0.00030642 0.000737193 -0.00069542 -9.31927e-05 -0.00276118 -0.00194078 3.83035e-05 0.000949604 0.00138696 0.00396278 0.00119136 -6.14696e-05 0.00058105 0.00178889 -0.00077626 -0.00200985
internal_weight=80000 28329 10795 9060 51671 18183 7553 1001 566 351 215 234 6552 212 6340 3051 952 3289 422 356 3192 530 2099 148 1951 3120 435 1252 218 367
internal_count=80000 28329 10795 9060 51671 18183 7553 1001 566 351 215 234 6552 212 6340 3051 952 3289 422 356 3192 530 2099 148 1951 3120 435 1252 218 367
is_linear=0
shrinkage=0.05


Tree=240
num_leaves=31
num_cat=0
split_feature=8 6 9 5 2 6 8 2 10 6 6 6 8 8 2 9 10 10 8 8 8 3 8 2 8 8 2 8 8 3
split_gain=0.201692 0.248471 0.429488 0.260927 0.946825 0.396045 0.257992 0.553298 0.22278 0.201723 0.369555 0.330801 0.800437 0.648092 1.92725 0.573883 1.19024 1.43843 1.39943 1.09816 0.321704 0.294526 0.280563 0.795632 0.298066 0.250093 0.246764 0.336762 1.16752 0.663373
threshold=0.11963681016264981 3.5000000000000004 0.45124090117685461 1.0000000180025095e-35 1.5000000000000002 1.0000000180025095e-35 0.88116215308003576 3.5000000000000004 3.0425035000000005 2.5000000000000004 3.5000000000000004 1.5000000000000002 -1.4449394440633954 -0.23801889178799587 1.0000000180025095e-35 0.45124090117685461 3.0450705000000005 3.0434295000000007 -1.568176614772981 -1.700120759500092 -1.4878045469189034 1.0000000180025095e-35 -0.20051192678942623 1.0000000180025095e-35 -0.12683753125652172 0.039264742308572111 1.5000000000000002 -1.2989301874618209 -0.98882795899150466 1.5000000000000002
decision_type=2 2 2 2 2 2 2 2 2 2 2 2 2 2 2 2 2 2 2 2 2 2 2 2 2 2 2 2 2 2
left_child=9 3 -3 -2 5 -5 -6 -8 -4 11 -11 -1 15 -14 -15 19 17 -17 -18 -13 21 -21 26 24 -24 -16 27 29 -29 -12
right_child=1 2 8 4 6 -7 7 -9 -10 10 22 12 13 14 25 16 18 -19 -20 20 -22 -23 23 -25 -26 -27 -28 28 -30 -31
leaf_value=7.2680057389158084e-05 -3.4548891309500797e-05 -9.0427983196084979e-05 5.582950624967375e-05 -0.0015924016906370183 0.00049696937736885859 -0.0050044709125440668 0.00046207147106731589 -0.0050746140308818334 -0.0034137052445305988 -0.00043381527677524882 -0.00021871011761140605 0.0068305200821777842 -4.6851132935251094e-05 0.0061317621196341722 0.00088881830349851233 0.0015209063035521119 -0.0051802870836465337 0.011188174412827625 0.0061353742337400862 -0.0040536580061828241 0.0030242610361349083 -8.8177906557432848e-05 -0.00056472633711779666 8.6576339713089642e-05 -0.0044565131403333227 -0.0015974673805365385 4.0548445609362891e-05 -0.0022159500291242858 0.0013138829532854317 0.0032657042219224833
leaf_weight=28365 34179 467 60 641 1098 98 130 69 202 4903 233 66 3027 177 261 71 60 84 50 60 62 212 73 1073 151 165 2464 324 845 330
leaf_count=28365 34179 467 60 641 1098 98 130 69 202 4903 233 66 3027 177 261 71 60 84 50 60 62 212 73 1073 151 165 2464 324 845 330
internal_value=1.68906e-09 -8.57049e-05 -0.000999579 -6.73061e-05 -0.000617183 -0.0020455 0.000196733 -0.00145927 -0.00261944 7.35418e-05 -0.000118283 0.000134602 0.000543532 0.000251354 0.00174807 0.00213815 0.00394232 0.00676378 -3.59038e-05 0.000942206 -0.000223049 -0.000964084 0.000163361 -0.000479343 -0.00318903 -7.43286e-05 0.00036203 0.000819353 0.000335449 0.00182388
internal_weight=80000 36944 729 36215 2036 739 1297 199 262 43056 10396 32660 4295 3630 603 665 265 155 110 400 334 272 5493 1297 224 426 4196 1732 1169 563
internal_count=80000 36944 729 36215 2036 739 1297 199 262 43056 10396 32660 4295 3630 603 665 265 155 110 400 334 272 5493 1297 224 426 4196 1732 1169 563
is_linear=0
shrinkage=0.05


Tree=241
num_leaves=31
num_cat=0
split_feature=6 1 7 11 11 11 11 7 7 7 6 11 11 6 11 1 11 7 11 11 7 7 11 11 6 7 11 11 11 11
split_gain=0.176819 0.153113 0.151741 0.380954 0.206817 0.548957 0.634284 0.398076 0.302444 0.521671 0.256226 0.192635 0.356148 0.211341 0.191522 0.10606 0.103684 0.747219 1.01668 0.583864 0.493381 0.447568 0.437488 0.348892 0.455869 0.637146 0.283651 0.489172 0.474226 0.268317
threshold=1.0000000180025095e-35 1.5000000000000002 1.2991219317960965 101.79829950000001 101.79826050000001 101.79820850000002 101.79818050000002 2.6953666459056533 2.3961713500250346 2.0969760541444149 1.5000000000000002 101.79855550000001 101.79851150000002 2.5000000000000004 101.79859950000001 1.5000000000000002 101.79816050000001 0.80046310532839737 101.79819250000001 101.79825650000002 0.50126780944777805 0.90019487062193726 101.79824050000002 101.79613750000001 1.5000000000000002 1.1993901665025566 101.79826050000001 101.79828350000001 101.79825650000002 101.79814050000002
decision_type=2 2 2 2 2 2 2 2 2 2 2 2 2 2 2 2 2 2 2 2 2 2 2 2 2 2 2 2 2 2
left_child=15 -2 11 4 5 6 7 8 9 -4 -7 12 16 14 -13 -1 21 20 -19 -20 26 29 -22 -23 -25 -26 28 -28 -18 -3
right_child=1 2 3 -5 -6 10 -8 -9 -10 -11 -12 13 -14 -15 -16 -17 17 18 19 -21 22 23 -24 24 25 -27 27 -29 -30 -31
leaf_value=-2.637245510820053e-05 4.4853838253492144e-05 -0.00016062870183690295 -0.0011028312555184884 0.0023502207062541022 -0.0033092016135682282 0.0054358857732169528 -0.0061817018736911068 0.0032013153174409157 -0.0036914156811282389 0.0018802620852415367 0.00037572673183146441 -0.0026162698177854024 0.0031377422730200326 -0.0042820126969663301 0.0015527283508303541 0.00013607713794034216 -0.00054781815318016066 -0.0091477123153598846 0.0014007204408592287 -0.0037137096781848389 0.0047747768514413477 0.00010837356797597093 0.0001590107600196625 0.0038039471497115225 0.0021610410610911151 -0.0044474571854054568 0.0015861861010195676 -0.00032688703401598696 -0.0044513578036755241 0.0010845779924334982
leaf_weight=16764 15260 15428 1059 102 78 50 55 62 90 170 50 55 84 57 55 25077 1917 52 102 123 92 443 116 202 134 50 450 1297 81 445
leaf_count=16764 15260 15428 1059 102 78 50 55 62 90 170 50 55 84 57 55 25077 1917 52 102 123 92 443 116 202 134 50 450 1297 81 445
internal_value=2.07229e-09 -7.78358e-05 -0.000159597 -0.000611801 -0.000799126 -0.000671454 -0.000920954 -0.000711006 -0.000895135 -0.000690079 0.00290871 -0.000122962 -0.000109516 -0.00181391 -0.000532254 7.09902e-05 -0.000122562 -0.000343683 -0.00285363 -0.00139558 -0.000167735 -6.65589e-05 0.00220191 0.00106595 0.00216461 0.000363813 -0.000299402 0.000165953 -0.000706285 -0.000125713
internal_weight=80000 38159 22899 1716 1614 1536 1436 1381 1319 1229 100 21183 21016 167 110 41841 20932 4230 277 225 3953 16702 208 829 386 184 3745 1747 1998 15873
internal_count=80000 38159 22899 1716 1614 1536 1436 1381 1319 1229 100 21183 21016 167 110 41841 20932 4230 277 225 3953 16702 208 829 386 184 3745 1747 1998 15873
is_linear=0
shrinkage=0.05


Tree=242
num_leaves=31
num_cat=0
split_feature=8 9 5 4 0 0 8 11 8 9 8 5 8 8 8 8 10 10 0 10 8 10 4 0 11 11 10 11 8 10
split_gain=0.193559 0.449115 0.40352 0.29024 0.59842 0.451038 0.463376 0.268788 0.431002 0.216429 0.406648 0.745075 0.995233 0.875304 0.855121 0.728707 1.37467 0.857657 0.670824 0.525633 0.779062 0.431935 0.396563 1.75951 0.477767 1.26678 0.908118 0.752783 0.625111 1.46864
threshold=0.50140413246951887 0.45124090117685461 1.0000000180025095e-35 1.0000000180025095e-35 4.5000000000000009 4.5000000000000009 0.85169239486687409 101.79766150000002 0.88116215308003576 0.45124090117685461 -1.286204610051592 1.0000000180025095e-35 -1.2111906800544525 -1.0564744494353533 -0.032400351527980438 -1.2111906800544525 3.0447765000000007 3.0461395000000002 4.5000000000000009 3.0437365000000005 0.17053911980356559 3.0473815000000006 1.0000000180025095e-35 4.5000000000000009 101.79824450000001 101.79825650000002 3.0422145000000005 101.79822050000001 -1.4878045469189034 3.0472355000000007
decision_type=2 2 2 2 2 2 2 2 2 2 2 2 2 2 2 2 2 2 2 2 2 2 2 2 2 2 2 2 2 2
left_child=9 -2 3 5 -5 6 -3 8 -4 -1 22 12 18 21 15 16 -13 -18 -12 -16 -21 -14 24 -24 26 -26 -11 -28 29 -27
right_child=1 2 7 4 -6 -7 -8 -9 -10 10 11 14 13 -15 19 -17 17 -19 -20 20 -22 -23 23 -25 25 28 27 -29 -30 -31
leaf_value=-2.7174163366064577e-05 5.1173740484519241e-05 -0.00014901458774245035 0.00080728319213392097 0.00057181174098377659 -0.00058220089207527634 -0.00015120242824557086 -0.0015451682493621728 -0.0033351756874643902 -0.0046118944660275283 -0.002326800882756492 -0.00031345283481350834 0.0032536807666710315 0.0016857756996316788 0.00024208640869598032 0.0033654845416838312 -0.00092485570077431578 -0.0074549437020764208 8.5851377734734796e-05 -0.0052200033469021459 0.0032098234309513364 -0.0018709473882526013 0.0061532498674952566 -0.0055432764950491238 0.0025185731365195618 0.0075213108989399535 -0.00482146432015288 0.00094604909093492736 -0.0025845130518378969 0.0027675682867366164 0.0019984902085228963
leaf_weight=30645 17534 940 137 2275 2219 3374 1616 184 50 263 145 293 643 11188 212 3765 56 115 134 125 190 59 126 146 88 119 2652 160 313 234
leaf_count=30645 17534 940 137 2275 2219 3374 1616 184 50 263 145 293 643 11188 212 3765 56 115 134 125 190 59 126 146 88 119 2652 160 313 234
internal_value=1.29285e-09 -0.000105035 -0.000358758 -0.000301075 1.99526e-06 -0.000530751 -0.00103174 -0.00197894 -0.000643385 5.75881e-05 0.000181127 7.28871e-05 0.000280282 0.000349557 -0.000457762 -0.000694441 0.00117499 -0.00238656 -0.00267103 0.00144128 0.00014561 0.00206207 0.000627825 -0.00121662 0.000758878 0.0018867 0.000482279 0.000745079 0.00114117 -0.000301302
internal_weight=80000 28329 10795 10424 4494 5930 2556 371 187 51671 21026 16925 12169 11890 4756 4229 464 171 279 527 315 702 4101 272 3829 754 3075 2812 666 353
internal_count=80000 28329 10795 10424 4494 5930 2556 371 187 51671 21026 16925 12169 11890 4756 4229 464 171 279 527 315 702 4101 272 3829 754 3075 2812 666 353
is_linear=0
shrinkage=0.05


Tree=243
num_leaves=31
num_cat=0
split_feature=8 5 0 8 0 11 8 8 6 8 1 6 8 8 8 8 11 2 5 8 8 11 6 6 6 11 11 8 8 11
split_gain=0.182381 0.267416 0.534788 0.718564 1.09502 0.726877 0.605761 0.422202 0.406965 0.377541 0.355987 0.308446 0.282752 0.587424 0.279122 0.269734 0.255157 0.283284 0.84259 1.27494 1.22808 0.96031 0.82053 0.696047 0.649675 0.628691 1.16522 0.947023 0.608612 0.965816
threshold=-0.55749786150795455 1.0000000180025095e-35 2.5000000000000004 0.025869397666225803 1.5000000000000002 101.79604950000001 -0.150949151612745 0.29712512667373797 2.5000000000000004 0.48599948613082056 1.5000000000000002 1.0000000180025095e-35 -0.21189796973542055 -0.092009635186421287 -0.47578625918964224 -0.032400351527980438 101.79846450000001 1.5000000000000002 1.0000000180025095e-35 -1.083934905952163 -0.98882795899150466 101.79800350000001 1.5000000000000002 1.0000000180025095e-35 3.5000000000000004 101.79829950000001 101.79828050000002 -1.568176614772981 -1.2232464902325644 101.79828050000002
decision_type=2 2 2 2 2 2 2 2 2 2 2 2 2 2 2 2 2 2 2 2 2 2 2 2 2 2 2 2 2 2
left_child=16 -2 3 4 12 9 8 10 -4 -5 -8 -9 14 -14 -3 -12 17 18 20 25 28 24 -21 -23 -22 26 -20 -27 -1 -30
right_child=1 2 6 5 -6 -7 7 11 -10 -11 15 -13 13 -15 -16 -17 -18 -19 19 22 21 23 -24 -25 -26 27 -28 -29 29 -31
leaf_value=0.00064517714558829297 -1.7902827765157307e-05 0.0014309880800920122 -0.0013628750570291307 -0.0037611691415848506 -0.00050999647137522886 0.00037495354155686654 -0.00082591469969072557 -0.00067136384915314398 -0.0045244366490733946 -0.0006997582432422925 -0.00057423014974835207 -0.0046751099668712942 -0.0027841030842906513 0.004352479204956421 0.0041427696170109381 0.0022608989358407854 0.00069658356990265271 -8.2015736110093744e-05 0.00037516493055336921 -0.00060766715455396196 0.0022001830082032203 0.0026612503747881714 -0.0029827963639888835 -0.00010995970423692471 0.006319470761200284 0.0080952825658197718 -0.0047973828337485114 0.0008410274520219618 -0.0013571568287107448 0.0039386829625078805
leaf_weight=1473 47915 141 1218 224 535 576 236 822 111 183 111 51 63 53 291 343 1710 14261 3788 1583 1077 300 472 925 105 64 112 151 1012 94
leaf_count=1473 47915 141 1218 224 535 576 236 822 111 183 111 51 63 53 291 343 1710 14261 3788 1583 1077 300 472 925 105 64 112 151 1012 94
internal_value=8.33346e-10 -5.40745e-05 -0.000403636 0.000210745 0.00109908 -0.000767972 -0.000842533 -0.000175233 -0.00162725 -0.00238517 0.000749049 -0.000905768 0.00266979 0.000477517 0.00325821 0.00156775 0.000105398 6.56222e-05 0.00025435 -0.000136272 0.000737725 0.00154996 -0.00115331 0.000568866 0.00256661 0.000371647 0.000226501 0.00300319 -2.03706e-05 -0.000906743
internal_weight=80000 52873 4958 2066 1083 983 2892 1563 1329 407 690 873 548 116 432 454 27127 25417 11156 6170 4986 2407 2055 1225 1182 4115 3900 215 2579 1106
internal_count=80000 52873 4958 2066 1083 983 2892 1563 1329 407 690 873 548 116 432 454 27127 25417 11156 6170 4986 2407 2055 1225 1182 4115 3900 215 2579 1106
is_linear=0
shrinkage=0.05


Tree=244
num_leaves=31
num_cat=0
split_feature=8 9 3 0 0 8 7 7 9 8 3 3 0 7 7 7 8 8 0 8 7 8 7 8 7 3 7 7 8 8
split_gain=0.168823 0.403985 0.359204 0.540077 0.425125 0.313121 0.301866 0.804971 0.202593 0.342924 0.644373 0.6084 1.6023 0.54406 0.787579 1.97784 1.09447 0.95177 0.948563 0.810407 0.691305 0.852989 0.564759 0.454268 0.416464 0.595275 0.55346 0.677878 0.567246 0.548135
threshold=0.50140413246951887 0.45124090117685461 4.5000000000000009 4.5000000000000009 4.5000000000000009 0.85169239486687409 1.1993901665025566 2.1967078194379543 0.45124090117685461 -1.286204610051592 1.5000000000000002 4.5000000000000009 4.5000000000000009 0.10234074827361882 1.498585462383176 1.3988536970896364 -1.6043440453073161 -1.6739998374475167 4.5000000000000009 -1.5025394260254843 1.9972442888508748 -1.6257765967350701 2.5956348806121139 -1.4449394440633954 -0.69551337407469915 2.5000000000000004 -1.2939039658359379 -1.0944404352488581 -1.5353580203992327 -1.459674323169976
decision_type=2 2 2 2 2 2 2 2 2 2 2 2 2 2 2 2 2 2 2 2 2 2 2 2 2 2 2 2 2 2
left_child=8 -2 4 -4 5 -3 -6 -8 -1 10 -10 13 -13 24 15 16 17 -15 20 -18 21 -16 -22 -14 26 -26 28 -28 -12 -29
right_child=1 2 3 -5 6 -7 7 -9 9 -11 11 12 23 14 18 -17 19 -19 -20 -21 22 -23 -24 -25 25 -27 27 29 -30 -31
leaf_value=-2.8225410332119863e-05 5.0058240598058452e-05 -0.00037179245362010184 0.0005441175171033495 -0.00055219705930334071 -0.00012882124172878355 -0.0014827941799576212 -0.0047337200851401808 0.0027998826482588867 -0.00023020286504350307 7.3909967933565439e-05 0.0054134341601701922 -0.005298565716686173 -0.00024615125803110203 -0.00025558390287027673 0.011808503300189496 -0.0093831243071647637 0.0048452560154728401 -0.0068646676251685372 -0.0001097606495572551 0.00050957436569189554 -0.00032183697734676904 0.0037534782841305461 0.0055822883914232076 0.0053378217385248892 0.0058492377982030247 0.0020553468086905633 -0.0053656184171138842 0.0030365466798430371 -0.00019200776034229377 -0.0032723072457114264
leaf_weight=30645 17534 1026 2275 2219 3451 1661 111 52 1527 16925 111 126 77 175 50 55 146 79 254 411 110 96 64 69 157 303 55 110 76 50
leaf_count=30645 17534 1026 2275 2219 3451 1661 111 52 1527 16925 111 126 77 175 50 55 146 79 254 411 110 96 64 69 157 303 55 110 76 50
internal_value=1.29222e-09 -9.8094e-05 -0.000338732 2.79061e-06 -0.000582308 -0.0010586 -0.000228167 -0.00233012 5.37828e-05 0.000173308 0.000583516 0.00106624 -0.00116973 0.00133047 0.000735668 -0.000216349 0.000406399 -0.00231306 0.00217177 0.0016467 0.00398221 0.00651824 0.00185175 0.0023947 0.00232392 0.00335121 0.00114786 -0.000582354 0.0031364 0.00106422
internal_weight=80000 28329 10795 4494 6301 2687 3614 163 51671 21026 4101 2574 272 2302 1440 866 811 254 574 557 320 146 174 146 862 460 402 215 187 160
internal_count=80000 28329 10795 4494 6301 2687 3614 163 51671 21026 4101 2574 272 2302 1440 866 811 254 574 557 320 146 174 146 862 460 402 215 187 160
is_linear=0
shrinkage=0.05


Tree=245
num_leaves=31
num_cat=0
split_feature=6 8 9 8 8 7 4 1 8 7 8 8 7 8 8 8 7 8 9 4 1 6 7 6 8 8 7 8 1 7
split_gain=0.185254 0.415123 0.695553 0.703073 0.510187 0.665845 0.457382 0.441062 0.724959 0.509083 0.397264 0.352611 0.712037 0.38373 0.343718 0.248216 0.327129 0.211601 0.624845 0.364337 0.745549 0.473002 0.359543 0.357912 0.801175 0.325924 0.263024 0.210085 0.724931 1.01628
threshold=1.0000000180025095e-35 0.71907848290764587 0.45124090117685461 0.066055431593264671 0.51747854604033428 0.50126780944777805 1.0000000180025095e-35 2.5000000000000004 0.28372978203139171 -0.19685454760700036 0.42639020247237958 -1.6043440453073161 1.498585462383176 -1.568176614772981 0.13303215480499608 0.32525535042266529 1.1993901665025566 0.11963681016264981 0.45124090117685461 1.0000000180025095e-35 2.5000000000000004 1.5000000000000002 0.20207251356715863 3.5000000000000004 0.35606464310006175 0.29712512667373797 -0.097122782313460637 -0.25141423643034205 2.5000000000000004 1.0000000180025095e-35
decision_type=2 2 2 2 2 2 2 2 2 2 2 2 2 2 2 2 2 2 2 2 2 2 2 2 2 2 2 2 2 2
left_child=1 2 -1 11 5 6 7 8 14 -10 15 12 -4 -13 -5 16 -7 -2 -19 20 21 -20 23 24 -23 26 -22 -15 29 -29
right_child=17 -3 3 4 -6 10 -8 -9 9 -11 -12 13 -14 27 -16 -17 -18 18 19 -21 25 22 -24 -25 -26 -27 -28 28 -30 -31
leaf_value=-1.4111553553430935e-05 -1.2980004918282958e-06 -7.8629638103488054e-05 -0.00066711335013329583 0.0025553375832488628 0.00052765046482467414 -0.0020797217866326124 -0.0013524732270090369 -0.00028492546169957966 0.0046366143304577305 0.00069549514255898141 0.0037676190799838466 -0.0031476605071487545 0.0051305658518857782 0.00044867437955342296 0.0072387864520367237 -0.0027682656509384947 0.0020076298035263162 2.6310945523421068e-05 -0.0032973363739872441 -0.00021416532307421077 5.4433642935886149e-05 0.0033210707823749784 -0.0045917777190079339 -0.0043479434059726972 -0.0015873719277105167 -0.00087484439821438004 0.0029876022129871472 -0.0037540482504070565 0.0009151584425846148 0.00060983022274316474
leaf_weight=11635 26443 21760 102 51 857 77 53 69 149 182 72 81 110 5145 171 79 134 7322 488 1933 304 120 65 56 270 1056 102 275 580 259
leaf_count=11635 26443 21760 102 51 857 77 53 69 149 182 72 81 110 5145 171 79 134 7322 488 1933 304 120 65 56 270 1056 102 275 580 259
internal_value=2.02873e-09 7.26639e-05 0.000236607 0.000581986 0.00143044 0.00217641 0.00310413 0.00348403 0.00395426 0.00247046 0.000446153 0.000336703 0.00234212 0.000269609 0.00616449 -0.000379501 0.000515758 -7.9671e-05 -0.000256557 -0.000727908 -0.0011314 -0.00218413 -0.00112059 -0.000613782 -7.66177e-05 -0.000411966 0.000791892 0.000313883 -0.000308633 -0.00163777
internal_weight=80000 41841 20081 8446 1894 1037 675 622 553 331 362 6552 212 6340 222 290 211 38159 11716 4394 2461 999 511 446 390 1462 406 6259 1114 534
internal_count=80000 41841 20081 8446 1894 1037 675 622 553 331 362 6552 212 6340 222 290 211 38159 11716 4394 2461 999 511 446 390 1462 406 6259 1114 534
is_linear=0
shrinkage=0.05


Tree=246
num_leaves=31
num_cat=0
split_feature=6 8 11 8 11 11 11 2 8 5 11 8 3 8 11 3 8 8 3 2 8 8 2 3 8 11 3 11 2 8
split_gain=0.167199 0.376512 0.606388 1.03251 1.49487 0.697921 0.548472 0.531475 1.91412 0.780945 0.354919 0.317716 0.315208 0.538397 0.42915 0.383274 0.431695 1.08711 0.349008 0.27521 0.245723 0.243789 0.950151 0.997889 0.573481 0.583885 1.00287 0.402775 0.299924 0.28168
threshold=1.0000000180025095e-35 -1.4308743321889319 101.79808450000002 -1.700120759500092 101.79820050000002 101.79824450000001 101.79827250000001 1.0000000180025095e-35 -1.5186138395962998 1.0000000180025095e-35 101.79852050000001 -1.5186138395962998 1.5000000000000002 -1.5025394260254843 101.79596250000002 3.5000000000000004 -1.6257765967350701 -1.5527719684342831 3.5000000000000004 2.5000000000000004 0.74586917219233861 -0.010298032868109099 1.0000000180025095e-35 2.5000000000000004 0.62799013933969128 101.79820050000002 1.5000000000000002 101.79816050000001 3.5000000000000004 -0.23801889178799587
decision_type=2 2 2 2 2 2 2 2 2 2 2 2 2 2 2 2 2 2 2 2 2 2 2 2 2 2 2 2 2 2
left_child=1 2 7 -4 11 -6 -7 8 -1 -9 -8 -5 14 15 -11 16 -14 -18 -15 -16 21 28 23 24 25 26 27 -23 29 -3
right_child=-2 20 3 4 5 6 10 9 -10 12 -12 -13 13 18 19 -17 17 -19 -20 -21 -22 22 -24 -25 -26 -27 -28 -29 -30 -31
leaf_value=-0.00712041649635182 -7.5688559041124534e-05 6.1644091529827074e-05 0.0071740138505593243 0.0032162609883815592 -0.0049150427597091546 0.0047385563369893519 -0.0013808310281312507 -0.0038122158051417418 0.0050478815110381733 -0.00019476867586022058 0.0031967018459083448 0.0076502670494271591 0.0035180238955062997 -0.00037221317170467861 0.0023564652391342695 0.0047646264491600053 -0.0061859296418427367 0.003285530917255022 -0.0051928304022338789 0.0062737479628326726 -7.7322648589973588e-05 0.0015936222813829075 -1.0127853738250677e-05 0.00017237878976630763 7.9842356614894948e-05 0.0054931730334198247 0.0061607890487171456 -0.0032091962523042271 0.00053135954858193337 -0.00061961131166690035
leaf_weight=91 38159 9630 84 88 71 63 209 93 50 121 53 75 70 103 150 68 60 61 59 64 21357 226 3122 714 159 223 118 54 2804 1801
leaf_count=91 38159 9630 84 88 71 63 209 93 50 121 53 75 70 103 150 68 60 61 59 64 21357 226 3122 714 159 223 118 54 2804 1801
internal_value=2.29336e-09 6.90324e-05 0.000813264 0.00200867 0.00123134 -0.00042778 0.000553725 3.67261e-05 -0.0028049 0.000508931 -0.000453975 0.00525989 0.00104093 0.000130099 0.00218522 0.00154402 0.000395526 -0.00141229 -0.00212999 0.00353037 3.88044e-05 0.000170369 0.000486124 0.00152307 0.00275929 0.0034452 0.00229663 0.000666549 6.79758e-05 -4.56949e-05
internal_weight=80000 41841 1633 643 559 396 325 990 141 849 262 163 756 421 335 259 191 121 162 214 40208 18851 4616 1494 780 621 398 280 14235 11431
internal_count=80000 41841 1633 643 559 396 325 990 141 849 262 163 756 421 335 259 191 121 162 214 40208 18851 4616 1494 780 621 398 280 14235 11431
is_linear=0
shrinkage=0.05


Tree=247
num_leaves=31
num_cat=0
split_feature=6 8 7 2 10 10 7 8 7 8 7 8 10 1 10 7 2 7 7 10 7 8 9 8 8 7 7 10 10 10
split_gain=0.150905 0.339864 0.888285 0.789821 0.73575 1.43113 0.607962 1.03277 0.961492 0.495794 0.421867 0.328911 1.27116 1.77399 1.03816 0.378837 0.60932 0.838735 0.467268 0.318471 0.287761 0.22177 0.510148 0.594653 0.521216 0.585567 0.517718 0.937575 0.640051 0.500157
threshold=1.0000000180025095e-35 -1.4308743321889319 2.2964395847314942 1.0000000180025095e-35 3.0449935000000004 3.0434545000000006 1.0996584012090167 -1.568176614772981 0.40153604415423816 -1.6043440453073161 0.90019487062193726 -1.6257765967350701 3.0462115000000005 1.5000000000000002 3.0456835000000004 1.0000000180025095e-35 1.0000000180025095e-35 1.498585462383176 1.7977807582637952 3.0465365000000006 1.1993901665025566 0.74586917219233861 0.45124090117685461 0.066055431593264671 0.51747854604033428 0.50126780944777805 2.7950984111991932 3.0462855000000002 3.0442375000000004 3.0448515000000005
decision_type=2 2 2 2 2 2 2 2 2 2 2 2 2 2 2 2 2 2 2 2 2 2 2 2 2 2 2 2 2 2
left_child=1 2 4 -4 5 10 8 -8 -7 -5 -1 12 -6 -14 -13 -16 17 -17 20 -11 -18 22 -3 26 25 -25 29 28 -28 -24
right_child=-2 21 3 9 11 6 7 -9 -10 19 -12 14 13 -15 15 16 18 -19 -20 -21 -22 -23 23 24 -26 -27 27 -29 -30 -31
leaf_value=0.0038100013757077565 -7.1904141515070341e-05 -5.8779849576654511e-05 0.007257426286731288 0.0059493117523935447 -0.0032305370637173755 -0.0013537616582875323 -0.0067057083633901005 0.0015279426835802009 -0.010524951714089573 -0.0012284918411043625 -4.0482854084571218e-05 0.006527674581419023 -0.0003946563818862022 0.012317639042518348 0.0036547030795128334 -0.006476148112076828 0.00014735568090079533 0.0016480873971302682 -0.0027289996840946492 0.0030238790786219633 0.0039358406842291581 -7.3456534306301564e-05 0.00066981805972399786 0.0028583365638063427 0.00039958317368259761 0.00036575145584766017 -0.0019246547452806261 0.0031573370444964994 -0.0086965008718601789 -0.00030409618220821532
leaf_weight=101 38159 10963 85 52 51 51 63 96 65 113 240 67 52 58 58 84 106 51 73 72 95 21357 3491 675 1028 362 102 59 53 2118
leaf_count=101 38159 10963 85 52 51 51 63 96 65 113 240 67 52 58 58 84 106 51 73 72 95 21357 3491 675 1028 362 102 59 53 2118
internal_value=4.18784e-09 6.55846e-05 0.000772668 0.00312526 0.000194645 -0.00106342 -0.00374644 -0.00173661 -0.00649743 0.00164082 0.00110077 0.0013097 0.00328996 0.00631329 0.000712154 -0.000123412 -0.000659946 -0.00340804 0.000694794 0.000427224 0.001939 3.68654e-05 0.000161853 0.000468493 0.00119748 0.00198833 0.000209957 -0.00220314 -0.0042443 0.000302062
internal_weight=80000 41841 1633 322 1311 616 275 159 116 237 341 695 161 110 534 467 409 135 274 185 201 40208 18851 7888 2065 1037 5823 214 155 5609
internal_count=80000 41841 1633 322 1311 616 275 159 116 237 341 695 161 110 534 467 409 135 274 185 201 40208 18851 7888 2065 1037 5823 214 155 5609
is_linear=0
shrinkage=0.05


Tree=248
num_leaves=31
num_cat=0
split_feature=6 8 2 6 8 9 6 5 9 5 10 8 8 6 8 3 8 10 10 10 3 8 8 3 8 8 10 8 8 8
split_gain=0.13985 0.246771 0.804831 0.508397 0.227482 0.359911 0.413001 0.345327 0.337042 0.440586 0.655809 0.562299 0.592798 0.537912 0.826116 0.974487 0.894095 1.26165 0.76578 0.618177 0.613904 0.584643 0.775562 0.938712 1.50815 1.15689 0.704084 0.591319 0.627657 0.501901
threshold=2.5000000000000004 -0.20051192678942623 1.0000000180025095e-35 3.5000000000000004 0.50140413246951887 0.45124090117685461 1.0000000180025095e-35 1.0000000180025095e-35 0.45124090117685461 1.0000000180025095e-35 3.0415855000000005 -1.2111906800544525 -0.032400351527980438 1.0000000180025095e-35 0.092846120877957211 4.5000000000000009 -0.25141423643034205 3.0439395000000005 3.0432695000000005 3.0466055000000005 1.0000000180025095e-35 -0.93591634765423681 -1.124120939879202 1.5000000000000002 -1.5186138395962998 -1.5186138395962998 3.0456485000000004 -0.48985137106410587 0.025869397666225803 -0.11478172107840999
decision_type=2 2 2 2 2 2 2 2 2 2 2 2 2 2 2 2 2 2 2 2 2 2 2 2 2 2 2 2 2 2
left_child=4 3 -3 -2 8 -6 7 -7 -1 13 -11 -12 -13 14 16 -16 -10 18 29 20 -19 22 23 25 -25 -15 -27 -23 -29 -18
right_child=1 2 -4 -5 5 6 -8 -9 9 10 11 12 -14 21 15 -17 17 19 -20 -21 -22 27 -24 24 -26 26 -28 28 -30 -31
leaf_value=-1.7264311526080942e-05 -0.00039978073902393056 -0.0028389254373447728 -0.00021031738330838277 0.00035110148648861213 5.7707066133578419e-05 -0.0001112772322757701 -0.0010198314223114002 -0.0016768566002400059 0.0012022546684145223 0.0038306002833825704 0.00047292208205925275 -0.00073901484422609558 0.001091942315524152 -0.0087446170478590983 0.0031970411428812757 -0.0038199264163671269 0.0018061715500290506 -0.0085218560501160862 0.0040401441883354686 0.00039552052536118132 -0.002645419973638723 -0.0010850932467140729 0.0033461462400250792 0.0062574486953149494 -0.00016297423615412805 0.0024584309435794665 -0.0046326238504293881 0.0010652867017581361 -0.00018488513291347911 -0.0020364716963928681
leaf_weight=24021 4871 351 1707 4196 17498 8693 1720 367 2117 107 2470 3315 510 54 581 54 165 52 158 142 304 1020 320 126 333 93 56 1540 2884 175
leaf_count=24021 4871 351 1707 4196 17498 8693 1720 367 2117 107 2470 3315 510 54 581 54 165 52 158 142 304 1020 320 126 333 93 56 1540 2884 175
internal_value=4.81843e-09 -0.000164483 -0.000658753 -5.22896e-05 2.65739e-05 -8.23028e-05 -0.000309564 -0.000174713 0.000102412 0.00027584 -4.91224e-05 -0.000115128 -0.000494865 0.000480322 0.000956361 0.00259982 0.000621052 -0.000614294 0.00116515 -0.00239361 -0.00350593 0.000202658 0.00132551 0.000348412 0.00160047 -0.002482 -0.000207983 9.5005e-08 0.000250316 -0.000171677
internal_weight=80000 11125 2058 9067 68875 28278 10780 9060 40597 16576 6402 6295 3825 10174 3748 635 3113 996 498 498 356 6426 982 662 459 203 149 5444 4424 340
internal_count=80000 11125 2058 9067 68875 28278 10780 9060 40597 16576 6402 6295 3825 10174 3748 635 3113 996 498 498 356 6426 982 662 459 203 149 5444 4424 340
is_linear=0
shrinkage=0.05


Tree=249
num_leaves=31
num_cat=0
split_feature=7 10 10 10 7 3 0 0 10 10 7 10 7 3 7 10 7 3 10 7 3 7 7 7 10 3 7 10 10 3
split_gain=0.063501 0.111265 0.0649316 0.196761 0.217082 0.235449 0.240299 0.189566 0.180139 0.117439 0.365494 0.111215 0.314422 0.288529 0.17876 0.244142 0.123628 0.278055 0.132048 0.184033 0.176305 0.105016 0.104182 0.0954603 0.0826588 0.109449 0.0706492 0.058067 0.0626081 0.0549263
threshold=0.10234074827361882 3.0480935000000007 3.0472355000000007 3.0474505000000005 -0.097122782313460637 5.5000000000000009 2.5000000000000004 2.5000000000000004 3.0472715000000004 3.0473815000000006 -0.69551337407469915 3.0470265000000003 -0.49604984348761971 1.0000000180025095e-35 -0.29658631290054016 3.0469915000000003 -0.79524513936823904 3.5000000000000004 3.0470925000000002 -0.8949769046617787 4.5000000000000009 -0.79524513936823904 -0.29658631290054016 -0.69551337407469915 3.0415595000000004 1.5000000000000002 -1.0944404352488581 3.0471665000000003 3.0471305000000002 4.5000000000000009
decision_type=2 2 2 2 2 2 2 2 2 2 2 2 2 2 2 2 2 2 2 2 2 2 2 2 2 2 2 2 2 2
left_child=2 -2 11 4 5 6 8 -6 -4 21 -11 14 16 -14 29 24 18 -18 20 27 -13 -8 -15 -19 25 -16 -10 28 -20 -1
right_child=1 -3 3 -5 7 -7 9 -9 26 10 -12 12 13 22 15 -17 17 23 19 -21 -22 -23 -24 -25 -26 -27 -28 -29 -30 -31
leaf_value=-0.00012063478118055896 -6.3113078659847669e-05 0.0018266046736639821 0.0028397892931899104 6.8563549639253233e-05 0.00070953523036910559 -0.00059547851914311042 0.00018158777459046063 -0.0028091587446203406 -0.0013790478496126793 0.0064835756412224485 0.00077097250415712011 -0.0037037172597782415 -0.0041022289124825022 0.00024849094275471465 0.0030253166034382643 0.0032906977903679395 0.0029585843827167019 -0.0019819150504401754 0.00048777850543682333 -0.0023814564072616412 9.0538192457278554e-05 0.0024154222317797655 -0.0014174711598268941 0.0006387110202443093 0.00015300708769658018 0.00035051322149787429 0.00048804359387404962 0.0001298643481201961 0.0029120697545486252 2.6710989700352467e-05
leaf_weight=14244 29520 78 78 11951 78 189 76 75 59 57 55 57 83 138 58 63 113 55 50 51 66 171 293 94 10242 112 355 106 57 11376
leaf_count=14244 29520 78 78 11951 78 189 76 75 59 57 55 57 83 138 58 63 113 55 50 51 66 171 293 94 10242 112 355 106 57 11376
internal_value=3.99987e-09 -5.81269e-05 3.41408e-05 0.000129688 0.000741951 0.00100065 0.00135516 -0.00101602 0.000637249 0.0023386 0.00368147 4.33044e-07 -0.0004808 -0.00140447 1.59399e-05 0.000189957 0.00025084 0.00108934 -0.000316958 0.000313529 -0.00166936 0.00172844 -0.00088412 -0.000329315 0.000171164 0.00126434 0.000221692 0.000959622 0.00178074 -5.52093e-05
internal_weight=80000 29598 50402 13144 1193 1040 851 153 492 359 112 37258 1163 514 36095 10475 649 262 387 264 123 247 431 149 10412 170 414 213 107 25620
internal_count=80000 29598 50402 13144 1193 1040 851 153 492 359 112 37258 1163 514 36095 10475 649 262 387 264 123 247 431 149 10412 170 414 213 107 25620
is_linear=0
shrinkage=0.05


Tree=250
num_leaves=31
num_cat=0
split_feature=8 5 0 8 11 8 9 8 0 9 7 8 7 3 0 0 8 7 8 11 3 8 11 11 7 8 7 8 3 11
split_gain=0.131002 0.191348 0.38214 0.2943 0.260157 0.29455 0.23867 0.231646 0.163237 0.154889 0.154948 0.1793 0.336173 0.215132 0.580371 0.282628 0.482694 0.266005 0.211345 0.200062 0.246312 0.341647 0.239614 0.456521 0.37274 0.210591 0.15952 0.158791 0.144373 0.158293
threshold=0.11963681016264981 1.0000000180025095e-35 1.5000000000000002 0.61325526023311017 101.79771750000002 0.74586917219233861 0.45124090117685461 0.50140413246951887 4.5000000000000009 0.45124090117685461 -1.3936357311294776 0.39692044425921785 -0.49604984348761971 4.5000000000000009 4.5000000000000009 4.5000000000000009 0.85169239486687409 -0.59578160878115949 0.674204078355786 101.79809250000001 4.5000000000000009 0.23952514471164901 101.79568950000001 101.79607150000001 -1.0944404352488581 0.17053911980356559 -0.39631807819407994 0.27033443738904556 2.5000000000000004 101.79813250000002
decision_type=2 2 2 2 2 2 2 2 2 2 2 2 2 2 2 2 2 2 2 2 2 2 2 2 2 2 2 2 2 2
left_child=-1 9 3 -3 5 -4 -6 28 -7 -2 -11 12 19 15 -15 16 17 -13 -16 22 21 -21 27 -24 -25 -22 -19 -12 29 -8
right_child=1 2 4 -5 6 8 7 -9 -10 10 11 13 -14 14 18 -17 -18 26 -20 20 25 -23 23 24 -26 -27 -28 -29 -30 -31
leaf_value=5.9272406316756463e-05 4.2663319810005743e-05 -0.0028307817235698873 0.00123624619169611 -0.00010042923680003422 -2.2264343340802663e-05 0.00055741415277706097 -0.0016137176175962647 -0.0029475343418610246 -0.0024247970271007477 -0.0019612841002393413 -0.0031445855663338146 -0.0016354505429977398 0.00081820766041403644 0.00055872002412529092 -0.0016302672534771172 -0.0001338979282077641 -0.0013691814169476703 0.0016766989588486395 -0.00033852933456239798 -0.00029077236408351341 -0.0027319566818074879 -0.0042572393692535742 0.0043871232587451179 -0.0028215981737682318 0.00078256663495715961 0.00074592110778822851 4.5690190280890382e-06 0.00021959514181511906 -0.0022366744706897239 0.0017388667569128984
leaf_weight=43056 21291 278 475 153 537 82 59 183 104 120 79 218 1213 2409 378 3577 1616 172 1949 102 57 116 71 89 368 183 833 63 82 87
leaf_count=43056 21291 278 475 153 537 82 59 183 104 120 79 218 1213 2409 378 3577 1616 172 1949 102 57 116 71 89 368 183 833 63 82 87
internal_value=4.51919e-09 -6.90686e-05 -0.000539744 -0.00186179 -0.000185517 0.000575833 -0.000716378 -0.00162306 -0.00111047 -4.1558e-05 -0.000173281 -0.000157365 0.000240443 -0.000240873 1.47338e-05 -0.000429548 -0.000802036 -5.25921e-05 -0.000548421 -0.000380877 -0.00118614 -0.00240235 0.00016968 0.00066007 8.01977e-05 -8.08687e-05 0.000290883 -0.00165292 -0.000559169 0.000383878
internal_weight=80000 36944 2040 431 1609 661 948 411 186 34904 13613 13493 2341 11152 4736 6416 2839 1223 2327 1128 458 218 670 528 457 240 1005 142 228 146
internal_count=80000 36944 2040 431 1609 661 948 411 186 34904 13613 13493 2341 11152 4736 6416 2839 1223 2327 1128 458 218 670 528 457 240 1005 142 228 146
is_linear=0
shrinkage=0.05


Tree=251
num_leaves=31
num_cat=0
split_feature=6 1 7 11 11 11 11 7 7 7 6 11 11 6 11 3 11 11 7 7 11 11 7 11 11 6 6 6 7 3
split_gain=0.130641 0.143304 0.133109 0.320578 0.181532 0.491653 0.586607 0.354544 0.275437 0.326026 0.228073 0.179395 0.319681 0.183072 0.175035 0.162301 0.479764 0.651404 0.511917 0.486042 0.454127 0.79915 0.446652 0.442494 0.317473 0.155933 0.144729 0.239798 0.769016 0.583461
threshold=1.0000000180025095e-35 1.5000000000000002 1.2991219317960965 101.79829950000001 101.79826050000001 101.79820850000002 101.79818050000002 2.6953666459056533 2.495903115318574 2.0969760541444149 1.5000000000000002 101.79855550000001 101.79851150000002 2.5000000000000004 101.79859950000001 1.0000000180025095e-35 101.79822050000001 101.79814450000002 1.0996584012090167 0.70073134003485771 101.79826050000001 101.79828750000001 -0.097122782313460637 101.79833150000002 101.79818450000002 1.5000000000000002 3.5000000000000004 2.5000000000000004 -0.79524513936823904 1.5000000000000002
decision_type=2 2 2 2 2 2 2 2 2 2 2 2 2 2 2 2 2 2 2 2 2 2 2 2 2 2 2 2 2 2
left_child=-1 -2 11 4 5 6 7 8 9 -4 -7 12 15 14 -13 16 17 18 19 -3 25 -22 24 -23 -19 -18 27 -17 -29 -30
right_child=1 2 3 -5 -6 10 -8 -9 -10 -11 -12 13 -14 -15 -16 26 20 22 -20 -21 21 23 -24 -25 -26 -27 -28 28 29 -31
leaf_value=6.1021640256452514e-05 5.1791162404208116e-05 -0.00040081587861459612 -0.0010236124301966584 0.0021476490587501421 -0.0030930117052883183 0.0051506888753401784 -0.0059170472560731019 0.0030362237883722726 -0.0041659213504052764 0.0011724931078401224 0.0003765658372055791 -0.0025428390627331397 0.0029778066571573784 -0.004040622644553747 0.0014426920213525315 -2.951091519349393e-05 -0.0064809508256468114 0.003235218849491624 0.0033947148396175197 -0.0033114101065488278 0.0031717666242693059 -0.0044762279475330817 0.0057599167925917764 0.00086495744219602726 -0.0011553109573487308 -0.0029877688042114501 0.00026401019384984185 -0.00024739573769224385 -0.007245994051685925 -0.0018040501814848
leaf_weight=41841 15260 2073 1059 102 78 50 55 62 59 201 50 55 84 57 55 12566 56 78 83 154 83 121 67 57 87 75 2971 2173 63 225
leaf_count=41841 15260 2073 1059 102 78 50 55 62 59 201 50 55 84 57 55 12566 56 78 83 154 83 121 67 57 87 75 2971 2173 63 225
internal_value=3.06317e-09 -6.69032e-05 -0.000146002 -0.000569535 -0.000741375 -0.000621763 -0.000857883 -0.000655981 -0.000829752 -0.000673216 0.00276639 -0.000111689 -9.87143e-05 -0.00174349 -0.000550573 -0.000111075 -0.0004559 -0.000204786 -0.000458473 -0.000602227 -0.00208383 -0.000877473 0.00232026 -0.00276632 0.000920915 -0.00448484 -5.48595e-05 -0.000117905 -0.000569229 -0.00299658
internal_weight=80000 38159 22899 1716 1614 1536 1436 1381 1319 1260 100 21183 21016 167 110 20932 2934 2542 2310 2227 392 261 232 178 165 131 17998 15027 2461 288
internal_count=80000 38159 22899 1716 1614 1536 1436 1381 1319 1260 100 21183 21016 167 110 20932 2934 2542 2310 2227 392 261 232 178 165 131 17998 15027 2461 288
is_linear=0
shrinkage=0.05


Tree=252
num_leaves=31
num_cat=0
split_feature=8 11 7 10 11 7 6 10 10 10 11 10 10 11 10 7 6 11 10 7 6 8 0 8 10 8 7 10 8 11
split_gain=0.134754 0.259581 1.13042 0.800618 0.658384 0.795438 1.1722 0.794094 0.665234 0.358312 1.0554 2.81189 1.74294 1.95855 0.724773 0.672109 0.801203 0.625278 0.35149 0.189033 0.138427 0.255609 0.235992 0.370564 0.600323 0.719277 0.5503 0.360339 0.58039 0.256816
threshold=-1.700120759500092 101.79827250000001 -0.99470866995531859 3.0422685000000005 101.79822050000001 2.2964395847314942 1.0000000180025095e-35 3.0468145000000004 3.0453955000000006 3.0453275000000004 101.79803250000002 3.0436855000000005 3.0441405000000006 101.79504950000002 3.0456835000000004 1.2991219317960965 2.5000000000000004 101.79695750000002 3.0473095000000003 0.10234074827361882 1.0000000180025095e-35 0.71907848290764587 2.5000000000000004 0.066055431593264671 3.0442035000000005 0.23952514471164901 0.40153604415423816 3.0466735000000003 0.15848330962545393 101.79803250000002
decision_type=2 2 2 2 2 2 2 2 2 2 2 2 2 2 2 2 2 2 2 2 2 2 2 2 2 2 2 2 2 2
left_child=1 3 -3 -1 5 6 8 -6 -5 10 12 -12 17 -14 -11 16 -16 -8 19 -4 21 22 -2 -24 -25 26 27 28 -26 -27
right_child=20 2 18 4 7 -7 9 -9 -10 14 11 -13 13 -15 15 -17 -18 -19 -20 -21 -22 -23 23 24 25 29 -28 -29 -30 -31
leaf_value=-0.0060393634808069453 -3.379941943460597e-05 -0.0042110704506953525 0.0046925187522653278 -0.0082832411879812211 -0.0079483034910853515 0.0069056190519611428 0.0010627107541731843 0.00029665082237236842 -0.00070261662065146 -0.0047921769724394879 -0.00078913819101075549 0.012548177705621591 0.0018846068326121843 -0.011511371491430413 0.0043533212887743667 -0.0036576612740654539 4.0636537916716658e-05 0.0069498927048582716 0.0065819613158518992 0.00091566401082836301 -8.0460072369849831e-05 -6.5649598821705676e-05 0.00018010713041182217 0.00010149558153849575 0.0001531447678976004 0.0041645184725151536 0.00047850875712984677 0.0088663627096995223 0.0074251124350011039 0.00084105837731096751
leaf_weight=50 7726 60 50 55 50 50 130 70 61 65 86 73 55 54 160 74 329 69 66 98 36641 21760 9693 1261 52 62 73 58 58 911
leaf_count=50 7726 60 50 55 50 50 130 70 61 65 86 73 55 54 160 74 329 69 66 98 36641 21760 9693 1261 52 62 73 58 58 911
internal_value=1.92277e-09 0.000439733 0.00184934 0.000169719 0.000394944 0.000731799 0.000476344 -0.0031425 -0.00430092 0.000982775 0.00203147 0.00533832 0.000323184 -0.0047564 0.000202733 0.000780159 0.00145234 0.00310646 0.00354969 0.00219394 -9.57448e-06 5.27802e-05 0.000182318 0.00031954 0.000865579 0.00165917 0.00410408 0.00567825 0.00399072 0.00105324
internal_weight=80000 1705 274 1431 1381 1261 1211 120 116 1095 467 159 308 109 628 563 489 199 214 148 78295 41654 19894 12168 2475 1214 241 168 110 973
internal_count=80000 1705 274 1431 1381 1261 1211 120 116 1095 467 159 308 109 628 563 489 199 214 148 78295 41654 19894 12168 2475 1214 241 168 110 973
is_linear=0
shrinkage=0.05


Tree=253
num_leaves=31
num_cat=0
split_feature=8 9 5 1 8 8 8 1 8 8 1 3 8 8 8 2 1 3 8 8 8 5 2 8 8 8 3 1 1 3
split_gain=0.127691 0.283011 0.236766 0.354821 2.11812 0.717162 0.27161 0.243156 1.18337 0.623464 0.280454 0.273185 0.217498 0.413267 0.206534 0.358332 0.238932 0.211557 0.285747 0.19118 0.319979 0.175167 0.568765 1.42533 1.13179 1.07956 0.693523 1.34102 1.02437 0.892862
threshold=-0.55749786150795455 -1.117930881447166 1.0000000180025095e-35 3.5000000000000004 -0.032400351527980438 -0.16233519455873927 0.61325526023311017 3.5000000000000004 -0.032400351527980438 0.025869397666225803 2.5000000000000004 2.5000000000000004 -0.47578625918964224 -0.27686539125079995 0.29712512667373797 1.5000000000000002 1.0000000180025095e-35 2.5000000000000004 0.48599948613082056 -0.27686539125079995 -0.47578625918964224 1.0000000180025095e-35 2.5000000000000004 -0.93591634765423681 -0.98882795899150466 -1.1984651026442237 4.5000000000000009 3.5000000000000004 3.5000000000000004 1.5000000000000002
decision_type=2 2 2 2 2 2 2 2 2 2 2 2 2 2 2 2 2 2 2 2 2 2 2 2 2 2 2 2 2 2
left_child=1 -1 7 5 19 -4 -6 9 11 10 -2 -9 -13 -14 16 17 -7 18 -16 20 -5 22 24 25 26 -24 27 29 -28 -3
right_child=2 21 3 4 6 14 -8 8 -10 -11 -12 12 13 -15 15 -17 -18 -19 -20 -21 -22 -23 23 -25 -26 -27 28 -29 -30 -31
leaf_value=-0.00023706709413692418 0.00025841750748857708 -0.00021558632405428458 -0.0013463806425822393 0.0013644247677858359 -0.0026178353232537569 -0.00077158536848967669 -9.5644685588839424e-05 -0.00060491391411989816 3.683486798214618e-05 -6.4590668940546473e-05 0.00092366990932021939 0.00024429376348918412 -0.0032086198060963089 -0.0012002403964965255 0.0018006594035629864 -1.6166660873777995e-05 0.0010393122290282177 -0.0042129008814885743 -0.002880041841440239 0.0011046019578808003 0.0043620015365655939 4.2089684217048697e-05 -0.00027162931414919397 -0.001060344064145031 0.0014781354050300663 0.0017689679494466107 -0.0035305175827788924 -0.00098793747477662441 0.00057399319449916934 0.0027650661792166594
leaf_weight=5365 6688 406 1745 141 353 246 153 749 7904 29336 2076 114 446 602 54 1016 701 84 82 141 242 12140 1353 2039 2407 1244 308 906 300 659
leaf_count=5365 6688 406 1745 141 353 246 153 749 7904 29336 2076 114 446 602 54 1016 701 84 82 141 242 12140 1353 2039 2407 1244 308 906 300 659
internal_value=3.09847e-09 8.81932e-05 -4.52438e-05 -0.000374164 0.00045182 -0.000590759 -0.00185537 -1.12081e-05 -0.000233126 4.59609e-05 0.00041601 -0.00134964 -0.00182958 -0.00205518 1.32871e-05 -0.0004124 0.000568868 -0.00224144 -0.00102157 0.00267968 0.0032591 0.000168381 0.000327719 -7.09467e-05 0.000698393 0.000705876 -2.93753e-05 0.000426024 -0.0015055 0.00162887
internal_weight=80000 27127 52873 4958 1030 3928 506 47915 9815 38100 8764 1911 1162 1048 2183 1236 947 220 136 524 383 21762 9622 4636 4986 2597 2579 1971 608 1065
internal_count=80000 27127 52873 4958 1030 3928 506 47915 9815 38100 8764 1911 1162 1048 2183 1236 947 220 136 524 383 21762 9622 4636 4986 2597 2579 1971 608 1065
is_linear=0
shrinkage=0.05


Tree=254
num_leaves=31
num_cat=0
split_feature=7 11 7 10 11 11 10 7 11 10 10 7 7 7 1 7 11 11 7 11 11 11 10 7 7 7 7 11 10 7
split_gain=0.0540476 0.128209 0.103375 0.0985414 0.0885925 0.0756804 0.510536 0.331741 0.261059 0.444629 0.235183 0.237799 0.805511 0.536467 0.414644 0.360476 0.182843 0.224834 0.190091 0.169276 0.161208 0.169216 0.383814 0.307123 0.190046 0.638289 0.463173 0.152989 0.149734 0.581792
threshold=0.10234074827361882 101.79862550000001 0.70073134003485771 3.0480935000000007 101.79861650000001 101.79806450000001 3.0419795000000005 0.80046310532839737 101.79812050000001 3.0419025000000004 3.0480365000000007 1.5983172276767157 2.1967078194379543 2.495903115318574 1.5000000000000002 1.498585462383176 101.79804450000002 101.79804050000001 0.90019487062193726 101.79811650000001 101.79815250000001 101.79818050000002 3.0459715000000007 1.8975125235573351 1.2991219317960965 0.60099957474131782 1.7977807582637952 101.79814850000001 3.0457555000000007 0.90019487062193726
decision_type=2 2 2 2 2 2 2 2 2 2 2 2 2 2 2 2 2 2 2 2 2 2 2 2 2 2 2 2 2 2
left_child=4 3 -3 5 -1 6 7 -2 9 -7 11 15 14 -14 -13 19 17 -8 -19 -11 27 22 23 -22 25 -24 -26 28 -10 -30
right_child=1 2 -4 -5 -6 8 16 -9 20 10 -12 12 13 -15 -16 -17 -18 18 -20 -21 21 -23 24 -25 26 -27 -28 -29 29 -31
leaf_value=2.5360566101221538e-05 0.0006417350355415603 -6.4030670092444865e-05 -0.0025706458993334813 0.0017278780442991663 0.00074771149879755412 -0.0049863756045718036 -2.1007757355056911e-05 0.0062088845504272225 0.00062836038170205094 -0.0003813157724325189 0.0020533417678002038 -0.0010103509941111917 0.0043290664712822176 -0.0016019939280608121 -0.0055620634415443401 0.003513008596468554 0.0008592613698718912 -0.00025453320291053493 -0.0039539376480904609 -0.0026765933883364126 -0.00046148469520505034 -4.3928344885976945e-05 -0.00074495706169486447 0.0027801290879080412 0.0028140808450837144 -0.0059624182924304077 -0.003446686632769297 0.0022882317918880546 0.0023474402715706459 -0.0046453947882710142
leaf_weight=49974 53 75 91 78 428 59 17314 54 665 1034 81 81 66 90 131 57 588 72 67 87 406 7763 148 89 58 97 60 115 57 62
leaf_count=49974 53 75 91 78 428 59 17314 54 665 1034 81 81 66 90 131 57 588 72 67 87 406 7763 148 89 58 97 60 115 57 62
internal_value=2.5957e-09 -5.36271e-05 -0.00143886 -4.58093e-05 3.1496e-05 -5.05283e-05 1.25587e-05 0.0034545 -0.000152696 -0.000726137 -0.000571351 -0.000708991 -0.00181829 0.000908467 -0.00382426 -0.000362327 -7.87423e-06 -3.70932e-05 -0.00203926 -0.000559673 -5.11327e-05 -0.000117577 -0.000783855 0.000121795 -0.00201853 -0.00281224 -0.000369583 0.000585984 0.000336032 -0.00129673
internal_weight=80000 29598 166 29432 50402 29354 18148 107 11206 1686 1627 1546 368 156 212 1178 18041 17453 139 1121 9520 8621 858 495 363 245 118 899 784 119
internal_count=80000 29598 166 29432 50402 29354 18148 107 11206 1686 1627 1546 368 156 212 1178 18041 17453 139 1121 9520 8621 858 495 363 245 118 899 784 119
is_linear=0
shrinkage=0.05


Tree=255
num_leaves=31
num_cat=0
split_feature=7 11 7 11 3 7 9 11 7 9 5 11 11 11 11 7 7 1 5 11 11 11 7 0 5 5 5 11 11 11
split_gain=0.0487797 0.115722 0.0933066 0.0799568 0.0626364 0.275614 0.307771 0.218692 0.151346 0.19021 0.305229 0.307236 0.578839 0.206723 0.185998 0.343984 0.223857 0.157967 0.265983 0.388625 0.182388 0.17313 0.140577 0.17415 0.34661 0.119394 0.113471 0.264703 0.813271 0.543687
threshold=0.10234074827361882 101.79862550000001 0.70073134003485771 101.79861650000001 1.0000000180025095e-35 1.0000000180025095e-35 0.45124090117685461 101.79554150000001 -0.39631807819407994 0.45124090117685461 1.0000000180025095e-35 101.79806450000001 101.79801550000002 101.79784650000002 101.79818050000002 -0.097122782313460637 -0.19685454760700036 1.5000000000000002 1.0000000180025095e-35 101.79609350000001 101.79828750000001 101.79826050000001 1.0000000180025095e-35 4.5000000000000009 1.0000000180025095e-35 1.0000000180025095e-35 1.0000000180025095e-35 101.79820450000001 101.79817650000001 101.79826050000001
decision_type=2 2 2 2 2 2 2 2 2 2 2 2 2 2 2 2 2 2 2 2 2 2 2 2 2 2 2 2 2 2
left_child=3 -2 -3 4 5 8 7 -7 17 -10 11 12 13 -11 16 -16 -13 25 20 -20 21 -19 26 -24 -25 -1 -6 28 -28 -29
right_child=1 2 -4 -5 22 6 -8 -9 9 10 -12 14 -14 -15 15 -17 -18 18 19 -21 -22 -23 23 24 -26 -27 27 29 -30 -31
leaf_value=5.5128548201691708e-05 -4.3519802235531506e-05 -6.0833471122826554e-05 -0.0024422547470984734 0.00071033466895920256 4.0446631213157676e-05 0.0024177973489333368 -0.0025646611661596305 -0.00080828323415504737 -8.2041782988763625e-05 -4.0929231207227965e-05 0.0037631814858001822 0.0044851020373645294 -0.0043502159915199774 0.003103265342182204 -0.00029423224134269508 0.0040594723464647811 0.00095793519786576829 -0.00030392306604155867 0.00073940130892566911 -0.0044806746846274507 -0.0021073651143582706 0.0025190753586683259 0.00019844990067341406 0.00079314975028893389 0.0051661395828449677 0.0018611067288586221 -0.00026516702614514119 -0.0045500092676241206 0.0060434684592777978 -0.00043830851352207143
leaf_weight=1196 29432 75 91 428 38906 64 233 291 1519 362 80 91 75 61 207 58 89 1704 57 95 137 56 2231 475 50 99 1347 106 53 332
leaf_count=1196 29432 75 91 428 38906 64 233 291 1519 362 80 91 75 61 207 58 89 1704 57 95 137 56 2231 475 50 99 1347 106 53 332
internal_value=2.00219e-09 -5.09471e-05 -0.001367 2.99213e-05 2.40925e-05 -0.000121007 -0.00115309 -0.000226163 -1.7886e-05 0.000272906 0.000799906 0.000548142 -0.000304983 0.000413115 0.00150273 0.000659826 0.00274261 -0.000238938 -0.000512131 -0.00252395 -0.000350806 -0.000213962 4.56876e-05 0.000391281 0.00121053 0.000193325 2.23101e-05 -0.000361578 -2.59255e-05 -0.00143419
internal_weight=80000 29598 166 50402 49974 6474 588 355 5886 2542 1023 943 498 423 445 265 180 3344 2049 152 1897 1760 43500 2756 525 1295 40744 1838 1400 438
internal_count=80000 29598 166 50402 49974 6474 588 355 5886 2542 1023 943 498 423 445 265 180 3344 2049 152 1897 1760 43500 2756 525 1295 40744 1838 1400 438
is_linear=0
shrinkage=0.05


Tree=256
num_leaves=31
num_cat=0
split_feature=11 7 11 3 3 10 10 7 7 5 7 11 7 3 3 10 11 7 3 7 3 7 7 11 10 3 11 3 10 11
split_gain=0.0454025 0.148794 0.112281 0.131454 0.128312 0.161303 0.113957 0.100879 0.119932 0.103784 0.0752597 0.0737615 0.168697 0.0816574 0.115891 0.0659311 0.0627325 0.139211 0.175898 0.124691 0.0587127 0.129076 0.0485998 0.146455 0.376936 0.195036 0.170853 0.0946209 0.245985 0.231589
threshold=101.79485350000002 1.7977807582637952 101.79489850000002 5.5000000000000009 1.0000000180025095e-35 3.0443075000000004 3.0445255000000002 0.99992663591547692 0.60099957474131782 1.0000000180025095e-35 -0.097122782313460637 101.79481050000001 -0.99470866995531859 1.5000000000000002 2.5000000000000004 3.0444195000000005 101.79492050000002 0.90019487062193726 4.5000000000000009 1.0000000180025095e-35 1.5000000000000002 0.50126780944777805 -1.6928310270100968 101.79583850000002 3.0440025000000004 2.5000000000000004 101.79607150000001 2.5000000000000004 3.0478025000000004 101.79801150000002
decision_type=2 2 2 2 2 2 2 2 2 2 2 2 2 2 2 2 2 2 2 2 2 2 2 2 2 2 2 2 2 2
left_child=1 7 3 4 6 10 -2 8 9 11 -6 -1 -13 -14 -15 -16 17 18 19 -4 -7 -22 23 24 -18 -26 -25 28 29 -28
right_child=2 -3 16 -5 5 20 -8 -9 -10 -11 -12 12 13 14 15 -17 22 -19 -20 -21 21 -23 -24 26 25 -27 27 -29 -30 -31
leaf_value=0.00039758678308187648 -0.0021918504449944297 -0.0026102705883631148 -0.00023337351458320205 -0.0010114118067007776 0.0042471785016963822 -0.00048830118583323976 0.001024578685930672 0.0013984356540175365 -0.0023401980269794637 0.0018856188325898889 0.0016237029666209555 0.0016906773637909032 0.00012900668342203899 -0.0033763951908493007 -0.002130949627734381 -0.00036918482855992791 -0.0050284650200849469 -0.0026695476685064091 -0.0021073560728674004 0.002613976673426362 0.00047320637559619141 0.0030458527555734661 7.2514585909410247e-06 0.0025935880286801806 0.0016388781564542721 -0.0015433755740166368 -0.0028525413120708745 0.00015031300145395499 0.0019927691087392048 -0.00028403917680549752
leaf_weight=232 54 67 110 99 58 70 56 92 69 57 52 64 105 64 81 154 55 70 78 59 186 66 76525 58 76 131 143 774 68 227
leaf_count=232 54 67 110 99 58 70 56 92 69 57 52 64 105 64 81 154 55 70 78 59 186 66 76525 58 76 131 143 774 68 227
internal_value=2.78049e-09 -0.000337346 4.20859e-06 0.000663219 0.000969232 0.00135737 -0.000554952 -0.000171191 -0.000346164 -0.000164124 0.00300959 -0.000331278 -0.000692603 -0.00107048 -0.0014916 -0.00097708 -1.18212e-06 -0.000703022 -0.000144852 0.00076163 0.000792191 0.00114794 1.66904e-06 -0.000277161 -0.00135325 -0.000374785 -5.50757e-05 -0.00018203 -0.000769223 -0.00127723
internal_weight=80000 985 79015 641 542 432 110 918 826 757 110 700 468 404 299 235 78374 317 247 169 322 252 78057 1532 262 207 1270 1212 438 370
internal_count=80000 985 79015 641 542 432 110 918 826 757 110 700 468 404 299 235 78374 317 247 169 322 252 78057 1532 262 207 1270 1212 438 370
is_linear=0
shrinkage=0.05


Tree=257
num_leaves=31
num_cat=0
split_feature=10 10 3 10 5 1 1 5 10 5 11 10 10 10 5 5 10 1 10 5 3 11 5 3 1 5 11 3 3 3
split_gain=0.0432429 0.304341 0.603131 0.368874 0.696974 0.45647 0.305413 0.488135 0.247648 0.39839 0.120355 0.120269 0.189449 0.262511 0.299563 0.270214 0.27016 0.188089 0.187288 0.535014 0.609259 0.205742 0.180297 0.13237 0.116236 0.114472 0.530406 0.49067 0.434039 0.512742
threshold=3.0465695000000004 3.0467085000000007 2.5000000000000004 3.0466735000000003 1.0000000180025095e-35 3.5000000000000004 3.5000000000000004 1.0000000180025095e-35 3.0467435000000003 1.0000000180025095e-35 101.79585750000001 3.0460385000000003 3.0458985000000003 3.0459715000000007 1.0000000180025095e-35 1.0000000180025095e-35 3.0460045000000004 3.5000000000000004 3.0461075000000002 1.0000000180025095e-35 2.5000000000000004 101.79820450000001 1.0000000180025095e-35 2.5000000000000004 3.5000000000000004 1.0000000180025095e-35 101.79819250000001 1.5000000000000002 3.5000000000000004 2.5000000000000004
decision_type=2 2 2 2 2 2 2 2 2 2 2 2 2 2 2 2 2 2 2 2 2 2 2 2 2 2 2 2 2 2
left_child=11 2 3 4 -2 -6 7 -4 9 -3 -8 12 -1 14 -14 16 -15 -18 19 24 -21 25 -23 -16 -13 -20 28 -28 29 -27
right_child=1 8 6 -5 5 -7 10 -9 -10 -11 -12 18 13 15 23 -17 17 -19 21 20 -22 22 -24 -25 -26 26 27 -29 -30 -31
leaf_value=-1.8942078127986993e-05 0.0013521153520252213 -0.00036359206237326675 -0.00039222871313038927 -0.00017634369146094531 0.0085305884450085512 0.0027529318289772815 0.00018478583541551018 -0.0055219976785193135 3.1695525480122883e-05 -0.0045036060823763005 0.0020871031813814679 -0.0012244330717705858 0.00070372149540659534 -0.0007299458837692806 0.0021111182211471452 -0.0019095308586008432 0.0032407947914868947 0.00042412480249423416 -0.0001899112062649488 -0.0063104651270979896 0.00020691491671204071 -0.00058496042667504429 -0.0030035911925220342 0.0051496638883812102 0.00038093783131781355 -0.00033921772942868775 0.00019602258877076444 0.0061199529555616035 -0.0025010492276980787 0.0028722082108583046
leaf_weight=47176 278 236 247 140 70 67 281 57 25298 77 118 186 479 235 97 158 105 136 2748 89 60 289 105 57 286 469 67 73 147 169
leaf_count=47176 278 236 247 140 70 67 281 57 25298 77 118 186 479 235 97 158 105 136 2748 89 60 289 105 57 286 469 67 73 147 169
internal_value=2.37312e-09 5.16952e-05 0.000810935 0.00204294 0.00279147 0.00570909 -0.000161848 -0.00135556 1.43986e-05 -0.00138318 0.000747758 -2.61394e-05 -2.73726e-06 0.000600594 0.00132078 -0.000118556 0.000476204 0.00165214 -0.000267957 -0.00107665 -0.00368764 -0.000144453 -0.00123012 0.00323839 -0.000251812 -2.79639e-05 0.000453119 0.00328709 -5.26569e-05 0.000511775
internal_weight=80000 26869 1258 555 415 137 703 304 25611 313 399 53131 48443 1267 633 634 476 241 4688 621 149 4067 394 154 472 3673 925 140 785 638
internal_count=80000 26869 1258 555 415 137 703 304 25611 313 399 53131 48443 1267 633 634 476 241 4688 621 149 4067 394 154 472 3673 925 140 785 638
is_linear=0
shrinkage=0.05


Tree=258
num_leaves=31
num_cat=0
split_feature=8 5 10 7 7 7 10 10 0 10 10 10 7 10 7 6 10 10 10 7 7 10 9 10 6 6 8 7 7 8
split_gain=0.124903 0.293986 0.738514 0.753541 0.488861 0.783689 0.817959 1.60379 0.530273 0.443727 0.358239 0.349762 1.25218 0.965711 1.14164 0.799971 0.628129 0.513668 0.987412 0.747367 0.679553 1.07067 0.252389 0.247576 0.134957 0.246317 0.487665 0.465082 0.422532 0.668315
threshold=-1.700120759500092 1.0000000180025095e-35 3.0475935000000005 -1.194172200542398 0.10234074827361882 -0.097122782313460637 3.0435585000000005 3.0449245000000005 4.5000000000000009 3.0465365000000006 3.0476875000000003 3.0436095000000005 1.498585462383176 3.0442735000000005 0.70073134003485771 1.5000000000000002 3.0428745000000004 3.0475845000000006 3.0471665000000003 1.3988536970896364 1.7977807582637952 3.0453955000000006 0.45124090117685461 3.0437895000000004 2.5000000000000004 3.5000000000000004 -0.12683753125652172 1.0000000180025095e-35 -0.79524513936823904 -1.5835812611116793
decision_type=2 2 2 2 2 2 2 2 2 2 2 2 2 2 2 2 2 2 2 2 2 2 2 2 2 2 2 2 2 2
left_child=1 2 3 22 5 6 8 -8 -3 -9 -11 12 16 -13 15 -15 -6 18 20 -19 21 -16 -1 -5 -2 28 27 -27 -26 -30
right_child=24 4 -4 23 11 -7 7 9 -10 10 -12 13 -14 14 17 -17 -18 19 -20 -21 -22 -23 -24 -25 25 26 -28 -29 29 -31
leaf_value=0.0013408957830141764 1.6219602957643329e-05 0.0015098939108781507 -0.0047404076290673671 -0.0042308059684115227 -0.0014707066501309445 0.007067142439613038 -0.0070349816805454074 0.0048986896134655027 0.0078118339377155057 -0.0019298841606814365 0.0027996910162607536 0.0066805386577985446 0.0037634801690016547 0.00027765879231001579 -0.0085995031368134717 0.007638036906978278 -0.0077516856692153996 -0.0028119147499963484 -0.0086022465969506894 0.0051204266552237736 0.0034771840271699602 -5.0095284742497973e-05 0.0062002603218474228 -0.00011588129254301314 -0.00029604717196052955 0.00071162968549408324 -0.00069108543383338992 -0.00038463352568164557 -0.0064370112869162098 -0.0010940983521410381
leaf_weight=55 68074 71 91 61 98 66 67 75 63 87 74 60 75 78 53 70 67 56 54 63 60 118 52 91 3892 2702 1668 1507 69 383
leaf_count=55 68074 71 91 61 98 66 67 75 63 87 74 60 75 78 53 70 67 56 54 63 60 118 52 91 3892 2702 1668 1507 69 383
internal_value=2.78936e-09 0.000423357 -0.000868304 0.000493469 0.000757036 0.0019929 0.00122509 -0.000213763 0.00447636 0.00172493 0.000244346 2.72652e-05 -0.00159008 0.000661673 6.35644e-06 0.00376173 -0.00402432 -0.00136996 -0.00252176 0.00138833 -0.00109724 -0.00270339 0.00370604 -0.00176896 -9.21696e-06 -0.000178628 3.23993e-05 0.000319121 -0.000464122 -0.00191096
internal_weight=80000 1705 350 259 1355 503 437 303 134 236 161 852 240 612 552 148 165 404 285 119 231 171 107 152 78295 10221 5877 4209 4344 452
internal_count=80000 1705 350 259 1355 503 437 303 134 236 161 852 240 612 552 148 165 404 285 119 231 171 107 152 78295 10221 5877 4209 4344 452
is_linear=0
shrinkage=0.05


Tree=259
num_leaves=31
num_cat=0
split_feature=8 2 6 8 8 5 8 6 0 8 0 0 6 10 8 10 10 10 10 8 10 10 8 2 5 8 8 6 10 8
split_gain=0.123944 0.221404 0.658862 0.323148 0.303643 0.353982 0.984711 0.281734 0.270969 0.241306 0.32861 0.237466 0.421342 0.251789 0.228528 0.224127 0.256286 0.485201 0.222846 0.327106 0.393148 0.295979 0.259134 0.219083 0.336383 0.746438 0.917191 1.00804 0.567548 0.884418
threshold=-0.38134907946110097 1.5000000000000002 2.5000000000000004 0.29712512667373797 -0.11478172107840999 1.0000000180025095e-35 0.025869397666225803 3.5000000000000004 4.5000000000000009 -0.22462354714564947 2.5000000000000004 4.5000000000000009 1.0000000180025095e-35 3.0441735000000003 -0.12683753125652172 3.0440715000000007 3.0444905000000007 3.0445965000000004 3.0469525000000002 -0.17506077196896827 3.0470925000000002 3.0463245000000003 -0.32575839919536381 1.5000000000000002 1.0000000180025095e-35 -0.47578625918964224 -1.083934905952163 1.5000000000000002 3.0476205000000003 -1.568176614772981
decision_type=2 2 2 2 2 2 2 2 2 2 2 2 2 2 2 2 2 2 2 2 2 2 2 2 2 2 2 2 2 2
left_child=23 2 4 8 15 -6 -7 -4 -3 -9 -11 -5 -13 -14 -12 -2 -17 -18 21 20 -20 -19 -23 24 -1 26 28 -28 -26 -30
right_child=1 3 7 11 5 6 -8 9 -10 10 14 12 13 -15 -16 16 17 18 19 -21 -22 22 -24 -25 25 -27 27 -29 29 -31
leaf_value=0.00050416227702705684 0.0024263616796556375 8.8866573058869291e-05 -0.0047066001597375895 4.3835864193180087e-05 2.2884953871556608e-05 0.0028733188285874557 -0.0016161542129208874 0.00017388257804604198 0.00065512020730310646 -0.00070553840471787566 -0.00048429380790100587 -8.7575575404872052e-05 -0.0011554301912346896 0.0013271240234941819 -0.0034288118292887812 -0.0029500241912161331 0.003992908154639623 -0.00067961355956685458 0.0047270203202146492 -0.0021904368358873195 0.00016741483844914543 0.00034936553863428098 -0.0031665562797078095 -3.2942995884197716e-05 0.00019675103853027467 0.0027456525809808944 -0.00036254964403323623 -0.0029096956917154262 0.0076460995106942369 0.00071760625189646633
leaf_weight=6129 56 6403 59 13373 15245 143 834 258 3153 469 87 4948 1604 109 272 127 55 934 55 118 333 66 254 18266 3897 237 1803 495 66 152
leaf_count=6129 56 6403 59 13373 15245 143 834 258 3153 469 87 4948 1604 109 272 127 55 934 55 118 333 66 254 18266 3897 237 1803 495 66 152
internal_value=2.84001e-09 -4.95576e-05 -0.000180997 3.64626e-05 -0.000107882 -3.62455e-05 -0.000958819 -0.00134435 0.000275707 -0.00116127 -0.00157726 -7.7655e-05 -0.000321564 -0.000997394 -0.00271557 -0.000689476 -0.000779445 -0.00062741 -0.000772014 0.000113681 0.000814802 -0.00112938 -0.00244151 7.81549e-05 0.000236954 -9.32254e-06 -0.000111177 -0.00091132 0.00033567 0.00281777
internal_weight=80000 48955 19365 29590 18220 16222 977 1145 9556 1086 828 20034 6661 1713 359 1998 1942 1815 1760 506 388 1254 320 31045 12779 6650 6413 2298 4115 218
internal_count=80000 48955 19365 29590 18220 16222 977 1145 9556 1086 828 20034 6661 1713 359 1998 1942 1815 1760 506 388 1254 320 31045 12779 6650 6413 2298 4115 218
is_linear=0
shrinkage=0.05


Tree=260
num_leaves=31
num_cat=0
split_feature=6 6 7 3 10 10 10 11 11 7 11 7 11 10 7 7 3 11 7 10 7 11 11 10 3 10 7 10 10 7
split_gain=0.111362 0.180689 0.336189 0.318355 0.382846 1.06895 0.525609 0.482045 0.344243 0.302735 0.20781 0.180484 0.256088 0.490333 0.545224 0.94882 0.268874 0.588064 0.588273 0.518178 0.364011 0.324909 0.266321 0.26317 0.265474 0.232814 0.2132 0.484976 0.238505 0.341797
threshold=2.5000000000000004 3.5000000000000004 -0.79524513936823904 1.0000000180025095e-35 3.0469165000000005 3.0445255000000002 3.0426065000000002 101.79596250000002 101.79747550000002 -0.39631807819407994 101.79730950000001 -0.49604984348761971 101.79802350000001 3.0427675000000005 1.5983172276767157 1.2991219317960965 3.5000000000000004 101.79820850000002 -0.29658631290054016 3.0469165000000005 0.60099957474131782 101.79814850000001 101.79848150000002 3.0427945000000007 2.5000000000000004 3.0421585000000007 1.3988536970896364 3.0431105000000005 3.0441735000000003 -0.097122782313460637
decision_type=2 2 2 2 2 2 2 2 2 2 2 2 2 2 2 2 2 2 2 2 2 2 2 2 2 2 2 2 2 2
left_child=-1 2 -2 8 5 6 -5 -7 -4 10 -6 -3 23 22 15 16 17 18 -15 21 -19 -18 25 24 -13 -14 27 -25 29 -29
right_child=1 11 3 4 9 7 -8 -9 -10 -11 -12 12 13 14 -16 -17 19 20 -20 -21 -22 -23 -24 26 -26 -27 -28 28 -30 -31
leaf_value=2.3712043286440072e-05 -0.00021608453451013078 0.00030645298257430537 -0.0021565666323724738 -0.0039475170052375753 0.0038785357486310055 -0.003696677365264741 0.0010302385979903232 -0.0099966444047857178 0.0033949830263252366 -0.0028041392938522921 -0.00063282059435407353 -0.0034676336374361034 0.0035339050821126435 -0.0032558038857343646 -0.0055566666083860369 0.0052278209819023478 -0.0058248792699176037 -0.0043758202001137414 0.0017798461934395151 0.00077168415987711504 0.00061669941731782533 -0.001899505657662885 -0.00087642965929454254 0.0047235661304560819 0.00038938375492912457 0.00048756727571095342 0.0020415607332028916 0.00083351339189879328 0.00031654814006285725 -0.002683789490144764
leaf_weight=68875 4282 3053 50 86 52 64 138 58 63 60 50 95 98 77 73 56 113 135 234 78 50 99 184 56 84 174 169 114 1105 175
leaf_count=68875 4282 3053 50 86 52 64 138 58 63 60 50 95 98 77 73 56 113 135 234 78 50 99 184 56 84 174 169 114 1105 175
internal_value=2.96e-09 -0.000146779 -0.000373773 -0.00146087 -0.00199474 -0.00293374 -0.000881773 -0.00669748 0.00093881 1.13426e-05 0.00166863 3.20972e-05 -0.000232217 -0.000746922 -0.0014144 -0.00105465 -0.00150287 -0.000795479 0.000532432 -0.00271205 -0.00302689 -0.00399356 0.000592438 0.000160272 -0.00165843 0.00158604 0.000361441 0.000165493 -1.79401e-05 -0.00129653
internal_weight=80000 11125 4903 621 508 346 224 122 113 162 102 6222 3169 1371 915 842 786 496 311 290 185 212 456 1798 179 272 1619 1450 1394 289
internal_count=80000 11125 4903 621 508 346 224 122 113 162 102 6222 3169 1371 915 842 786 496 311 290 185 212 456 1798 179 272 1619 1450 1394 289
is_linear=0
shrinkage=0.05


Tree=261
num_leaves=31
num_cat=0
split_feature=8 9 5 7 1 8 8 7 8 7 7 1 1 7 1 8 8 3 7 7 8 7 8 7 8 8 1 7 8 3
split_gain=0.122448 0.260757 0.202918 0.355841 0.312525 1.86579 0.65742 0.255252 0.221097 0.244397 0.244476 0.291932 0.244378 0.273936 0.21693 1.04499 0.544919 0.246922 0.272053 0.322055 0.476428 0.245015 0.402295 0.455801 0.347144 0.31831 0.229461 0.387283 0.370547 0.22055
threshold=-0.55749786150795455 -1.117930881447166 1.0000000180025095e-35 -0.39631807819407994 3.5000000000000004 -0.032400351527980438 -0.16233519455873927 1.0996584012090167 0.29712512667373797 0.80046310532839737 0.50126780944777805 1.5000000000000002 1.5000000000000002 2.1967078194379543 3.5000000000000004 -0.032400351527980438 0.025869397666225803 2.5000000000000004 0.40153604415423816 -0.59578160878115949 -0.40880953597791081 -1.194172200542398 -0.44832580267283234 -0.49604984348761971 -0.27686539125079995 -0.39474442410344723 2.5000000000000004 -1.0944404352488581 -0.16233519455873927 1.0000000180025095e-35
decision_type=2 2 2 2 2 2 2 2 2 2 2 2 2 2 2 2 2 2 2 2 2 2 2 2 2 2 2 2 2 2
left_child=1 -1 14 -4 6 -6 -5 -7 12 10 -10 -12 -8 -14 16 17 26 18 19 29 -21 25 23 -23 -24 -19 -2 28 -28 -16
right_child=2 -3 3 4 5 7 8 -9 9 -11 11 -13 13 -15 15 -17 -18 21 -20 20 -22 22 24 -25 -26 -27 27 -29 -30 -31
leaf_value=-0.0002258485453746787 0.00024460755136488114 0.00016333220251551711 -0.0034981469232478013 -0.0012328660663964719 0.0026007584782462467 -0.0034623652482360066 -0.00013601939090282107 -0.00096773815015869917 0.00013341170127253237 -3.0767751888738749e-05 -0.00061098937881874388 -0.0054151951456534175 0.0020904355158136751 -0.00099983476560304668 -0.0041254094943866722 3.1279485786739729e-05 -6.2153295873687041e-05 -0.0067441629179228945 -0.0040133339554604608 0.0035839141919409819 -0.00036395868069636614 0.004184620505089616 -0.0030923963290145468 -0.001673514318364153 -0.0010646911642589304 -0.0017953345471246704 0.000308673018894336 0.0011308405647574384 -0.0035311215883279466 -0.00074292411980509852
leaf_weight=5365 6688 21762 88 1699 515 144 469 356 89 1013 57 71 368 89 74 7904 29336 53 53 95 389 63 343 70 549 84 219 1769 88 138
leaf_count=5365 6688 21762 88 1699 515 144 469 356 89 1013 57 71 368 89 74 7904 29336 53 53 95 389 63 343 70 549 84 219 1769 88 138
internal_value=1.43667e-09 8.6362e-05 -4.43068e-05 -0.000348809 -0.000291831 0.000488732 -0.000497356 -0.00168674 8.22808e-05 -0.000357037 -0.00187941 -0.00327797 0.0006658 0.00148852 -1.27977e-05 -0.000222406 4.12002e-05 -0.00127161 -0.000563589 -0.000300354 0.000411514 -0.0017279 -0.00146219 0.00110245 -0.00184466 -0.00371337 0.000387155 0.000846351 -0.000792776 -0.00192499
internal_weight=80000 27127 52873 4958 4870 1015 3855 500 2156 1230 217 128 926 457 47915 9815 38100 1911 749 696 484 1162 1025 133 892 137 8764 2076 307 212
internal_count=80000 27127 52873 4958 4870 1015 3855 500 2156 1230 217 128 926 457 47915 9815 38100 1911 749 696 484 1162 1025 133 892 137 8764 2076 307 212
is_linear=0
shrinkage=0.05


Tree=262
num_leaves=31
num_cat=0
split_feature=8 10 10 10 11 10 11 11 8 11 10 11 10 11 10 10 11 10 10 10 5 8 11 8 11 11 1 8 9 8
split_gain=0.113268 0.600249 0.960032 0.418088 0.255937 1.08177 0.445195 0.31873 1.43306 1.17333 0.664597 0.63101 0.390461 0.350275 0.266976 0.58515 0.297912 0.867007 0.406081 0.241251 0.117725 0.333978 1.11837 0.405789 0.805247 0.597273 0.501838 0.467353 1.06833 0.425606
threshold=-1.6472091481628242 3.0480195000000005 3.0479215000000006 3.0419025000000004 101.79695750000002 3.0431875000000006 101.79709750000002 101.79828350000001 -1.700120759500092 101.79826450000002 3.0462115000000005 101.79822050000001 3.0423715000000002 101.79805250000001 3.0471665000000003 3.0467435000000003 101.79570850000002 3.0442735000000005 3.0434815000000004 3.0416665000000003 1.0000000180025095e-35 -1.6043440453073161 101.79806850000001 -1.5186138395962998 101.79799550000001 101.79701250000001 3.5000000000000004 -1.4449394440633954 -1.117930881447166 -1.286204610051592
decision_type=2 2 2 2 2 2 2 2 2 2 2 2 2 2 2 2 2 2 2 2 2 2 2 2 2 2 2 2 2 2
left_child=1 2 3 19 5 -5 -6 9 12 10 13 -12 -9 -8 15 16 17 -7 -18 -1 21 22 -2 24 25 26 -23 28 -25 -29
right_child=20 -3 -4 4 6 14 7 8 -10 -11 11 -13 -14 -15 -16 -17 18 -19 -20 -21 -22 23 -24 27 -26 -27 -28 29 -30 -31
leaf_value=0.0003472184255717554 0.00085251969652589972 0.004834766970405191 -0.0046372046254130952 -0.0061971068230095511 0.005604609720151507 0.0057200491375910371 0.00022910866561642697 0.004978444510257393 -0.0075609505104611147 0.0087228549308349893 0.00046653078966808526 -0.0046570018367528936 -0.000242469696267898 0.0027786295816551532 -0.00098180187499906087 0.0055102261502013913 0.0019657672387538498 -0.00013751397546433764 -0.0037604405661831293 -0.003836201072695113 -0.00012107290905012372 0.0044955369510677875 -0.0082455551030110718 -0.0067366218437121947 0.0038773473236421692 -0.0044956067407929236 -0.0014321096129621253 0.00092883364257418603 -0.00044827414323421591 1.1156680427003545e-05
leaf_weight=57 96 72 98 66 52 82 216 56 58 50 189 88 99 358 226 65 50 274 81 87 18324 65 52 82 199 66 79 1292 381 57040
leaf_count=57 96 72 98 66 52 82 216 56 58 50 189 88 99 358 226 65 50 274 81 87 18324 65 52 82 199 66 79 1292 381 57040
internal_value=-4.67977e-10 0.000343949 0.000200162 0.000420451 0.000606935 -5.62277e-05 0.00108692 0.000875561 -0.000863582 0.00128675 0.000848874 -0.00116226 0.00164579 0.00181944 0.00046545 0.00105806 0.000462814 0.00121293 -0.00157503 -0.00218117 -1.02916e-05 2.39106e-05 -0.00234751 2.98427e-05 0.00159912 -0.00056059 0.00124483 1.89235e-05 -0.00156319 3.14839e-05
internal_weight=80000 2324 2252 2154 2010 844 1166 1114 213 901 851 277 155 574 778 552 487 356 131 144 77676 59352 148 59204 409 210 144 58795 463 58332
internal_count=80000 2324 2252 2154 2010 844 1166 1114 213 901 851 277 155 574 778 552 487 356 131 144 77676 59352 148 59204 409 210 144 58795 463 58332
is_linear=0
shrinkage=0.05


Tree=263
num_leaves=31
num_cat=0
split_feature=6 8 8 2 8 9 5 1 8 8 8 8 8 4 8 8 8 1 8 8 8 8 8 8 8 8 8 8 8 8
split_gain=0.112796 0.291303 0.251135 0.158732 0.157435 0.32576 0.438538 0.299795 0.674547 0.409936 0.691073 0.332076 0.256518 0.243526 0.417061 1.0277 0.952135 0.832823 0.966893 0.507965 0.353436 0.330417 0.304143 0.520943 0.227958 0.185798 0.798471 0.388827 0.202855 0.246071
threshold=1.0000000180025095e-35 -1.4308743321889319 -1.4449394440633954 1.5000000000000002 0.80748775754713131 0.45124090117685461 1.0000000180025095e-35 2.5000000000000004 -1.3900185310297755 -1.2232464902325644 -1.0022233036338508 -0.84147916792569566 -0.17506077196896827 1.0000000180025095e-35 0.092846120877957211 0.39692044425921785 -0.25141423643034205 2.5000000000000004 -0.17506077196896827 -0.092009635186421287 -1.2111906800544525 -0.16233519455873927 -0.7021675836452943 -1.0712093285419342 -1.2989301874618209 -0.85420474533592461 -1.124120939879202 -1.2620929896953685 -0.58495831802476439 0.17053911980356559
decision_type=2 2 2 2 2 2 2 2 2 2 2 2 2 2 2 2 2 2 2 2 2 2 2 2 2 2 2 2 2 2
left_child=1 2 -1 -4 5 -3 13 8 -8 24 -11 -12 -13 14 16 -16 -7 18 -18 -19 -15 22 23 -22 -9 26 27 -10 -27 -30
right_child=-2 4 3 -5 -6 6 7 9 25 10 11 12 -14 20 15 -17 17 19 -20 -21 21 -23 -24 -25 -26 28 -28 -29 29 -31
leaf_value=0.00053269483282598136 -6.2169540564833558e-05 -4.0888683953542367e-05 0.0046872065894903213 0.0011218457472584736 -6.8450635024199007e-05 0.0011223572494513528 -0.0053921228549904813 0.00094304724720340382 0.0004553549108895323 -0.0024701650983584844 0.002932773838942305 -0.00028947166615533567 0.0013988795489285608 -0.0035612119971324355 0.0036294995932965668 0.00068678822287524964 -0.0082791895931783113 0.0019146850802742256 -0.0014984457210288787 -0.001846350063272874 0.0027086383197456603 -0.00041316471394880339 0.001966525765076449 -0.0032039903180222495 0.0036743041503150848 -0.0017816625692706305 0.0022020169580613033 -0.0029271456926201244 0.00048474806070609869 -0.0016727441456870541
leaf_weight=1508 38159 11689 61 64 20181 1532 69 199 160 233 126 746 322 63 418 1022 71 219 202 152 65 739 384 87 124 334 298 181 393 199
leaf_count=1508 38159 11689 61 64 20181 1532 69 199 160 233 126 746 322 63 418 1022 71 219 202 152 65 739 384 87 124 334 298 181 393 199
internal_value=-5.79486e-10 5.66975e-05 0.000711319 0.0028641 3.01091e-05 0.000129427 0.000368189 -7.05497e-05 -0.000557567 0.000384191 2.00628e-05 0.000506178 0.000219646 0.000667879 0.000881119 0.00154118 0.00044426 -0.00116878 -0.00326432 0.000373693 9.15663e-05 0.000272322 0.00121732 -0.000675445 0.00199239 -0.000344083 0.000311716 -0.00134038 -0.000796612 -0.00024065
internal_weight=80000 41841 1633 125 40208 20027 8338 3384 1634 1750 1427 1194 1068 4954 3616 1440 2176 644 273 371 1338 1275 536 152 323 1565 639 341 926 592
internal_count=80000 41841 1633 125 40208 20027 8338 3384 1634 1750 1427 1194 1068 4954 3616 1440 2176 644 273 371 1338 1275 536 152 323 1565 639 341 926 592
is_linear=0
shrinkage=0.05


Tree=264
num_leaves=31
num_cat=0
split_feature=8 11 7 8 8 2 5 8 8 7 11 7 6 6 8 11 7 7 11 7 8 8 11 11 11 7 8 11 11 11
split_gain=0.109122 0.230986 0.242093 0.222979 0.571173 0.213525 0.617036 1.04284 0.994495 0.973508 0.899665 0.567666 0.643902 0.558053 0.545146 0.84796 0.717124 0.865356 0.805008 0.679911 0.61767 0.591172 0.641356 0.569445 0.532856 0.710309 0.470774 0.700809 0.725523 0.667399
threshold=-0.55749786150795455 101.79846450000001 1.9972442888508748 -0.86826985721038807 -1.3371069196925081 1.5000000000000002 1.0000000180025095e-35 -0.98882795899150466 -1.0444186392572414 0.80046310532839737 101.79800350000001 -0.19685454760700036 3.5000000000000004 3.5000000000000004 -1.2232464902325644 101.79828050000002 -1.0944404352488581 -0.49604984348761971 101.79585750000001 -1.194172200542398 -1.3900185310297755 -1.6739998374475167 101.79818450000002 101.79812050000001 101.79543650000001 -0.49604984348761971 -0.7021675836452943 101.79800350000001 101.79808050000001 101.79818050000002
decision_type=2 2 2 2 2 2 2 2 2 2 2 2 2 2 2 2 2 2 2 2 2 2 2 2 2 2 2 2 2 2
left_child=1 5 -3 4 -4 6 7 14 -8 24 13 12 -12 -9 16 -16 19 18 -18 20 23 -19 -23 -1 -10 -26 27 -11 -29 -30
right_child=-2 2 3 -5 -6 -7 8 10 9 26 11 -13 -14 -15 15 -17 17 21 -20 -21 -22 22 -24 -25 25 -27 -28 28 29 -31
leaf_value=-0.00025685073051349831 -4.1828520767971531e-05 0.00043923907021497209 0.0046857809026175064 0.0051714092230610194 -0.0019410831392510212 -8.4497227763910164e-05 0.00029090996668432238 0.0020140717479257518 -0.00013606063472026452 -0.0023807760542400289 -0.00071944472345881159 0.0022688598354547967 0.003222393991288203 0.005831843507002072 -0.0013383194660219503 0.003623906432430277 -0.00031016208931165562 -0.0051608661676714289 0.0043603361421850461 -0.006478418387344172 0.002520380301582133 0.0014060887034208435 -0.0023229439447984917 -0.0059143462233842781 -0.0093622133823807862 -0.0030310278975378257 0.0010465716193321266 0.0039257439579831752 -0.003289124068164926 0.0010153741769147984
leaf_weight=136 52873 1529 63 51 67 14261 4306 1077 127 465 796 310 119 105 1012 94 133 50 301 55 112 467 153 66 51 335 402 109 150 225
leaf_count=136 52873 1529 63 51 67 14261 4306 1077 127 465 796 310 119 105 1012 94 133 50 301 55 112 467 153 66 51 335 402 109 150 225
internal_value=-7.41293e-10 8.15253e-05 0.000644012 0.00237264 0.00127153 4.368e-05 0.000207531 0.00062118 -0.000126744 -0.00109152 0.00136965 0.000420056 -0.000206494 0.00235368 -7.74025e-05 -0.000916286 0.000552491 0.00119029 0.00292931 -0.00135552 -0.000456418 6.35456e-05 0.000485633 -0.00210735 -0.00294562 -0.00386974 -0.000387322 -0.000994771 0.000337042 -0.000706843
internal_weight=80000 27127 1710 181 130 25417 11156 4986 6170 1864 2407 1225 915 1182 2579 1106 1473 1104 434 369 314 670 620 202 513 386 1351 949 484 375
internal_count=80000 27127 1710 181 130 25417 11156 4986 6170 1864 2407 1225 915 1182 2579 1106 1473 1104 434 369 314 670 620 202 513 386 1351 949 484 375
is_linear=0
shrinkage=0.05


Tree=265
num_leaves=31
num_cat=0
split_feature=7 3 7 9 7 9 5 9 5 5 7 0 5 7 3 3 5 7 7 0 3 7 3 7 7 7 7 0 7 7
split_gain=0.0376869 0.0540431 0.2574 0.281012 0.134844 0.165946 0.223426 0.153409 0.278217 0.148778 0.115799 0.147527 0.313933 0.081146 0.0690301 0.129078 0.0668257 0.314671 0.414029 0.163736 0.246655 0.276782 0.177575 0.484094 0.430819 0.161934 0.129138 0.101319 0.0834703 0.0547224
threshold=0.10234074827361882 1.0000000180025095e-35 1.0000000180025095e-35 0.45124090117685461 -0.39631807819407994 1.0000000180025095e-35 1.0000000180025095e-35 0.45124090117685461 1.0000000180025095e-35 1.0000000180025095e-35 1.0000000180025095e-35 4.5000000000000009 1.0000000180025095e-35 -0.99470866995531859 2.5000000000000004 3.5000000000000004 1.0000000180025095e-35 -1.9920263228907162 -1.7925627923036365 1.5000000000000002 1.5000000000000002 -0.79524513936823904 1.5000000000000002 -1.194172200542398 -0.59578160878115949 -0.097122782313460637 -1.4933674964230172 2.5000000000000004 -0.19685454760700036 -1.4933674964230172
decision_type=2 2 2 2 2 2 2 2 2 2 2 2 2 2 2 2 2 2 2 2 2 2 2 2 2 2 2 2 2 2
left_child=1 2 4 -4 5 9 29 -6 -9 -1 16 -12 14 -8 -13 -16 -3 -18 -19 20 -20 -22 23 -21 26 -26 -24 -25 -23 -7
right_child=-2 10 3 -5 7 6 13 8 -10 -11 11 12 -14 -15 15 -17 17 18 19 22 21 28 24 27 25 -27 -28 -29 -30 -31
leaf_value=6.6185672475385697e-05 -4.4783629993291978e-05 3.9020905239831814e-05 -0.00022318758960586111 -0.0024540038290293748 -5.1179396693285553e-05 -0.0012005710930739115 -0.0036597291497956069 0.00049845828032241309 0.0035676769794519532 0.0020443228340800766 0.00018237031581141598 2.9015449093940762e-05 0.0048769326326555803 -0.0013273751287474749 0.0027747520108047353 0.00046249306518927696 -0.0031171311965883671 0.0040689578084434153 -0.0016318420115540692 -0.003681225566452439 -0.00069807298236743967 0.0018604373272012196 -0.0015380536871664957 -0.00036990709103854643 -0.0021935560821072422 -0.00025717793243229753 0.00067432400597460158 0.0019680850816191763 0.0042167780129763865 -0.00026562769999683095
leaf_weight=1218 29598 39238 358 233 1539 172 66 945 80 103 2251 207 50 86 91 179 92 57 82 56 89 96 79 60 441 143 397 203 62 1729
leaf_count=1218 29598 39238 358 233 1539 172 66 945 80 103 2251 207 50 86 91 179 92 57 82 56 89 96 79 60 441 143 397 203 62 1729
internal_value=-7.64261e-10 2.62975e-05 -0.000107913 -0.00110295 -8.86246e-06 -0.000216567 -0.000497838 0.000264457 0.000738332 0.000220567 4.62704e-05 0.000358695 0.00111166 -0.00234185 0.000716038 0.00124255 2.51499e-05 -0.000267928 -0.000119246 -0.000259246 0.000742867 0.00153157 -0.000498365 0.000535788 -0.000809608 -0.00171953 0.000306898 0.00143476 0.00278716 -0.000350279
internal_weight=80000 50402 6529 591 5938 3374 2053 2564 1025 1321 43873 2778 527 152 477 270 41095 1857 1765 1708 329 247 1379 319 1060 584 476 263 158 1901
internal_count=80000 50402 6529 591 5938 3374 2053 2564 1025 1321 43873 2778 527 152 477 270 41095 1857 1765 1708 329 247 1379 319 1060 584 476 263 158 1901
is_linear=0
shrinkage=0.05


Tree=266
num_leaves=31
num_cat=0
split_feature=8 4 7 2 7 5 7 1 7 7 7 7 8 7 7 2 7 1 7 8 7 7 1 7 2 2 5 8 5 7
split_gain=0.105678 0.337397 0.268304 0.88628 1.41193 0.658513 0.392794 0.41553 0.853732 0.621472 0.619877 0.334983 0.598759 0.398741 0.326613 0.318083 0.557603 0.270998 0.292633 0.199156 0.288645 0.185844 0.244474 0.293854 1.33507 1.22581 0.183137 0.142953 0.0951717 0.495263
threshold=-1.6472091481628242 1.0000000180025095e-35 0.10234074827361882 1.0000000180025095e-35 -1.0944404352488581 1.0000000180025095e-35 1.0996584012090167 3.5000000000000004 0.70073134003485771 0.40153604415423816 0.60099957474131782 -1.4933674964230172 -1.700120759500092 -1.194172200542398 -1.2939039658359379 2.5000000000000004 0.80046310532839737 3.5000000000000004 -0.49604984348761971 -1.700120759500092 1.3988536970896364 2.2964395847314942 1.0000000180025095e-35 1.5983172276767157 1.5000000000000002 1.0000000180025095e-35 1.0000000180025095e-35 -1.6739998374475167 1.0000000180025095e-35 -0.49604984348761971
decision_type=2 2 2 2 2 2 2 2 2 2 2 2 2 2 2 2 2 2 2 2 2 2 2 2 2 2 2 2 2 2
left_child=1 2 3 4 -1 14 7 9 -9 -4 -11 -7 13 -13 -5 16 -12 18 -15 21 -21 22 -8 25 -25 -24 -6 -22 -2 -30
right_child=28 -3 6 5 26 11 19 8 -10 10 15 12 -14 17 -16 -17 -18 -19 -20 20 27 -23 23 24 -26 -27 -28 -29 29 -31
leaf_value=-0.0018868177271040083 2.0811249613889923e-05 -0.0026504333763823947 -0.004598085113470483 0.0002979203892822428 0.0085629535026866318 0.0039816244178752999 0.002754929990037994 0.0053268434056685382 -0.0026575551241122611 0.0030078236361235616 0.00016010674207416701 -0.002107968360318388 -0.0033321352387231575 0.0052663941368861003 -0.0031773359366436072 0.00019854917238739777 -0.0061269669910397548 -0.00041791336625805731 0.0015019503228558499 0.0053720475047569355 -0.00053027483903326296 0.0025876504987996972 0.0060260319050187876 -0.0066342914464491689 0.0034782129209725262 -0.0028471512242815226 0.0050634126402786571 0.0027430480516301217 -0.0013028648800973877 -5.2923145714089525e-05
leaf_weight=75 59352 91 129 117 62 96 58 70 64 91 63 59 75 99 160 112 80 64 108 52 72 71 64 80 55 99 96 62 830 17494
leaf_count=75 59352 91 129 117 62 96 58 70 64 91 63 59 75 99 160 112 80 64 108 52 72 71 64 80 55 99 96 62 830 17494
internal_value=-4.36783e-10 0.000332225 0.000453889 0.0010564 0.00376085 0.000246083 -4.46373e-05 -0.00094393 0.00151426 -0.00163757 -0.000532786 0.00132764 0.000697724 0.00161433 -0.00170987 -0.00179698 -0.00335896 0.0024252 0.00330401 0.000848795 0.00221383 0.00025381 -0.000212243 -0.000790477 -0.00251486 0.000638357 0.0064412 0.000985164 -9.94076e-06 -0.000109547
internal_weight=80000 2324 2233 1011 233 778 1222 609 134 475 346 501 405 330 277 255 143 271 207 613 186 427 356 298 135 163 158 134 77676 18324
internal_count=80000 2324 2233 1011 233 778 1222 609 134 475 346 501 405 330 277 255 143 271 207 613 186 427 356 298 135 163 158 134 77676 18324
is_linear=0
shrinkage=0.05


Tree=267
num_leaves=31
num_cat=0
split_feature=10 10 3 7 11 3 11 7 10 7 7 3 7 10 7 7 7 11 10 7 10 7 3 7 7 7 10 10 10 7
split_gain=0.0487437 0.223586 0.469667 0.396042 0.414328 0.258875 0.240016 0.26567 0.220632 0.269181 0.163521 0.197968 0.163218 0.144067 0.143944 0.138219 0.363905 0.497663 0.219162 0.510966 0.180243 0.136693 0.130826 0.210958 0.170818 0.125574 0.144124 0.110369 0.1694 0.358585
threshold=3.0465365000000006 3.0467085000000007 2.5000000000000004 0.70073134003485771 101.79821250000002 1.5000000000000002 101.79821250000002 0.70073134003485771 3.0467435000000003 -0.39631807819407994 0.99992663591547692 2.5000000000000004 -1.0944404352488581 3.0466055000000005 -0.39631807819407994 2.1967078194379543 2.2964395847314942 101.79795050000001 3.0471305000000002 2.7950984111991932 3.0474155000000005 0.20207251356715863 1.5000000000000002 2.7950984111991932 2.5956348806121139 2.6953666459056533 3.0477365000000005 3.0460385000000003 3.0458985000000003 1.8975125235573351
decision_type=2 2 2 2 2 2 2 2 2 2 2 2 2 2 2 2 2 2 2 2 2 2 2 2 2 2 2 2 2 2
left_child=27 2 3 4 21 13 12 -8 9 -3 11 -11 -4 -5 -6 -10 17 -17 19 -18 -20 -2 23 24 -22 26 -24 28 -1 -30
right_child=1 8 6 5 14 -7 7 -9 15 10 -12 -13 -14 -15 -16 16 18 -19 20 -21 22 -23 25 -25 -26 -27 -28 -29 29 -31
leaf_value=-2.159696690948488e-05 0.00026434850290649393 0.00053421077291316448 -0.0017590913585523085 0.0069820669920725017 0.004377624999534261 0.0012205497413804228 -0.00060592864084810032 -0.0045601576938040537 5.847624203729323e-05 -0.0052109908512888454 -7.9349756009354771e-05 -0.0014346177426172646 0.00078469070427123865 0.0034576241318792899 0.0014782717720320212 -0.00075224854713674678 -0.00076771091977456327 -0.0065658581669200654 -0.0026225139917455589 0.0056638315114066915 -0.0010923223725844051 -0.0025082035278112475 -0.0024079362660700287 -0.003028461466782427 0.0023603544427124035 0.0015351813296118262 0.00059133934426655707 -0.00026847237312937241 0.00037004920959242849 0.004208149045724684
leaf_weight=47176 273 122 72 51 81 75 252 51 24335 71 52 68 503 68 91 111 78 55 85 51 110 53 60 86 53 154 120 4376 1203 64
leaf_count=47176 273 122 72 51 81 75 252 51 24335 71 52 68 503 68 91 111 78 55 85 51 110 53 60 86 53 154 120 4376 1203 64
internal_value=7.11812e-10 5.44066e-05 0.00063358 0.00160759 0.000860678 0.0035235 -0.000134189 -0.00127278 1.88999e-05 -0.00130024 -0.00247165 -0.00336592 0.000465914 0.00497269 0.00284542 3.52261e-05 -0.00055225 -0.00268124 -0.000108542 0.00177741 -0.000472956 -0.000187035 -0.00015916 -0.00102642 3.1086e-05 0.000487502 -0.000409201 -2.7997e-05 -6.27359e-06 0.00056424
internal_weight=80000 27181 1570 692 498 194 878 303 25611 313 191 139 575 119 172 25298 963 166 797 129 668 326 583 249 163 334 180 52819 48443 1267
internal_count=80000 27181 1570 692 498 194 878 303 25611 313 191 139 575 119 172 25298 963 166 797 129 668 326 583 249 163 334 180 52819 48443 1267
is_linear=0
shrinkage=0.05


Tree=268
num_leaves=31
num_cat=0
split_feature=6 9 6 11 11 7 7 11 7 7 11 7 7 11 11 7 6 11 7 11 11 7 7 11 11 11 11 11 11 7
split_gain=0.104564 0.150041 0.120416 0.227424 0.231849 0.63032 0.313176 0.289964 0.325299 0.26423 1.15126 0.631134 0.275692 0.588704 0.454711 0.244671 1.22767 0.652854 0.441333 0.255891 0.240564 0.191135 0.189281 0.360648 0.451603 0.341997 0.462894 0.445383 0.349935 0.269092
threshold=1.0000000180025095e-35 1.0000000180025095e-35 1.5000000000000002 101.79858150000001 101.79829950000001 -1.5930992617165571 -0.19685454760700036 101.79839650000001 -0.99470866995531859 1.5983172276767157 101.79819650000002 1.498585462383176 1.7977807582637952 101.79806050000002 101.79637350000002 1.1993901665025566 3.5000000000000004 101.79805650000002 0.60099957474131782 101.79671450000002 101.79520250000002 -0.49604984348761971 -0.19685454760700036 101.79833950000001 101.79830750000001 101.79819650000002 101.79820850000002 101.79807650000002 101.79802350000001 -0.29658631290054016
decision_type=2 2 2 2 2 2 2 2 2 2 2 2 2 2 2 2 2 2 2 2 2 2 2 2 2 2 2 2 2 2
left_child=-1 -2 22 4 9 -6 7 8 -7 11 12 15 14 -14 -11 18 17 -17 -4 -18 -20 -10 25 24 -24 27 -27 28 -3 -28
right_child=1 2 3 -5 5 6 -8 -9 21 10 -12 -13 13 -15 -16 16 19 -19 20 -21 -22 -23 23 -25 -26 26 29 -29 -30 -31
leaf_value=5.4590688792545682e-05 6.1595701228828648e-05 4.7213838216249882e-06 -0.00010705261263491572 -0.0028521246252031004 -0.003646897791603185 0.00087569640106710403 -9.4580057109530422e-06 0.00014523087621086522 0.0056244092390121663 0.00042743587061744889 -0.0067175964720508352 0.0039563940127387712 -0.00035473556632121227 0.0052406669838383872 -0.0051540389910773796 -0.0019503533434837746 0.00061996222916997678 -0.0082782400702675653 -0.0010483982003393569 0.0056284470613785611 0.0014330116586214283 0.0020787340100371847 -0.00050254040324747371 0.0024896206715010901 -0.0036015621192571055 -0.0045793263392355744 -0.00084766363093640806 0.0011441797463040222 -0.0016289849507704905 0.0021360557429644482
leaf_weight=41841 15260 4260 9511 71 70 101 257 116 115 83 79 99 290 56 65 157 52 55 113 50 717 57 4022 97 121 79 950 819 355 82
leaf_count=41841 15260 4260 9511 71 70 101 257 116 115 83 79 99 290 56 65 157 52 55 113 50 717 57 4022 97 121 79 950 819 355 82
internal_value=6.89042e-10 -5.98567e-05 -0.000140793 -3.26066e-05 -1.59605e-05 0.000856557 0.00134504 0.00223968 0.00312925 -7.1121e-05 -0.00111722 -1.53725e-05 -0.000220432 0.000552131 -0.00202571 -5.23126e-05 -0.00142708 -0.00359515 -1.05549e-05 0.00307821 0.0010951 0.00445128 -0.00026231 -0.000522552 -0.000593135 -9.3713e-05 -0.000893007 6.97187e-05 -0.000120981 -0.000610401
internal_weight=80000 38159 22899 12114 12043 716 646 389 273 11327 573 10754 494 346 148 10655 314 212 10341 102 830 172 10785 4240 4143 6545 1111 5434 4615 1032
internal_count=80000 38159 22899 12114 12043 716 646 389 273 11327 573 10754 494 346 148 10655 314 212 10341 102 830 172 10785 4240 4143 6545 1111 5434 4615 1032
is_linear=0
shrinkage=0.05


Tree=269
num_leaves=31
num_cat=0
split_feature=8 10 10 10 6 8 10 11 8 10 11 10 10 0 10 6 11 0 8 6 8 6 8 11 10 11 5 11 6 5
split_gain=0.107831 0.230741 0.221304 0.204187 0.188576 0.368008 0.365258 0.666894 0.418282 0.539856 0.909714 0.377485 0.406251 0.343763 0.352703 0.322816 0.231936 0.304001 0.273215 0.465716 0.247191 0.216474 0.509348 0.876907 0.209162 0.846118 0.202594 0.200798 0.188218 0.3258
threshold=-0.55749786150795455 3.0480935000000007 3.0477555000000005 3.0477455000000004 3.5000000000000004 -0.98882795899150466 3.0474505000000005 101.79687950000002 -1.186409292466112 3.0431385000000004 101.79808850000002 3.0471665000000003 3.0448165000000005 4.5000000000000009 3.0474505000000005 2.5000000000000004 101.79848150000002 4.5000000000000009 -0.85420474533592461 1.0000000180025095e-35 -1.3900185310297755 1.5000000000000002 -1.4449394440633954 101.79808850000002 3.0419525000000003 101.79814050000002 1.0000000180025095e-35 101.79498450000001 2.5000000000000004 1.0000000180025095e-35
decision_type=2 2 2 2 2 2 2 2 2 2 2 2 2 2 2 2 2 2 2 2 2 2 2 2 2 2 2 2 2 2
left_child=1 2 3 4 15 6 8 -8 11 26 -11 12 -6 14 -7 16 21 18 20 -20 -18 24 23 -23 25 -1 -10 -24 -2 -30
right_child=28 -3 -4 -5 5 13 7 -9 9 10 -12 -13 -14 -15 -16 -17 17 -19 19 -21 -22 22 27 -25 -26 -27 -28 -29 29 -31
leaf_value=-0.0045081838220770651 -1.5257084870914727e-05 0.0029459554106183086 -0.00027618345040199082 0.0022608465949687392 -0.00014920679328738059 0.0024715941200517243 0.00040462311597677203 0.0070443839867808909 0.003319585224202626 -0.00082481871046049561 -0.0069975409209159165 -0.0034712841680941044 0.0017643823682040002 -0.00070376832031424736 -0.0012865049373843144 -0.00035479725053481301 0.0013737949112285403 0.00292482772144166 0.0041436368923340747 -0.00028132546719156172 -0.00056484605336413422 0.0034318032854365301 -0.0022459904273039459 -0.00094451241457220415 6.8155935023612952e-05 0.00053206961325077983 -0.00082654354399910163 0.0002817276023492794 -0.00025925902081337784 -0.0021508977688258612
leaf_weight=124 49054 70 3874 112 750 514 138 52 62 200 85 61 440 145 71 3656 243 153 123 115 508 338 82 173 12903 253 56 1826 3576 243
leaf_count=124 49054 70 3874 112 750 514 138 52 62 200 85 61 440 145 71 3656 243 153 123 115 508 338 82 173 12903 253 56 1826 3576 243
internal_value=6.85469e-11 8.10425e-05 7.36197e-05 0.000132075 0.000121731 0.000525108 0.000148918 0.00222457 -8.96382e-05 -0.00149035 -0.00266761 0.000361673 0.000558428 0.00147522 0.00201534 7.10724e-05 0.000163526 0.00085147 0.000530454 0.0020063 6.25366e-05 0.000113477 0.000548495 0.0019503 3.42335e-05 -0.00112649 0.0013529 0.000172982 -4.15796e-05 -0.000379676
internal_weight=80000 27127 27057 23183 23071 2574 1844 190 1654 403 285 1251 1190 730 585 20497 16841 1142 989 238 751 15699 2419 511 13280 377 118 1908 52873 3819
internal_count=80000 27127 27057 23183 23071 2574 1844 190 1654 403 285 1251 1190 730 585 20497 16841 1142 989 238 751 15699 2419 511 13280 377 118 1908 52873 3819
is_linear=0
shrinkage=0.05


Tree=270
num_leaves=31
num_cat=0
split_feature=8 10 10 8 8 7 1 7 9 7 1 9 7 8 8 10 7 7 8 7 10 8 3 10 8 8 8 10 10 10
split_gain=0.0982881 0.263687 0.261286 0.362692 0.199199 0.295418 0.281259 0.280579 0.148153 0.178044 0.557857 0.147456 0.215044 0.813171 0.932595 0.41344 0.448733 0.408022 0.424251 0.383332 0.385559 0.373904 0.330403 0.327228 0.303315 0.800102 0.624343 0.37004 0.34785 0.439522
threshold=-0.6619815497182554 3.0480935000000007 3.0415855000000005 -1.5835812611116793 -0.82942335774758391 0.20207251356715863 2.5000000000000004 -0.59578160878115949 -1.117930881447166 -1.6928310270100968 3.5000000000000004 -1.117930881447166 1.0000000180025095e-35 -0.80397220292712601 -1.1984651026442237 3.0478125000000005 0.90019487062193726 0.40153604415423816 -1.0712093285419342 0.50126780944777805 3.0479575000000003 -1.416809220314468 3.5000000000000004 3.0477845000000006 -1.1736837150558832 -1.3371069196925081 -0.89506054649508071 3.0480115000000003 3.0479305000000005 3.0477935000000005
decision_type=2 2 2 2 2 2 2 2 2 2 2 2 2 2 2 2 2 2 2 2 2 2 2 2 2 2 2 2 2 2
left_child=1 2 3 -1 5 7 -7 -5 -2 10 -10 12 24 14 19 -15 -17 18 -16 -14 -21 -22 -19 -24 25 -4 27 28 29 -26
right_child=8 -3 11 4 -6 6 -8 -9 9 -11 -12 -13 13 15 17 16 -18 22 -20 20 21 -23 23 -25 26 -27 -28 -29 -30 -31
leaf_value=-0.0024098720668803454 0.00012583572543000318 0.0032609578524318318 -0.00088427793414040657 0.00060858314597531224 0.0044648020532684733 -0.0020381564915449664 0.0025786723345895203 0.0049265793451432442 -8.5383434996779041e-05 -6.984987395373882e-05 -0.0051607556628658008 0.00011498655788043893 0.0013693929178454592 -0.00032851519200884733 0.0026075642971882546 0.00011987018583903828 -0.0054774825766972148 0.0027317272454157478 -0.0022444564249953156 -0.0012826070052607103 0.0022360158240448918 -0.0012252490736252373 -0.0022704605441716441 0.0020855628978144864 -0.0012131238291337501 0.0022476119028199469 1.6248412539343538e-05 -0.0053113313956306696 0.0009573865081678785 -0.0048570994754498394
leaf_weight=56 11151 65 665 71 63 87 53 80 227 43874 71 19373 259 152 72 50 126 581 120 892 181 137 74 103 241 294 575 88 93 126
leaf_count=56 11151 65 665 71 63 87 53 80 227 43874 71 19373 259 152 72 50 126 581 120 892 181 137 74 103 241 294 575 88 93 126
internal_value=5.09948e-10 8.2982e-05 7.45758e-05 0.00132609 0.0019176 0.0013648 -0.000289764 0.00289801 -3.70137e-05 -7.81244e-05 -0.00129594 5.33688e-05 -0.000193827 9.66539e-05 0.000413455 -0.00223917 -0.00388816 0.00163418 -0.000424538 -0.000376042 -0.000749734 0.000744926 0.00215564 0.000264147 -0.000577074 7.59977e-05 -0.00113473 -0.0023422 -0.00177316 -0.00246517
internal_weight=80000 24677 24612 410 354 291 140 151 55323 44172 298 24202 4829 2747 2419 328 176 950 192 1469 1210 318 758 177 2082 959 1123 548 460 367
internal_count=80000 24677 24612 410 354 291 140 151 55323 44172 298 24202 4829 2747 2419 328 176 950 192 1469 1210 318 758 177 2082 959 1123 548 460 367
is_linear=0
shrinkage=0.05


Tree=271
num_leaves=31
num_cat=0
split_feature=6 10 10 11 6 10 1 10 6 10 10 10 3 10 3 10 11 3 3 1 3 10 3 1 10 10 10 10 10 3
split_gain=0.0945359 0.151607 0.147293 0.233775 0.219288 0.13951 0.207128 0.263475 0.266997 0.22379 0.120905 0.119958 0.261414 0.116776 0.103309 0.100512 0.344778 0.208336 0.163051 0.161653 0.353429 0.0777897 0.106489 0.0707736 0.141455 0.123771 0.297952 0.150796 0.172256 0.0790994
threshold=1.0000000180025095e-35 3.0476205000000003 3.0477275000000006 101.79687950000002 1.5000000000000002 3.0478665000000005 1.5000000000000002 3.0477555000000005 1.5000000000000002 3.0478125000000005 3.0475215000000007 3.0475565000000002 3.5000000000000004 3.0476775000000003 5.5000000000000009 3.0473465000000002 101.79828350000001 3.5000000000000004 5.5000000000000009 3.5000000000000004 3.5000000000000004 3.0477555000000005 1.5000000000000002 1.5000000000000002 3.0480195000000005 3.0479025000000006 3.0478665000000005 3.0478125000000005 3.0477845000000006 4.5000000000000009
decision_type=2 2 2 2 2 2 2 2 2 2 2 2 2 2 2 2 2 2 2 2 2 2 2 2 2 2 2 2 2 2
left_child=23 10 3 -3 13 6 21 -8 -9 -10 15 12 -12 -5 -13 -2 18 -18 19 20 -17 -4 -23 -1 25 26 27 28 -25 -27
right_child=1 2 5 4 -6 -7 7 8 9 -11 11 14 -14 -15 -16 16 17 -19 -20 -21 -22 22 -24 24 -26 29 -28 -29 -30 -31
leaf_value=-2.7627518706907652e-05 -0.00010290586157867858 0.00032019959849972327 0.00047758643789317561 0.002047095198045652 0.0035102944680567927 0.00021328217590231457 -0.0048766468471672965 -0.0030369675533451958 -0.001491512161700014 0.003211561085900279 -0.0039441140234423864 -0.00064265170815436159 0.0004161571899272244 -0.0012082584825988366 0.00086358154259307809 0.00089611359359269304 -0.00016485623061245232 -0.0039536683633450776 -0.0011408908853016175 0.00077322804512759951 0.0058737991144465623 -0.00092838689061087521 -2.7140441735971591e-05 9.977672828693117e-05 0.0016103865806797555 -0.0016787859907117396 0.0035109828166698521 -0.0017079089935723335 0.0028735716779900583 0.00030875291553339972
leaf_weight=16764 28680 1484 424 55 120 3702 51 76 50 51 77 787 62 55 133 98 94 59 75 360 56 458 1152 24455 155 159 64 115 56 73
leaf_count=16764 28680 1484 424 55 120 3702 51 76 50 51 77 787 62 55 133 98 94 59 75 360 56 458 1152 24455 155 159 64 115 56 73
internal_value=2.09194e-10 -5.69146e-05 0.000141658 0.000550151 0.00203306 2.42534e-05 -0.000285108 -0.00171383 -0.000800267 0.000884135 -0.000106934 -0.000631797 -0.00200034 0.000419799 -0.000424833 -8.80405e-05 0.000486474 -0.00162753 0.0010358 0.00135357 0.00270882 -0.00012488 -0.000283562 5.19065e-05 0.000105075 9.57065e-05 0.00010651 9.76475e-05 0.000106126 -0.00105353
internal_weight=80000 38159 7678 1714 230 5964 2262 228 177 101 30481 1059 139 110 920 29422 742 153 589 514 154 2034 1610 41841 25077 24922 24690 24626 24511 232
internal_count=80000 38159 7678 1714 230 5964 2262 228 177 101 30481 1059 139 110 920 29422 742 153 589 514 154 2034 1610 41841 25077 24922 24690 24626 24511 232
is_linear=0
shrinkage=0.05


Tree=272
num_leaves=31
num_cat=0
split_feature=6 6 10 10 5 10 10 11 11 10 10 11 10 10 10 6 6 5 10 11 11 11 11 11 10 2 10 11 10 11
split_gain=0.0892872 0.133559 0.149911 0.344656 0.295984 0.973995 0.18934 0.192278 0.322119 0.176303 0.141454 0.133426 0.196633 0.357548 0.193679 0.123167 0.162209 0.169652 0.579486 0.356839 0.459274 0.256906 0.506645 0.286845 0.196777 0.190781 0.176733 0.141324 0.129568 0.119118
threshold=2.5000000000000004 3.5000000000000004 3.0472355000000007 3.0474155000000005 1.0000000180025095e-35 3.0476875000000003 3.0468805000000003 101.79611550000001 101.79604950000001 3.0475565000000002 3.0467765000000004 101.79802350000001 3.0480535000000004 3.0479215000000006 3.0479675000000004 1.5000000000000002 1.0000000180025095e-35 1.0000000180025095e-35 3.0480115000000003 101.79492050000002 101.79500750000001 101.79518050000001 101.79528450000002 101.79511450000001 3.0480455000000002 1.0000000180025095e-35 3.0478945000000004 101.79485350000002 3.0476775000000003 101.79819650000002
decision_type=2 2 2 2 2 2 2 2 2 2 2 2 2 2 2 2 2 2 2 2 2 2 2 2 2 2 2 2 2 2
left_child=15 2 6 -4 9 -6 10 8 -8 -5 29 14 13 -13 -11 16 -1 25 19 -19 -21 23 -23 -22 -20 28 -24 -17 -18 -2
right_child=1 -3 3 4 5 -7 7 -9 -10 11 -12 12 -14 -15 -16 27 17 18 24 20 21 22 26 -25 -26 -27 -28 -29 -30 -31
leaf_value=4.9311804906164882e-05 -0.00062359659564446672 2.2357927180788841e-05 0.0029850075723675523 0.0028929639429201921 -0.0069394766428622651 0.00015605603067019133 -0.0029325933907945263 -0.0036118287843094846 0.0023893966870801617 0.00021023069286050925 0.0019823899815573911 0.00098259516449735254 0.0011051345159043026 -0.0038602872840480191 0.0030165139125631762 -0.0014360658303832678 -0.00030801855914488503 0.0024161331394895024 0.0045977493908725435 -0.0044649725872448753 -0.00024744418828431461 -0.0046129511427991923 -0.00043908470076061144 0.0040660533735236348 0.0010669433601013056 4.9105612907466592e-05 -0.0020117968375650262 0.00021765205159256503 -0.0014977720430329922 5.436594548561642e-05
leaf_weight=41841 2464 6222 98 62 64 197 64 95 51 558 61 64 83 94 69 131 2481 101 67 75 99 77 3553 63 96 10973 188 8878 252 879
leaf_count=41841 2464 6222 98 62 64 197 64 95 51 558 61 64 83 94 69 131 2481 101 67 75 99 77 3553 63 96 10973 188 8878 252 879
internal_value=3.29459e-10 -0.000131431 -0.000326588 0.000136343 -9.82872e-05 -0.00158584 -0.0004917 -0.00194843 -0.000572381 0.000319312 -0.000401776 0.000135167 -0.000864504 -0.00189923 0.000519488 2.12298e-05 -4.7082e-06 -0.000130103 -0.000403359 -0.00051808 -0.000591222 -0.000518113 -0.000600872 0.0014315 0.00252019 -4.3993e-05 -0.000518171 0.00019359 -0.000417772 -0.000445339
internal_weight=80000 11125 4903 1289 1191 261 3614 210 115 930 3404 868 241 158 627 68875 59866 18025 4319 4156 4055 3980 3818 162 163 13706 3741 9009 2733 3343
internal_count=80000 11125 4903 1289 1191 261 3614 210 115 930 3404 868 241 158 627 68875 59866 18025 4319 4156 4055 3980 3818 162 163 13706 3741 9009 2733 3343
is_linear=0
shrinkage=0.05


Tree=273
num_leaves=31
num_cat=0
split_feature=8 5 2 7 8 7 8 2 7 10 7 2 7 2 8 2 10 10 3 7 10 8 7 8 2 8 3 7 7 10
split_gain=0.103205 0.116541 0.539466 0.192432 0.204039 0.17746 0.171766 0.395784 0.133674 0.165287 0.149793 0.575264 0.14837 0.210746 0.603651 0.166549 0.146676 0.130048 0.226921 0.117639 0.103295 0.0988485 0.111706 0.0903273 0.0841143 0.229763 0.336905 0.51857 0.54823 0.411065
threshold=0.11963681016264981 1.0000000180025095e-35 1.5000000000000002 1.1993901665025566 0.68893895746236677 1.498585462383176 0.88116215308003576 3.5000000000000004 0.80046310532839737 3.0426885000000006 1.1993901665025566 3.5000000000000004 1.9972442888508748 3.5000000000000004 0.54895760594984822 3.5000000000000004 3.0441405000000006 3.0456145000000006 1.5000000000000002 -1.3936357311294776 3.0449245000000005 0.27033443738904556 0.80046310532839737 0.42639020247237958 3.5000000000000004 0.29712512667373797 3.5000000000000004 1.0000000180025095e-35 -0.29658631290054016 3.0436355000000002
decision_type=2 2 2 2 2 2 2 2 2 2 2 2 2 2 2 2 2 2 2 2 2 2 2 2 2 2 2 2 2 2
left_child=-1 19 3 4 21 -5 8 -8 9 -4 11 -10 13 -12 -15 -14 -11 20 -19 -2 -7 -3 -23 -20 -21 26 27 28 29 -26
right_child=1 2 6 5 -6 17 7 -9 10 16 12 -13 15 14 -16 -17 -18 18 23 24 -22 22 -24 -25 25 -27 -28 -29 -30 -31
leaf_value=5.260530170439501e-05 -0.0010031104287199168 -0.0017744896022599762 0.0014289983755365772 0.00084893767708119495 -0.0004454612478866406 -0.0013286504174081794 0.00045902596933904643 -0.0042236687995590464 -1.4327276927379764e-05 -0.0036007481706196972 0.00049130409715884642 0.0061615332894677998 0.00037715627063032617 0.0011511388076695158 -0.0057748946542288924 0.0027544742448410786 -0.00018618481833503691 0.0012825304051918252 -0.0033588828670271273 8.0948095433682395e-06 -0.0040984236586962533 -0.0057557445519829612 -0.0028050600892037111 -0.00080571670482151381 0.00042885695696655719 -0.00028192962126326131 0.0017053737174353167 -0.0047794800835201543 0.004384405544639175 -0.0047890458501384644
leaf_weight=43056 314 59 57 111 79 70 130 69 115 60 283 56 227 70 57 109 66 88 63 27615 65 63 66 77 153 6277 371 58 66 50
leaf_count=43056 314 59 57 111 79 70 130 69 115 60 283 56 227 70 57 109 66 88 63 27615 65 63 66 77 153 6277 371 58 66 50
internal_value=1.61327e-11 -6.13082e-05 -0.000428632 -0.00150508 -0.00257847 -0.00090003 0.000185484 -0.00116593 0.000430051 -0.000803473 0.000676278 0.0020106 0.000370194 -0.000268138 -0.00195949 0.00114896 -0.00181373 -0.00143492 -0.000706161 -3.98385e-05 -0.00266429 -0.00347408 -0.00424943 -0.00195622 -3.10912e-05 -0.000186232 0.000674276 -0.000495725 0.000429342 -0.000858066
internal_weight=80000 36944 2040 741 267 474 1299 199 1100 183 917 171 746 410 127 336 126 363 228 34904 135 188 129 140 34590 6975 698 327 269 203
internal_count=80000 36944 2040 741 267 474 1299 199 1100 183 917 171 746 410 127 336 126 363 228 34904 135 188 129 140 34590 6975 698 327 269 203
is_linear=0
shrinkage=0.05


Tree=274
num_leaves=31
num_cat=0
split_feature=8 11 7 11 11 8 3 11 11 3 2 11 7 11 2 7 7 11 11 7 11 7 6 11 3 3 7 6 5 8
split_gain=0.098712 0.365855 1.23218 0.99308 0.734941 0.552088 0.428624 1.03845 0.928581 1.07706 0.92956 0.871808 0.628699 0.549084 0.518735 0.470065 0.669769 0.930529 0.75573 0.406656 0.782873 1.05277 0.295056 0.284634 0.274256 0.263961 0.212776 0.0986708 0.221246 0.376566
threshold=-1.6472091481628242 101.79828350000001 0.40153604415423816 101.79826450000002 101.79833150000002 -1.700120759500092 2.5000000000000004 101.79528450000002 101.79556250000002 1.5000000000000002 1.0000000180025095e-35 101.79513550000001 -1.2939039658359379 101.79728250000001 3.5000000000000004 -0.79524513936823904 -0.097122782313460637 101.79812850000002 101.79804450000002 1.7977807582637952 101.79820850000002 0.80046310532839737 2.5000000000000004 101.79851150000002 1.5000000000000002 3.5000000000000004 -0.69551337407469915 2.5000000000000004 1.0000000180025095e-35 -0.86826985721038807
decision_type=2 2 2 2 2 2 2 2 2 2 2 2 2 2 2 2 2 2 2 2 2 2 2 2 2 2 2 2 2 2
left_child=1 3 4 6 -3 24 7 -1 -9 19 -11 -8 13 -13 15 -14 18 -18 -17 20 21 -10 -12 -6 -4 -16 -24 -2 -29 -30
right_child=27 2 5 -5 23 -7 11 8 9 10 22 12 14 -15 25 16 17 -19 -20 -21 -22 -23 26 -25 -26 -27 -28 28 29 -31
leaf_value=-0.0041661180815043813 1.2037596290032188e-05 -0.0087668778796669272 0.0011072643319921251 0.0072050485981817614 0.00015342439144637579 -0.0020353394435621867 0.0051766926203007041 0.006775656079263984 0.00012311593119681446 0.0074463097468088785 0.0035508559789790327 -0.0010847791180689432 -0.0046070052511326303 0.0060081365636588772 -0.0021895337886923983 -0.0010412885313270382 0.00025461407739248566 -0.0058578616850839807 0.0076458103835820683 0.0037309857544149299 0.0053542468955634628 -0.0050943544790009333 -0.0021334147881872725 -0.0047683221643080491 0.0060231552305653139 -0.0069234186157579539 0.0020225332635972234 -2.6933006099014863e-05 -0.00024926077630963307 -0.00179632743757483
leaf_weight=89 67689 57 51 55 71 61 62 76 404 98 107 54 73 55 58 50 232 85 50 61 51 127 61 50 64 60 62 7669 1816 502
leaf_count=89 67689 57 51 55 71 61 62 76 404 98 107 54 73 55 58 50 232 85 50 61 51 127 61 50 64 60 62 7669 1816 502
internal_value=-1.45256e-09 0.000321088 -0.00115862 0.00058703 -0.00409081 0.00180753 0.00039659 0.001016 0.00145686 0.0010399 0.00337101 -0.000506698 -0.000998802 0.00249644 -0.00162572 -0.000908577 -0.000260181 -0.00138571 0.00330556 -0.000149551 -0.000556845 -0.00112548 0.00163209 -0.00188261 0.00384592 -0.00460042 -3.86054e-05 -9.60857e-06 -0.000156319 -0.000584366
internal_weight=80000 2324 354 1970 178 176 1915 1136 1047 971 328 779 717 109 608 490 417 317 100 643 582 531 230 121 115 118 123 77676 9987 2318
internal_count=80000 2324 354 1970 178 176 1915 1136 1047 971 328 779 717 109 608 490 417 317 100 643 582 531 230 121 115 118 123 77676 9987 2318
is_linear=0
shrinkage=0.05


Tree=275
num_leaves=31
num_cat=0
split_feature=8 6 9 10 10 4 4 2 6 8 6 8 8 10 10 8 8 10 10 10 8 10 10 0 8 10 8 2 10 2
split_gain=0.0949303 0.167451 0.333919 0.169845 0.164895 0.141281 0.109033 0.255638 0.916851 2.17635 0.549823 0.665416 0.393713 0.290691 0.378932 0.315155 0.241354 0.185411 0.800923 0.47513 0.229075 0.26206 0.143753 0.130456 0.658254 0.5507 0.214394 0.140101 0.190696 0.130609
threshold=0.11963681016264981 3.5000000000000004 0.45124090117685461 3.0425035000000005 3.0435825000000003 1.0000000180025095e-35 1.0000000180025095e-35 1.0000000180025095e-35 1.0000000180025095e-35 0.62799013933969128 1.5000000000000002 0.35606464310006175 0.28372978203139171 3.0447765000000007 3.0467435000000003 0.19799957632037568 0.85169239486687409 3.0451055000000005 3.0446675000000005 3.0443835000000004 0.36879022051029059 3.0465695000000004 3.0455415000000006 4.5000000000000009 0.19799957632037568 3.0431875000000006 0.25426002381822987 1.0000000180025095e-35 3.0467085000000007 1.0000000180025095e-35
decision_type=2 2 2 2 2 2 2 2 2 2 2 2 2 2 2 2 2 2 2 2 2 2 2 2 2 2 2 2 2 2
left_child=-1 6 -3 -4 -5 -6 7 8 9 12 -10 22 13 -2 15 -15 -11 18 19 -14 -19 -22 -12 26 25 -25 27 28 -8 -28
right_child=1 2 3 4 5 -7 23 -9 10 16 11 -13 17 14 -16 -17 -18 20 -20 -21 21 -23 -24 24 -26 -27 29 -29 -30 -31
leaf_value=5.0451783413061956e-05 0.00071203540095531059 -7.3967309188975021e-06 9.8490991479346839e-05 -0.0053245120325779959 -0.0036249177152725813 -0.00054576019081798636 -0.0027224054106749864 -3.3966592263775363e-05 -0.003003660237360433 2.8885520005077151e-06 0.004059966873631699 -0.0019127557395535407 0.0029493595039028248 0.0035332035868013479 0.0016380495967292235 0.0085586323819934196 -0.0012386628944767214 -0.0011798512870674239 0.0072506049001462491 -0.0034267001575279143 0.00013526222735295887 0.002915959698214969 0.0008789013074678889 0.0062871451574538113 -0.00040913366840280809 -0.00048697819817537644 0.0005047860927348077 -0.00026769223594518471 0.00085047583333672054 9.7882706383264242e-05
leaf_weight=43056 63 467 60 53 74 75 147 18322 488 521 60 306 70 58 69 68 1574 110 63 50 180 160 87 69 2631 53 2638 566 50 7812
leaf_count=43056 63 467 60 53 74 75 147 18322 488 521 60 306 70 58 69 68 1574 110 63 50 180 160 87 69 2631 53 2638 566 50 7812
internal_value=-6.39681e-10 -5.87999e-05 -0.000809025 -0.00223733 -0.00293085 -0.00207641 -4.36958e-05 -0.000112432 -0.000478513 -4.9611e-05 -0.00183936 -0.000584724 0.00202012 0.00366618 0.00461974 0.00624998 -0.000929919 0.00134874 0.00269025 0.000292027 0.00080272 0.0014443 0.00217917 6.58065e-05 -0.000242595 0.0033463 0.000141526 -0.000667537 -0.00181561 0.000200605
internal_weight=80000 36944 729 262 202 149 36215 22249 3927 2986 941 453 891 258 195 126 2095 633 183 120 450 340 147 13966 2753 122 11213 763 197 10450
internal_count=80000 36944 729 262 202 149 36215 22249 3927 2986 941 453 891 258 195 126 2095 633 183 120 450 340 147 13966 2753 122 11213 763 197 10450
is_linear=0
shrinkage=0.05


Tree=276
num_leaves=31
num_cat=0
split_feature=7 11 7 10 11 10 7 11 10 10 7 7 7 1 7 11 11 7 11 11 11 7 7 11 7 10 10 11 7 11
split_gain=0.0423896 0.103488 0.0853849 0.0756656 0.078063 0.472955 0.301986 0.232704 0.389089 0.198765 0.216616 0.718621 0.480423 0.368701 0.309308 0.152635 0.205586 0.171134 0.15169 0.151074 0.147378 0.368456 0.409998 0.289431 0.387234 0.184196 0.172934 0.151876 0.283997 0.147049
threshold=0.10234074827361882 101.79862550000001 0.70073134003485771 3.0480935000000007 101.79806450000001 3.0419795000000005 0.80046310532839737 101.79812050000001 3.0419025000000004 3.0480365000000007 1.5983172276767157 2.1967078194379543 2.495903115318574 1.5000000000000002 1.498585462383176 101.79804450000002 101.79804050000001 0.90019487062193726 101.79815250000001 101.79811650000001 101.79818850000001 1.2991219317960965 0.90019487062193726 101.79820050000002 1.2991219317960965 3.0460045000000004 3.0462855000000002 101.79816850000002 1.8975125235573351 101.79820850000002
decision_type=2 2 2 2 2 2 2 2 2 2 2 2 2 2 2 2 2 2 2 2 2 2 2 2 2 2 2 2 2 2
left_child=-1 3 -3 4 5 6 -2 8 -6 10 14 13 -13 -12 19 16 -7 -18 -9 -10 21 22 -20 24 26 -24 -22 28 -23 -25
right_child=1 2 -4 -5 7 15 -8 18 9 -11 11 12 -14 -15 -16 -17 17 -19 20 -21 23 27 25 29 -26 -27 -28 -29 -30 -31
leaf_value=2.789127550068784e-05 0.00064856712358415405 -4.2565138485827078e-05 -0.0023206325326665406 0.0015137657436253636 -0.004675059308858932 -1.1515080442502119e-05 0.005960270836467333 0.00056554097090595688 -0.00035495667096478327 0.0018679642264714581 -0.00097147419352662046 0.0040822541910933785 -0.0015304487162381029 -0.0052636460796983177 0.0032491238582667268 0.00079207238205450728 -0.00024803394547646843 -0.0037581427449396238 -0.00064485558777952444 -0.0025233213338994192 0.0020319331052905585 -0.0027232983115574728 -0.0019639229771831221 -0.0012772107422186754 0.0037927820135811871 -0.0052609663051213472 -0.00082143592288278248 0.0016335458388876886 0.0014990482158177675 -6.1684524534613689e-05
leaf_weight=50402 53 75 91 78 59 17314 54 899 1034 81 81 66 90 131 57 588 72 67 582 87 83 74 96 258 112 76 147 191 86 6916
leaf_count=50402 53 75 91 78 59 17314 54 899 1034 81 81 66 90 131 57 588 72 67 582 87 83 74 96 258 112 76 147 191 86 6916
internal_value=4.13358e-10 -4.74945e-05 -0.00129203 -4.04708e-05 -4.46059e-05 1.94665e-05 0.0033323 -0.00014837 -0.000689774 -0.000544977 -0.000671512 -0.00173026 0.00084525 -0.00362494 -0.000340648 -2.00105e-07 -2.68965e-05 -0.00194144 -5.24801e-05 -0.000523452 -0.000116933 -0.000656068 -0.00127896 -3.76622e-05 0.0013832 -0.00342297 0.000208694 0.000681977 -0.000454268 -0.000105416
internal_weight=80000 29598 166 29432 29354 18148 107 11206 1686 1627 1546 368 156 212 1178 18041 17453 139 9520 1121 8621 1105 754 7516 342 172 230 351 160 7174
internal_count=80000 29598 166 29432 29354 18148 107 11206 1686 1627 1546 368 156 212 1178 18041 17453 139 9520 1121 8621 1105 754 7516 342 172 230 351 160 7174
is_linear=0
shrinkage=0.05


Tree=277
num_leaves=31
num_cat=0
split_feature=8 9 9 8 8 8 8 8 8 8 8 3 3 8 8 3 8 3 1 2 8 3 8 8 8 3 3 8 0 1
split_gain=0.0890624 0.201323 0.156448 0.120493 0.117941 0.385871 0.209811 0.369968 0.175659 0.325998 0.206372 0.285425 0.170892 0.169442 0.140944 0.115401 0.115323 0.352141 0.577767 0.214119 0.231688 0.312729 1.16189 1.07354 0.706256 0.196588 0.292768 0.164136 0.415264 0.26419
threshold=-0.55749786150795455 -1.117930881447166 -1.117930881447166 -0.5708932061503007 -1.2989301874618209 -1.083934905952163 -1.416809220314468 -1.4308743321889319 -1.4878045469189034 -1.568176614772981 -1.6472091481628242 1.5000000000000002 4.5000000000000009 -1.4730696678123223 -1.5186138395962998 4.5000000000000009 -1.568176614772981 4.5000000000000009 2.5000000000000004 1.0000000180025095e-35 -1.5835812611116793 1.0000000180025095e-35 -1.6257765967350701 -1.6739998374475167 -1.700120759500092 1.0000000180025095e-35 2.5000000000000004 -1.6739998374475167 3.5000000000000004 2.5000000000000004
decision_type=2 2 2 2 2 2 2 2 2 2 2 2 2 2 2 2 2 2 2 2 2 2 2 2 2 2 2 2 2 2
left_child=1 4 -2 16 6 -6 7 8 9 10 11 -1 -8 -10 -11 -4 17 19 -19 20 21 23 24 -3 -23 27 -27 29 -29 -21
right_child=2 3 15 -5 5 -7 12 -9 13 14 -12 -13 -14 -15 -16 -17 -18 18 -20 25 -22 22 -24 -25 -26 26 -28 28 -30 -31
leaf_value=0.0014328502357599483 0.00013321228050728004 1.6144911046109745e-05 -0.00014369936581359093 0.0012368765216920097 0.00078153030190446422 -0.00037183274674963728 -0.0016163003073495143 0.0034699651877116312 -0.0037644178903235119 0.0022229876322698216 -0.001866420043387548 -0.0010732198730374009 0.0013165226527962991 -0.00080744389584666587 4.7546956402492747e-05 2.8076576002867829e-05 8.3092021671413833e-05 -0.005878437543695633 0.00096539823385580117 -0.004172429907421134 0.0038218804281425229 0.00027320337005889159 -0.0037003382458351552 0.0086451668288841047 0.0043051848338255963 0.0011994697172918742 -0.0001939125128127056 -0.0033520221881811543 0.0020068221542965323 -0.00041847426861338463
leaf_weight=192 10675 108 26807 248 1035 2422 506 66 63 176 234 278 55 209 129 15391 18629 57 67 72 76 347 134 54 158 745 763 52 118 134
leaf_count=192 10675 108 26807 248 1035 2422 506 66 63 176 234 278 55 209 129 15391 18629 57 67 72 76 347 134 54 158 745 763 52 118 134
internal_value=-3.14405e-11 7.36524e-05 -3.77882e-05 0.000141284 -0.000200679 -2.65118e-05 -0.000516226 -0.00017782 -0.000366018 -6.19705e-05 -0.000653516 -4.93766e-05 -0.00132859 -0.00149346 0.0013032 -8.10471e-05 0.000128649 0.000422808 -0.00218276 0.000539902 0.00118522 0.000934605 0.000436963 0.00289604 0.0015353 0.00023946 0.000494497 -0.00078326 0.000366639 -0.00173192
internal_weight=80000 27127 52873 21762 5365 3457 1908 1347 1281 1009 704 470 561 272 305 42198 21514 2885 124 2761 877 801 639 162 505 1884 1508 376 170 206
internal_count=80000 27127 52873 21762 5365 3457 1908 1347 1281 1009 704 470 561 272 305 42198 21514 2885 124 2761 877 801 639 162 505 1884 1508 376 170 206
is_linear=0
shrinkage=0.05


Tree=278
num_leaves=31
num_cat=0
split_feature=7 11 7 10 11 10 7 11 0 10 10 7 7 10 7 7 11 11 7 9 11 7 7 7 10 7 10 10 11 11
split_gain=0.0394885 0.0932908 0.0770917 0.06816 0.0718069 0.426439 0.272248 0.214505 0.320006 0.15768 0.514078 0.265344 0.224809 0.731536 0.621028 0.201938 0.136624 0.186107 0.154311 0.139729 0.179204 0.41237 0.568052 0.126362 0.124021 0.118431 0.167793 0.167079 0.166765 0.230344
threshold=0.10234074827361882 101.79862550000001 0.70073134003485771 3.0480935000000007 101.79806450000001 3.0419795000000005 0.80046310532839737 101.79811250000002 4.5000000000000009 3.0452175000000006 3.0453275000000004 1.1993901665025566 2.1967078194379543 3.0448165000000005 1.7977807582637952 1.0996584012090167 101.79804450000002 101.79804050000001 0.90019487062193726 0.45124090117685461 101.79804850000001 1.2991219317960965 0.50126780944777805 0.60099957474131782 3.0480195000000005 0.30180427886069844 3.0415335000000003 3.0418505000000002 101.79815250000001 101.79814850000001
decision_type=2 2 2 2 2 2 2 2 2 2 2 2 2 2 2 2 2 2 2 2 2 2 2 2 2 2 2 2 2 2
left_child=-1 3 -3 4 5 6 -2 8 9 12 11 -11 14 -14 23 -12 17 24 -19 -18 -21 22 -22 -6 -7 27 -27 -9 29 -28
right_child=1 2 -4 -5 7 16 -8 25 -10 10 15 -13 13 -15 -16 -17 19 18 -20 20 21 -23 -24 -25 -26 26 28 -29 -30 -31
leaf_value=2.6919776896210207e-05 0.00061589239781026123 -4.0237097955989682e-05 -0.0022048472742341525 0.0014359654674098426 -0.00077469993976218301 -1.8294146360926154e-05 0.0056592829115757661 0.00070540896450185006 -0.0038698406326659485 -0.0020124943347154013 0.0018322942867173998 -0.0063880268798115107 -0.0017696524033644027 0.0061665906350736955 -0.0047334624140731047 -0.0015751301762252177 -0.00016272801350261572 -0.00023914355027066978 -0.0035722613233681519 0.0036160759632662982 0.0020151293097058587 0.0038220672343887239 -0.0034626962546189938 0.00046237323697140547 0.0024248748114882234 0.0023771751354328828 0.00035990022231016964 -0.00062036991753706549 -8.2595328617255807e-05 0.0029195876004905127
leaf_weight=50402 53 75 91 78 377 17262 54 280 76 91 98 56 64 53 79 78 245 72 67 72 105 80 86 456 52 75 845 1568 6912 98
leaf_count=50402 53 75 91 78 377 17262 54 280 76 91 98 56 64 53 79 78 245 72 67 72 105 80 86 456 52 75 845 1568 6912 98
internal_value=2.59944e-10 -4.58405e-05 -0.00122747 -3.91718e-05 -4.30965e-05 1.83548e-05 0.00316406 -0.000142615 -0.000715025 -0.00053741 -0.00150101 -0.00368257 -0.000234823 0.00182759 -0.000499581 0.000322149 -3.19627e-07 -2.55771e-05 -0.00184717 0.00074925 0.00140052 0.000810769 -0.000451847 -9.75284e-05 -1.09425e-05 -5.9013e-05 2.49911e-05 -0.000419467 2.50233e-06 0.000626194
internal_weight=80000 29598 166 29432 29354 18148 107 11206 1428 1352 323 147 1029 117 912 176 18041 17453 139 588 343 271 191 833 17314 9778 7930 1848 7855 943
internal_count=80000 29598 166 29432 29354 18148 107 11206 1428 1352 323 147 1029 117 912 176 18041 17453 139 588 343 271 191 833 17314 9778 7930 1848 7855 943
is_linear=0
shrinkage=0.05


Tree=279
num_leaves=31
num_cat=0
split_feature=8 2 8 8 11 7 11 8 7 11 8 7 8 1 7 7 8 1 11 7 11 11 11 8 8 7 11 5 2 5
split_gain=0.0822053 0.163226 0.342418 0.256849 0.260837 0.243938 0.385965 0.319833 0.326914 0.224284 0.304464 0.223387 0.205773 0.176007 0.249608 0.2898 0.324377 0.17085 0.744366 0.31971 0.18506 0.367188 0.700986 0.326144 0.252874 0.288878 0.225465 0.167314 0.163069 0.259073
threshold=-0.38134907946110097 1.5000000000000002 -0.11478172107840999 0.29712512667373797 101.79815250000001 -0.69551337407469915 101.79616150000001 -0.12683753125652172 -0.49604984348761971 101.79554150000001 -0.25141423643034205 1.9972442888508748 -0.26480958107268832 2.5000000000000004 2.1967078194379543 1.3988536970896364 0.59718084666229476 2.5000000000000004 101.79799150000001 -1.2939039658359379 101.79562450000002 101.79620350000002 101.79645150000002 -0.21189796973542055 0.15848330962545393 -0.59578160878115949 101.79502750000002 1.0000000180025095e-35 1.5000000000000002 1.0000000180025095e-35
decision_type=2 2 2 2 2 2 2 2 2 2 2 2 2 2 2 2 2 2 2 2 2 2 2 2 2 2 2 2 2 2
left_child=28 2 5 4 17 6 9 8 -7 12 -11 -4 -2 -5 15 -15 -17 -3 19 -19 24 23 -23 -22 26 -26 -21 -6 29 -1
right_child=1 3 11 13 27 7 -8 -9 -10 10 -12 -13 -14 14 -16 16 -18 18 -20 20 21 22 -24 -25 25 -27 -28 -29 -30 -31
leaf_value=0.00043515096599667038 0.001998636578163853 0.00020660527331668911 -4.8384117110764902e-05 3.6351645379374892e-05 9.2319381485234659e-06 -0.0024571304792847699 0.0011246494859924563 -0.0042394378341010759 -0.00057185519051900446 -0.0056292599645154234 -0.00078564166596486659 -0.0014773211631668897 -0.0016359379244632979 -0.00025833971933546674 0.002607557223795558 0.00074148792325899474 -0.0040176212059072347 -0.001935558135673407 0.0043746293322998366 0.0021496212081802911 -0.00032022000952298133 -0.002289809382903804 0.00095627618140887083 0.0028299475733447902 -0.0048263102301608178 -9.5783422390619932e-05 -0.00022899898392815705 -0.0011004481067200765 -3.2201642969048153e-05 -1.5480970249987698e-05
leaf_weight=6129 71 3701 16571 13373 2723 272 395 73 1485 55 79 278 86 6427 74 54 106 124 133 139 106 193 1199 365 54 80 351 388 18266 6650
leaf_count=6129 71 3701 16571 13373 2723 272 395 73 1485 55 79 278 86 6427 74 54 106 124 133 139 106 193 1199 365 54 80 351 388 18266 6650
internal_value=4.27731e-10 -4.03615e-05 -0.000153218 3.34973e-05 0.000246792 -0.000697297 0.000106809 -0.000998716 -0.000863837 -0.00127471 -0.00277641 -7.19695e-05 7.94911e-06 -6.82425e-05 -0.000278229 -0.000310688 -0.00241196 0.00042828 0.000727249 0.000541297 0.000664864 0.000914469 0.000506076 0.00212108 -8.03795e-05 -0.00200429 0.000446053 -0.000129197 6.36473e-05 0.000200651
internal_weight=80000 48955 19365 29590 9556 2516 686 1830 1757 291 134 16849 157 20034 6661 6587 160 6445 2744 2611 2487 1863 1392 471 624 134 490 3111 31045 12779
internal_count=80000 48955 19365 29590 9556 2516 686 1830 1757 291 134 16849 157 20034 6661 6587 160 6445 2744 2611 2487 1863 1392 471 624 134 490 3111 31045 12779
is_linear=0
shrinkage=0.05


Tree=280
num_leaves=31
num_cat=0
split_feature=8 10 10 7 4 7 10 10 10 11 11 10 10 7 11 11 11 10 11 0 7 8 8 4 11 10 8 11 10 7
split_gain=0.0795976 0.513055 0.834445 0.374561 0.665535 0.546525 0.508487 2.14678 1.40104 1.31717 1.37108 0.71234 0.551754 0.596789 0.512693 0.452944 0.648483 0.416301 0.153741 0.135507 0.0722512 0.194358 0.261063 0.181208 0.155644 0.155174 0.181139 0.150151 0.14642 0.167248
threshold=-1.6472091481628242 3.0480195000000005 3.0479215000000006 -1.5930992617165571 1.0000000180025095e-35 -1.9920263228907162 3.0436095000000005 3.0442735000000005 3.0446335000000002 101.79690650000002 101.79750350000002 3.0438415000000005 3.0451425000000003 2.0969760541444149 101.79513550000001 101.79816850000002 101.79828750000001 3.0432695000000005 101.79637350000002 2.5000000000000004 -1.5930992617165571 -1.568176614772981 -1.4730696678123223 1.0000000180025095e-35 101.79826850000002 3.0452175000000006 -0.42220488062025713 101.79535050000001 3.0466405000000005 -1.7925627923036365
decision_type=2 2 2 2 2 2 2 2 2 2 2 2 2 2 2 2 2 2 2 2 2 2 2 2 2 2 2 2 2 2
left_child=1 2 3 5 6 -1 9 11 -9 18 -11 -8 14 -14 -10 17 -17 -12 -5 -7 21 -2 -23 25 27 -24 28 -25 -27 -30
right_child=20 -3 -4 4 -6 19 7 8 12 10 15 -13 13 -15 -16 16 -18 -19 -20 -21 -22 22 23 24 -26 26 -28 -29 29 -31
leaf_value=-0.0013771440876686302 -0.0031369608876574313 0.0044401780869773025 -0.0043544795076485262 -0.0038750693914383024 -0.0048064673705721789 0.0026273822143980086 0.0022922287775477782 -0.0059714343644687792 0.00052965024682077291 0.0077895624541579403 -0.0056222056187740267 0.0093803066320249078 0.00060834670212032635 -0.004280999764014486 0.0072350608595292661 0.0042851523672599659 -0.00096285312013509984 0.0001975905006355036 -0.0075009245825549608 0.0060778881114522745 -1.0409520852186414e-06 0.0024316680858653805 -0.0014369123609806786 0.002024921276947823 0.0017827899390166744 0.0016503410627337037 -0.0029269195610997865 -0.00037947409340951789 0.00062265466790481115 -0.0018638107114623402
leaf_weight=58 59 72 98 62 65 51 59 86 56 54 73 89 893 67 58 79 230 53 56 65 75800 88 494 73 130 122 52 581 160 117
leaf_count=58 59 72 98 62 65 51 59 86 56 54 73 89 893 67 58 79 230 53 56 65 75800 88 494 73 130 122 52 581 160 117
internal_value=-4.99729e-10 0.00028833 0.000155398 0.000360775 0.000165258 0.00258425 0.000334253 0.000889263 0.000165494 -0.000861664 0.00028282 0.00655811 0.000657415 0.000266701 0.00394453 -0.000650628 0.000379822 -0.00317598 -0.00560071 0.00456443 -8.62747e-06 -0.000315145 -0.00022335 -0.000358614 0.000203355 -0.000824812 -0.000154181 -0.000110825 0.000207821 -0.000427879
internal_weight=80000 2324 2252 2154 1980 174 1915 1308 1160 607 489 148 1074 960 114 435 309 126 118 116 77676 1876 1817 1729 784 945 451 654 399 277
internal_count=80000 2324 2252 2154 1980 174 1915 1308 1160 607 489 148 1074 960 114 435 309 126 118 116 77676 1876 1817 1729 784 945 451 654 399 277
is_linear=0
shrinkage=0.05


Tree=281
num_leaves=31
num_cat=0
split_feature=6 1 6 11 11 6 11 11 6 11 11 11 11 5 11 5 11 11 5 11 5 11 11 11 11 11 5 11 11 11
split_gain=0.0841361 0.126089 0.0956359 0.216455 0.196462 0.241509 0.153636 0.147678 0.142172 0.131207 0.546781 0.27347 0.427026 0.420305 0.195442 0.233001 0.197145 0.164842 0.766982 0.278313 0.156026 0.364865 0.37986 0.272515 0.407086 0.260672 0.121485 0.116764 0.138061 0.114931
threshold=1.0000000180025095e-35 1.5000000000000002 1.5000000000000002 101.79858150000001 101.79829950000001 2.5000000000000004 101.79829150000002 101.79831950000002 3.5000000000000004 101.79800350000001 101.79799150000001 101.79803650000001 101.79805250000001 1.0000000180025095e-35 101.79807650000002 1.0000000180025095e-35 101.79808450000002 101.79812050000001 1.0000000180025095e-35 101.79818850000001 1.0000000180025095e-35 101.79492050000002 101.79500750000001 101.79518050000001 101.79528450000002 101.79511450000001 1.0000000180025095e-35 101.79485350000002 101.79487550000002 101.79848150000002
decision_type=2 2 2 2 2 2 2 2 2 2 2 2 2 2 2 2 2 2 2 2 2 2 2 2 2 2 2 2 2 2
left_child=-1 -2 9 4 6 7 27 -6 -7 10 20 26 13 -13 15 -14 -16 18 -18 -19 -3 -22 -23 25 -25 -24 -11 -4 -29 -9
right_child=1 2 3 -5 5 8 -8 29 -10 11 -12 12 14 -15 16 -17 17 19 -20 -21 21 22 23 24 -26 -27 -28 28 -30 -31
leaf_value=4.8967963688026996e-05 5.7644037134985956e-05 -3.1843319681154195e-05 -0.0011194274733361325 -0.0027821571473654431 0.0032725017302735397 -0.0010667012369955505 -0.0020567059327201856 0.00037298193252992327 0.00084573133930227569 -0.0012466984008844377 0.0029339919522723031 0.0005696958215795037 -0.0009734615033222656 0.005825153479093792 0.0020290286283744623 -0.0046234514650720744 -0.00014950623269897488 0.00050244217654041811 -0.0052660225724191368 -0.00061082579445884014 0.0023099521535758943 -0.0042592927022339824 -0.00028095651074010961 -0.0043787883112059688 -0.00062973512704745521 0.0038310074507186508 -0.0033680086259132713 0.0021409951989292443 -3.9208362454992657e-05 0.0030709920345355119
leaf_weight=41841 15260 5037 249 71 111 183 96 163 207 270 145 149 187 51 84 57 308 795 96 1910 101 75 99 77 1191 63 90 73 10909 52
leaf_count=41841 15260 5037 249 71 111 183 96 163 207 270 145 149 187 51 84 57 308 795 96 1910 101 75 99 77 1191 63 90 73 10909 52
internal_value=-1.30672e-10 -5.36932e-05 -0.000127889 -3.14746e-05 -1.52349e-05 0.000787942 -6.60116e-05 0.00179211 -5.16843e-05 -0.000236182 -0.000102356 -0.000463449 -0.000333304 0.00191208 -0.000464015 -0.00182767 -0.000359755 -0.000424359 -0.00136631 -0.00028363 -0.000168675 -0.000597799 -0.000793078 -0.000610998 -0.000857726 0.00131952 -0.00177781 -4.89774e-05 -2.46967e-05 0.00102665
internal_weight=80000 38159 22899 12114 12043 716 11327 326 390 10785 6788 3997 3637 200 3437 244 3193 3109 404 2705 6643 1606 1505 1430 1268 162 360 11231 10982 215
internal_count=80000 38159 22899 12114 12043 716 11327 326 390 10785 6788 3997 3637 200 3437 244 3193 3109 404 2705 6643 1606 1505 1430 1268 162 360 11231 10982 215
is_linear=0
shrinkage=0.05


Tree=282
num_leaves=31
num_cat=0
split_feature=6 8 6 7 1 10 10 7 7 10 10 8 10 8 10 7 8 8 8 1 1 7 10 7 10 10 8 10 10 8
split_gain=0.0821029 0.185968 0.311871 0.492467 0.46303 0.394861 0.333085 0.297522 0.290849 0.343338 0.92907 0.766831 0.534461 0.480509 0.26084 0.259887 0.27969 0.263383 0.909266 0.245116 0.425544 0.728124 0.319392 0.282948 0.23917 0.555274 0.367964 0.32249 0.265226 1.15887
threshold=2.5000000000000004 -0.20051192678942623 3.5000000000000004 1.0000000180025095e-35 1.5000000000000002 3.0475935000000005 3.0416945000000006 -0.79524513936823904 0.20207251356715863 3.0445255000000002 3.0471665000000003 -1.459674323169976 3.0436855000000005 -1.5835812611116793 3.0473095000000003 -0.19685454760700036 -1.2486976450530223 -1.6472091481628242 -1.5186138395962998 1.5000000000000002 2.5000000000000004 -1.194172200542398 3.0457925000000006 -0.59578160878115949 3.0421335000000007 3.0423975000000003 -1.286204610051592 3.0425555000000002 3.0451055000000005 -1.459674323169976
decision_type=2 2 2 2 2 2 2 2 2 2 2 2 2 2 2 2 2 2 2 2 2 2 2 2 2 2 2 2 2 2
left_child=-1 2 7 4 -4 14 -5 -2 9 12 11 -11 -9 -12 15 17 -17 -6 -19 -3 21 -21 -23 -24 26 -26 -8 -27 -29 -30
right_child=1 19 3 6 5 -7 24 8 -10 10 13 -13 -14 -15 -16 16 -18 18 -20 20 -22 22 23 -25 25 27 -28 28 29 -31
leaf_value=2.0357057743962666e-05 -0.00015168923445408667 9.8674384163810231e-05 -0.00010332384661968836 -0.0042322794235416464 0.0040241961607233902 0.0056054081166128462 0.0047242393619270585 -0.0014760304270352281 0.0018646473848869716 -0.0087817731437054396 0.0041037479642325059 -0.0019836537348586563 0.0043074792291538716 -0.0019807185461728489 -0.0018882585816610493 0.0060883843908428699 0.0015721088165415271 -0.005285378557755474 0.0011836497962627048 0.0025850446503906861 -0.00041280534558851161 -0.005271930559753858 0.00034473791422035639 -0.0039251434587536877 -0.0048662316948994335 0.0036879543610529538 -0.0006687407166096718 -0.0012011603776806146 0.0027134852082703986 -0.0011782586909635932
leaf_weight=68875 4252 845 998 54 70 51 59 197 64 82 50 84 50 92 68 55 91 57 1116 59 862 136 72 84 67 51 68 557 297 537
leaf_count=68875 4252 845 998 54 70 51 59 197 64 82 50 84 50 92 68 55 91 57 1116 59 862 136 72 84 67 51 68 557 297 537
internal_value=-4.41748e-10 -0.000126033 -2.86373e-05 0.000287308 0.000732126 0.001285 -0.00037229 -0.000300801 -0.00132488 -0.00169295 -0.00280635 -0.00534503 -0.00030401 0.000163079 0.0011334 0.00128145 0.00327645 0.00104688 0.000868874 -0.00055511 -0.00101052 -0.00247788 -0.0035014 -0.00195547 -0.000244631 -0.000420053 0.00183841 -0.000213146 -0.000356432 0.000207809
internal_weight=80000 11125 9067 4196 2506 1508 1690 4871 619 555 308 166 247 142 1457 1389 146 1243 1173 2058 1213 351 292 156 1636 1509 127 1442 1391 834
internal_count=80000 11125 9067 4196 2506 1508 1690 4871 619 555 308 166 247 142 1457 1389 146 1243 1173 2058 1213 351 292 156 1636 1509 127 1442 1391 834
is_linear=0
shrinkage=0.05


Tree=283
num_leaves=31
num_cat=0
split_feature=11 11 3 3 0 3 3 3 11 3 11 3 0 5 3 3 3 11 11 11 5 11 11 11 3 5 0 5 3 3
split_gain=0.0356214 0.0915682 0.116394 0.115802 0.136053 0.0838502 0.0864371 0.122353 0.1264 0.14186 0.0554822 0.0810533 0.0830825 0.176179 0.0520494 0.0604257 0.0342881 0.0308459 0.0297574 0.149332 0.154161 0.183067 0.123719 0.113699 0.234483 0.0964985 0.286227 0.0956335 0.108583 0.0953261
threshold=101.79485350000002 101.79489850000002 5.5000000000000009 1.0000000180025095e-35 4.5000000000000009 1.5000000000000002 4.5000000000000009 3.5000000000000004 101.79481050000001 2.5000000000000004 101.79492050000002 3.5000000000000004 4.5000000000000009 1.0000000180025095e-35 1.5000000000000002 2.5000000000000004 3.5000000000000004 101.79487550000002 101.79564450000001 101.79602750000002 1.0000000180025095e-35 101.79600650000002 101.79558250000001 101.79609350000001 1.0000000180025095e-35 1.0000000180025095e-35 4.5000000000000009 1.0000000180025095e-35 1.5000000000000002 2.5000000000000004
decision_type=2 2 2 2 2 2 2 2 2 2 2 2 2 2 2 2 2 2 2 2 2 2 2 2 2 2 2 2 2 2
left_child=5 2 3 -2 14 -1 7 8 -7 -10 11 12 13 -3 -5 -16 -17 -6 22 20 -20 -22 -12 24 -21 29 -27 -24 -29 -26
right_child=1 10 -4 4 17 6 -8 -9 9 -11 18 -13 -14 -15 15 16 -18 -19 19 23 21 -23 27 -25 25 26 -28 28 -30 -31
leaf_value=0.00044233144724303212 -0.00056114873189419795 0.00081274945489569509 -0.00097691963343392633 -0.00047706209235688803 0.0035800123765712699 0.0011655864006328562 0.00012684771691544839 -0.0021345913933814883 -0.0023105102958282295 0.00037900691375614717 -2.2905124084579497e-05 -0.0016258372310964276 0.0016133248286475631 -0.0029107468173825563 0.0023225448013441006 -0.00045711793990665456 0.0010401535948882138 0.0019211777771695479 0.00010805496945260228 -0.0024520727630622367 0.00055827287881386907 0.0028740550012099761 -0.00031976651753033453 -2.1864976067241969e-07 0.0010154815771991636 -4.9428514221451703e-05 -0.0042559341333143937 -0.00022968771712602844 -0.0023378458274541133 -0.00032145300555924233
leaf_weight=275 110 79 99 70 56 89 266 157 109 89 9964 129 56 53 69 55 125 57 4346 138 1352 91 704 60363 189 152 55 105 146 452
leaf_count=275 110 79 99 70 56 89 266 157 109 89 9964 129 56 53 69 55 125 57 4346 138 1352 91 704 60363 189 152 55 105 146 452
internal_value=-4.49964e-10 3.72489e-06 0.000598853 0.000886806 0.00125554 -0.00029881 -0.000585894 -0.00101283 -0.000398653 -0.001102 -1.14327e-06 -0.00066118 1.25119e-06 -0.000683362 0.000726988 0.00106553 0.000582654 0.00274569 1.53808e-06 1.39881e-05 0.000256739 0.000704502 -7.50131e-05 -8.91865e-06 -0.000541479 -0.000230305 -0.00116861 -0.000618623 -0.00145639 7.28415e-05
internal_weight=80000 79015 641 542 432 985 710 444 287 198 78374 317 188 132 319 249 180 113 78057 67138 5789 1443 10919 61349 986 848 207 955 251 641
internal_count=80000 79015 641 542 432 985 710 444 287 198 78374 317 188 132 319 249 180 113 78057 67138 5789 1443 10919 61349 986 848 207 955 251 641
is_linear=0
shrinkage=0.05


Tree=284
num_leaves=31
num_cat=0
split_feature=6 6 7 7 10 10 11 7 10 11 11 7 10 11 11 7 5 2 7 10 7 7 11 10 11 10 10 10 10 11
split_gain=0.0740362 0.118523 0.287935 0.271692 0.335563 0.931441 1.18858 0.677916 0.483265 0.482167 0.325112 0.166981 0.125327 0.121829 0.350984 0.161311 0.296184 0.364101 0.469431 0.254797 0.159367 0.338493 0.473467 0.375499 0.592766 0.517158 0.338461 0.154252 0.776865 0.333556
threshold=2.5000000000000004 3.5000000000000004 -0.79524513936823904 0.20207251356715863 3.0445255000000002 3.0455775000000007 101.79814850000001 -0.39631807819407994 3.0436855000000005 101.79810450000001 101.79679850000001 -1.4933674964230172 3.0423715000000002 101.79552250000002 101.79545750000001 0.10234074827361882 1.0000000180025095e-35 1.0000000180025095e-35 -0.59578160878115949 3.0475755000000002 0.99992663591547692 1.498585462383176 101.79819650000002 3.0476025000000004 101.79814450000002 3.0430315000000006 3.0445605000000007 3.0436095000000005 3.0452895000000004 101.79821650000001
decision_type=2 2 2 2 2 2 2 2 2 2 2 2 2 2 2 2 2 2 2 2 2 2 2 2 2 2 2 2 2 2
left_child=-1 2 -2 4 8 -6 7 10 9 -4 -7 -3 -11 14 -13 16 -15 -18 -19 -20 27 23 26 24 -22 -26 -23 -17 -29 -30
right_child=1 11 3 -5 5 6 -8 -9 -10 12 -12 13 -14 15 -16 20 17 18 19 -21 21 22 -24 -25 25 -27 -28 28 29 -31
leaf_value=1.9330931757474558e-05 -0.00015759348911068011 0.0016241743825311005 -0.0044887806148474849 0.0017737021492489045 -0.0079743155040923972 0.00077641362167517325 -0.0066504226456028095 -0.0037783815035231823 0.004096041456749756 0.002063247305001297 0.0060727443650169868 0.00023363769958507655 -0.0011771672541366894 -9.1030389640658037e-05 0.0039345754697681749 -0.00013880897425338384 0.0038263743159484666 0.0039213605998536767 -0.0017024855701256163 0.0016083711038074979 -0.0001296158815050912 -0.0024122482403939553 -0.004596780308242952 -0.0019112928096569025 0.0016950550976785402 0.0086912622902088777 0.0020355009406111293 -0.0054933463873471748 8.5435728841639518e-06 -0.0033151373768847536
leaf_weight=68875 4282 159 77 64 67 67 73 52 50 65 51 744 55 3295 70 380 107 76 167 89 120 73 73 70 56 50 103 98 399 93
leaf_count=68875 4282 159 77 64 67 67 73 52 50 65 51 744 55 3295 70 380 107 76 167 89 120 73 73 70 56 50 103 98 399 93
internal_value=-6.46189e-10 -0.000119682 -0.000303526 -0.00130959 -0.00166412 -0.00275931 -0.00131874 0.000973315 -0.000289024 -0.0014035 0.00306871 2.51916e-05 0.000578314 -1.67673e-05 0.000552344 -0.000105032 7.15263e-05 0.00129137 0.00047346 -0.000551267 -0.00054017 0.000143967 -0.00121437 0.00128665 0.00227757 0.00500023 0.000190374 -0.000924532 -0.00143048 -0.000620259
internal_weight=80000 11125 4903 621 557 310 243 170 247 197 118 6222 120 6063 814 5249 3734 439 332 256 1515 545 249 296 226 106 176 970 590 492
internal_count=80000 11125 4903 621 557 310 243 170 247 197 118 6222 120 6063 814 5249 3734 439 332 256 1515 545 249 296 226 106 176 970 590 492
is_linear=0
shrinkage=0.05


Tree=285
num_leaves=31
num_cat=0
split_feature=6 10 10 5 10 11 5 10 3 11 11 11 1 3 10 11 3 3 0 3 5 3 1 10 11 3 11 10 11 3
split_gain=0.0695816 0.120215 0.133506 0.306401 0.124107 0.174804 0.183223 0.127227 0.194674 0.444776 0.14318 0.104995 0.0943815 0.0927804 0.0879325 0.301073 0.191176 0.150807 0.145215 0.313555 0.219227 0.0763983 0.0759986 0.123882 0.112393 0.181681 0.154218 0.136672 0.169314 0.110066
threshold=1.0000000180025095e-35 3.0476125000000005 3.0475215000000007 1.0000000180025095e-35 3.0477275000000006 101.79687950000002 1.0000000180025095e-35 3.0478665000000005 1.0000000180025095e-35 101.79739150000002 101.79709750000002 101.79728250000001 1.5000000000000002 1.5000000000000002 3.0473465000000002 101.79828350000001 3.5000000000000004 5.5000000000000009 2.5000000000000004 3.5000000000000004 1.0000000180025095e-35 4.5000000000000009 1.5000000000000002 3.0480195000000005 101.79832350000001 1.0000000180025095e-35 101.79831950000002 3.0478125000000005 101.79831150000001 1.5000000000000002
decision_type=2 2 2 2 2 2 2 2 2 2 2 2 2 2 2 2 2 2 2 2 2 2 2 2 2 2 2 2 2 2
left_child=22 2 14 -4 5 -3 -7 8 9 10 -6 -12 13 -5 -2 17 -17 18 20 -20 21 -16 -1 24 26 -26 27 28 -24 -27
right_child=1 4 3 12 7 6 -8 -9 -10 -11 11 -13 -14 -15 15 16 -18 -19 19 -21 -22 -23 23 -25 25 29 -28 -29 -30 -31
leaf_value=-3.7886682073018545e-05 -8.9338401010794955e-05 0.00029273548107244541 -0.0001542403147391901 -0.00017046750063211095 0.000870571449388175 0.00096534333284891435 0.0041767114191516436 0.00019518319344940908 -9.312573348784628e-05 -0.0055121872444153716 -0.0024742910661084724 0.00020416308515866234 -0.003964959547995201 -0.0025653673766006576 -0.00047751870621719114 -0.00011245833608884995 -0.0037418329488846922 -0.0011181003377558436 0.00085795542536631897 0.0055464690533211817 0.0028200507400083239 0.0014919832006998837 0.0001032848935750192 0.0015083370345569897 -0.0022712614241257863 0.001190224230475951 0.0020795323136854659 -0.0015724450381531157 0.002262968389572587 -0.00044294416494731163
leaf_weight=16764 28680 1614 680 65 104 189 58 3702 1944 55 102 57 60 107 202 94 59 75 98 56 93 65 23731 155 120 123 99 121 91 637
leaf_count=16764 28680 1614 680 65 104 189 58 3702 1944 55 102 57 60 107 202 94 59 75 98 56 93 65 23731 155 120 123 99 121 91 637
internal_value=-7.14334e-10 -4.88293e-05 -9.39035e-05 -0.000689663 0.000125902 0.000482359 0.00172081 1.46677e-05 -0.00028076 -0.00142742 -0.000571421 -0.00151457 -0.00225826 -0.00166094 -7.54344e-05 0.000461928 -0.00151355 0.000975253 0.00128086 0.00256536 0.00073082 2.32713e-06 4.4531e-05 9.96272e-05 9.08598e-05 -0.000464108 0.000111175 0.000103027 0.000111544 -0.000178507
internal_weight=80000 38159 30334 912 7825 1861 247 5964 2262 318 263 159 232 172 29422 742 153 589 514 154 360 267 41841 25077 24922 880 24042 23943 23822 760
internal_count=80000 38159 30334 912 7825 1861 247 5964 2262 318 263 159 232 172 29422 742 153 589 514 154 360 267 41841 25077 24922 880 24042 23943 23822 760
is_linear=0
shrinkage=0.05


Tree=286
num_leaves=31
num_cat=0
split_feature=8 11 8 6 8 11 6 8 5 8 8 8 11 8 3 8 6 11 3 11 5 1 8 8 6 6 7 7 8 1
split_gain=0.0858459 0.233573 0.227545 1.19165 0.243992 0.460961 0.391042 0.306366 0.290533 0.370104 0.36028 0.223221 0.216291 0.330485 0.20112 0.360878 0.207285 0.192634 0.358478 0.188059 0.172566 0.621935 1.64071 0.567359 0.30862 0.284729 0.200208 0.192 0.178545 0.333828
threshold=-0.6619815497182554 101.79846450000001 -0.85420474533592461 1.0000000180025095e-35 -1.3900185310297755 101.79849150000001 1.5000000000000002 -1.5835812611116793 1.0000000180025095e-35 -0.94864192506446587 -1.0444186392572414 -1.0564744494353533 101.79485350000002 -1.3371069196925081 3.5000000000000004 -1.3371069196925081 1.5000000000000002 101.79853850000002 1.5000000000000002 101.79855550000001 1.0000000180025095e-35 3.5000000000000004 -0.032400351527980438 -0.16233519455873927 2.5000000000000004 1.0000000180025095e-35 1.0000000180025095e-35 0.80046310532839737 0.80748775754713131 1.5000000000000002
decision_type=2 2 2 2 2 2 2 2 2 2 2 2 2 2 2 2 2 2 2 2 2 2 2 2 2 2 2 2 2 2
left_child=1 12 4 -4 5 -3 17 -8 9 10 -6 14 13 -1 15 -10 -17 -7 -19 -5 -2 23 -23 24 -22 -24 -26 -25 -29 -30
right_child=20 2 3 19 8 6 7 -9 11 -11 -12 -13 -14 -15 -16 16 -18 18 -20 -21 21 22 25 27 26 -27 -28 28 29 -31
leaf_value=-0.00373665309980214 -3.8103173326893459e-06 0.0051935469046933934 0.0065785183978420069 -0.0020498815156420108 0.00071962674442315833 -0.00024410844517069034 -0.0032550939544260188 0.0010005238689937751 0.0026486319223429557 -0.001905307237751118 0.0046783930544940936 0.00081320403428549912 5.4726605652563289e-05 -0.0001322771901884315 -0.004197484867570286 -0.002936794821333378 0.00077284658615832435 8.8581680312188485e-05 0.0051740523628916483 0.0011501102957805719 -0.00089154684258724607 0.0021959187486963621 -0.00085676582684988652 -0.00088256530859993009 -0.0052542990212300694 -0.0037040598410536616 -0.0018742367634769479 0.00050113547593805979 0.00069074097361487884 -0.0027962855045837419
leaf_weight=95 49329 66 93 87 235 60 84 85 52 93 76 123 22829 192 64 152 50 58 86 97 2353 745 393 446 63 113 144 1460 152 125
leaf_count=95 49329 66 93 87 235 60 84 85 52 93 76 123 22829 192 64 152 50 58 86 97 2353 745 393 446 63 113 144 1460 152 125
internal_value=-6.92377e-10 7.75508e-05 0.000669487 0.00196893 0.000389024 0.00134513 0.000662966 -0.00111537 -0.000107799 0.000860742 0.00168824 -0.000995073 3.75752e-05 -0.00132625 -0.00169454 -0.00106247 -0.00201864 0.00213602 0.00312722 -0.000363221 -3.45929e-05 -0.000287921 0.000703745 -0.000549489 -0.00105446 -0.00149323 -0.00290499 4.27108e-05 0.000280326 -0.000883268
internal_weight=80000 24677 1561 277 1284 439 373 169 845 404 311 441 23116 287 318 254 202 204 144 184 55323 5994 1251 4743 2560 506 207 2183 1737 277
internal_count=80000 24677 1561 277 1284 439 373 169 845 404 311 441 23116 287 318 254 202 204 144 184 55323 5994 1251 4743 2560 506 207 2183 1737 277
is_linear=0
shrinkage=0.05


Tree=287
num_leaves=31
num_cat=0
split_feature=8 11 10 11 8 10 4 11 11 8 10 8 8 8 5 8 10 10 10 10 10 10 5 8 8 11 8 8 11 8
split_gain=0.0829505 0.126399 0.271206 0.253719 0.219023 0.175714 0.273016 0.430261 0.465015 0.47181 0.22759 0.434892 0.215545 0.439345 0.53964 0.545586 0.441207 0.363558 0.671442 0.369306 0.245879 0.156184 0.15442 0.330633 0.258464 0.235668 0.284372 0.174959 0.141802 0.164607
threshold=0.11963681016264981 101.79537150000002 3.0440345000000004 101.79526350000002 -1.3237115750501616 3.0443075000000004 1.0000000180025095e-35 101.79498450000001 101.79511450000001 -0.98882795899150466 3.0443835000000004 -0.64925597230802645 -0.40880953597791081 -1.0564744494353533 1.0000000180025095e-35 -1.2373116021070281 3.0447385000000007 3.0451425000000003 3.0448165000000005 3.0452895000000004 3.0452175000000006 3.0451055000000005 1.0000000180025095e-35 -0.23801889178799587 -0.25141423643034205 101.79500750000001 -0.31303282178513492 -0.21189796973542055 101.79530650000001 -0.96069773524257751
decision_type=2 2 2 2 2 2 2 2 2 2 2 2 2 2 2 2 2 2 2 2 2 2 2 2 2 2 2 2 2 2
left_child=1 2 3 -1 -5 6 7 -4 -9 -10 11 -7 13 14 15 16 -12 18 -16 -19 -17 -15 24 -24 25 -14 -27 -26 29 -23
right_child=-2 -3 5 4 -6 10 -8 8 9 -11 12 -13 22 21 17 20 -18 19 -20 -21 -22 28 23 -25 27 26 -28 -29 -30 -31
leaf_value=-0.003680669864481405 -5.4964884062510519e-05 7.6736159250480362e-05 0.0019354668089340118 0.0022296245039464383 -0.0014382096569747667 -0.0039304133854238575 0.0025880960779539035 -0.0022696455571516419 0.0039061213261873244 -0.001231326636403541 0.002765273283115776 0.00086011398924246943 -0.0046816773938695641 0.00034085488746387168 -0.00056791255207297605 -0.0060302139500958332 -0.0019418144289295388 -0.0035619374898024758 0.0032612905904817972 0.00010069867034808328 -0.001784838037350165 0.0046943835383317567 0.0032562973981561821 -0.0017080528551709816 0.0019509314964260742 0.00084463888012606772 -0.0037430598671981488 -0.000786457326714255 0.00010150635696041019 0.0016069279508834776
leaf_weight=99 36944 38471 220 51 200 112 140 234 82 98 69 82 79 663 264 93 178 103 202 207 54 51 68 66 65 74 62 565 124 280
leaf_count=99 36944 38471 220 51 200 112 140 234 82 98 69 82 79 663 264 93 178 103 202 207 54 51 68 66 65 74 62 565 124 280
internal_value=-8.11828e-10 4.71609e-05 -0.00020099 -0.00153844 -0.000692361 -9.04241e-05 0.000590575 0.000149143 -0.000800349 0.00110994 -0.000242732 -0.00190615 -0.0001439 0.000121766 -0.000555499 -0.00206224 -0.000626292 0.00020969 0.0010923 -0.001117 -0.00447296 0.000830517 -0.00076473 0.000811719 -0.00101479 -0.00251128 -0.00124803 -0.000503764 0.00154379 0.00208391
internal_weight=80000 43056 4585 350 251 4235 774 634 414 180 3461 194 3267 2288 1170 394 247 776 466 310 147 1118 979 134 845 215 136 630 455 331
internal_count=80000 43056 4585 350 251 4235 774 634 414 180 3461 194 3267 2288 1170 394 247 776 466 310 147 1118 979 134 845 215 136 630 455 331
is_linear=0
shrinkage=0.05


Tree=288
num_leaves=31
num_cat=0
split_feature=8 6 9 10 10 8 6 9 8 2 8 8 10 8 8 6 8 8 8 10 8 8 10 10 10 8 10 0 10 10
split_gain=0.0748617 0.142819 0.280298 0.143719 0.161408 0.111822 0.0774145 0.266442 0.258538 0.651431 0.300895 0.23153 0.472852 0.494538 0.351855 0.276018 0.268993 0.241848 0.24042 0.236737 0.301149 0.424299 0.210104 0.196706 0.303658 0.282959 0.137038 0.122125 0.107682 0.413974
threshold=0.11963681016264981 3.5000000000000004 0.45124090117685461 3.0425035000000005 3.0435825000000003 0.21139492096272169 1.0000000180025095e-35 0.45124090117685461 0.674204078355786 1.0000000180025095e-35 0.28372978203139171 0.35606464310006175 3.0436855000000005 0.33999022952924607 0.29712512667373797 1.5000000000000002 0.28372978203139171 0.19799957632037568 0.14575773221522512 3.0434295000000007 0.15848330962545393 0.19799957632037568 3.0429005000000005 3.0447765000000007 3.0468805000000003 0.19799957632037568 3.0458985000000003 1.5000000000000002 3.0451055000000005 3.0447385000000007
decision_type=2 2 2 2 2 2 2 2 2 2 2 2 2 2 2 2 2 2 2 2 2 2 2 2 2 2 2 2 2 2
left_child=-1 6 -3 -4 -5 -6 8 -8 9 10 23 12 14 15 19 16 18 -17 -14 20 -9 -22 -16 -2 25 -25 -19 -11 29 -12
right_child=1 2 3 4 5 -7 7 11 -10 27 28 -13 13 -15 22 17 -18 26 -20 -21 21 -23 -24 24 -26 -27 -28 -29 -30 -31
leaf_value=4.4802033714984156e-05 0.00045138943864849173 -1.0617771270345621e-05 9.4986237126856591e-05 -0.0050596140549569032 -8.0823156245570771e-05 -0.0029084754163183268 4.2124504709695415e-05 -0.0011115484419813987 -4.7620454721429145e-05 -0.00084431329940572088 0.00055682713978013102 -0.00075227995052795291 0.00014840787510231519 0.0038511530511380456 -0.0025246189318010206 0.0028270262715906613 0.00034870724967764078 0.00060829376009324506 -0.0027335741043621672 0.0049668346136636787 0.0049574479708802185 0.00093004935806526598 0.0012378972141801274 0.0024954289798417382 0.00076936793843409212 0.0069933118097944271 -0.0021124748317706294 0.00010841323382586825 0.00057790932441721665 0.0052385349756538784
leaf_weight=43056 64 467 60 53 56 93 6855 93 22336 447 172 2608 90 56 90 72 138 106 369 52 93 220 63 65 64 76 82 1358 581 65
leaf_count=43056 64 467 60 53 56 93 6855 93 22336 447 172 2608 90 56 90 72 138 106 369 52 93 220 63 65 64 76 82 1358 581 65
internal_value=-1.20281e-09 -5.22166e-05 -0.000745069 -0.00205368 -0.00269163 -0.0018465 -3.82677e-05 -0.000149041 9.97554e-06 0.000454797 0.00142174 -0.000466179 2.34382e-05 -0.000697021 0.00109994 -0.000994633 -0.00158673 0.000364992 -0.00216857 0.00179334 0.00138576 0.00212789 -0.000975551 0.00287214 0.0036273 0.00492306 -0.000578917 -0.000127559 0.000944483 0.00184251
internal_weight=80000 36944 729 262 202 149 36215 10987 25228 2892 1087 4132 1524 913 611 857 597 260 459 458 406 313 153 269 205 141 188 1805 818 237
internal_count=80000 36944 729 262 202 149 36215 10987 25228 2892 1087 4132 1524 913 611 857 597 260 459 458 406 313 153 269 205 141 188 1805 818 237
is_linear=0
shrinkage=0.05


Tree=289
num_leaves=31
num_cat=0
split_feature=8 3 7 2 7 3 7 3 7 1 7 8 0 7 7 0 8 3 7 7 7 7 2 3 3 1 7 3 7 0
split_gain=0.071535 0.248938 0.262759 0.699282 1.27654 2.92479 0.359069 0.569428 0.502197 0.439478 0.758139 0.380724 0.364265 0.553127 0.349668 0.604595 0.508759 0.341659 0.805543 0.687378 0.497498 1.20093 0.550285 0.327442 0.320303 0.592547 0.177329 0.212369 0.147209 0.130233
threshold=-1.6472091481628242 4.5000000000000009 0.10234074827361882 1.0000000180025095e-35 -1.0944404352488581 1.5000000000000002 1.0996584012090167 1.0000000180025095e-35 0.70073134003485771 2.5000000000000004 0.40153604415423816 -1.700120759500092 2.5000000000000004 0.70073134003485771 -1.3936357311294776 4.5000000000000009 -1.6739998374475167 2.5000000000000004 1.7977807582637952 1.498585462383176 1.7977807582637952 1.5983172276767157 1.5000000000000002 1.5000000000000002 2.5000000000000004 1.0000000180025095e-35 -0.29658631290054016 1.5000000000000002 -1.5930992617165571 3.5000000000000004
decision_type=2 2 2 2 2 2 2 2 2 2 2 2 2 2 2 2 2 2 2 2 2 2 2 2 2 2 2 2 2 2
left_child=1 2 3 4 -1 -6 7 8 -4 10 -9 -11 -12 -14 15 28 24 20 19 -19 21 22 -8 -22 26 -26 27 29 -5 -16
right_child=-2 -3 6 14 5 -7 17 9 -10 11 12 -13 13 -15 16 -17 -18 18 -20 -21 23 -23 -24 -25 25 -27 -28 -29 -30 -31
leaf_value=-0.0019935158028027986 -8.17833516424308e-06 -0.0022886570493979986 -0.0010667403070152505 0.001558049999142358 -0.0015098425984671974 0.012144024726154844 0.0056068562506284021 -0.0058386766019637992 -0.0073776699283213164 0.0029686813970309046 -0.0034309354065496498 -0.0015462331135026768 0.0051738782232810011 -0.0011703352611091135 0.00064815858848544161 0.0067671617710179351 -0.00449657449779835 -0.001265282050372912 -0.0042727353437982977 0.0053303030226516399 0.0021550556385835297 -0.0061443359553036425 -0.00032549297191229222 0.0070913388094603989 0.0031620763320897682 -0.0030546449440321871 0.0033273787432631786 0.0029345164502595986 -0.0015518351673310046 -0.0023043467596542159
leaf_weight=75 77676 91 69 114 72 86 73 74 58 144 53 69 58 84 96 50 67 94 96 68 89 55 84 54 52 145 73 63 57 61
leaf_count=75 77676 91 69 114 72 86 73 74 58 144 53 69 58 84 96 50 67 94 96 68 89 55 84 54 52 145 73 63 57 61
internal_value=4.7033e-11 0.000273338 0.000377843 0.000974101 0.00337635 0.00592499 -0.000115499 -0.000975314 -0.00395243 -0.000190229 -0.00153345 0.00150606 0.000102483 0.00142278 0.000254319 0.00193667 -0.000413414 0.000738724 -0.000645793 0.00150482 0.00174484 0.00020714 0.00243467 0.00402276 0.000145699 -0.00141291 0.00119376 0.0004846 0.00052112 -0.00049973
internal_weight=80000 2324 2233 1011 233 158 1222 609 127 482 269 213 195 142 778 221 557 613 258 162 355 212 157 143 490 197 293 220 171 157
internal_count=80000 2324 2233 1011 233 158 1222 609 127 482 269 213 195 142 778 221 557 613 258 162 355 212 157 143 490 197 293 220 171 157
is_linear=0
shrinkage=0.05


Tree=290
num_leaves=31
num_cat=0
split_feature=6 8 2 6 10 8 8 10 10 10 3 3 10 10 10 3 6 10 10 10 8 1 10 6 1 10 5 1 8 2
split_gain=0.0680194 0.159854 0.546115 0.271805 0.176738 0.204173 0.146703 0.391041 1.08758 0.246085 1.26806 1.22345 0.849901 0.794801 0.861195 0.788475 1.04367 0.872621 2.7731 2.25627 0.847443 1.25523 0.78277 0.659757 0.609126 0.530657 0.489024 0.285992 0.176061 0.940795
threshold=2.5000000000000004 -0.20051192678942623 1.0000000180025095e-35 3.5000000000000004 3.0457925000000006 -0.021014308581986097 -1.568176614772981 3.0480115000000003 3.0478945000000004 3.0468805000000003 2.5000000000000004 3.5000000000000004 3.0473465000000002 3.0457925000000006 3.0462485000000004 1.5000000000000002 1.5000000000000002 3.0455775000000007 3.0449245000000005 3.0461395000000002 -1.700120759500092 2.5000000000000004 3.0453275000000004 1.5000000000000002 1.5000000000000002 3.0438705000000006 1.0000000180025095e-35 1.5000000000000002 -1.5527719684342831 1.0000000180025095e-35
decision_type=2 2 2 2 2 2 2 2 2 2 2 2 2 2 2 2 2 2 2 2 2 2 2 2 2 2 2 2 2 2
left_child=6 3 4 -2 -3 -6 7 8 9 10 15 12 -11 22 -15 17 20 18 26 -19 -17 -22 23 25 -14 -12 -1 -13 29 -8
right_child=1 2 -4 -5 5 -7 28 -9 -10 11 13 27 24 14 -16 16 -18 19 -20 -21 21 -23 -24 -25 -26 -27 -28 -29 -30 -31
leaf_value=-0.0032323979106434284 -0.00027849581708585608 -0.0035061649215825837 -0.00014313505670886928 0.00027053822194094806 0.00063298621505462156 -0.0026999074996382783 -0.0074269177235045773 0.0037322180712680494 -0.0049854485657182153 -0.0059000597726437398 -0.0035850666962688113 0.0015823150152159988 -0.0018265253998972738 0.0076549484206768163 -0.001142745171467821 -0.00072083430858766232 0.010415674686286524 0.011177638814743728 -0.011209649800651981 -0.0011696485901089757 0.010274559611654681 0.0006323028109022909 -0.007660738379309963 0.0030741481455169796 0.0037926379419554214 0.00044894771351507905 0.0020943934078842485 0.006779100828547574 1.0356355214439611e-05 0.00037435477340372531
leaf_weight=50 4871 164 1707 4196 81 106 50 86 93 96 213 52 186 51 61 100 55 66 50 84 66 69 51 77 65 132 308 54 66591 169
leaf_count=50 4871 164 1707 4196 81 106 50 86 93 96 213 52 186 51 61 100 55 66 50 84 66 69 51 77 65 132 308 54 66591 169
internal_value=6.2256e-10 -0.000114714 -0.000512527 -2.44153e-05 -0.00230842 -0.00125668 1.853e-05 0.000433588 0.00029006 0.00055045 0.000871556 -0.000465291 -0.0019015 -0.000919112 0.0028666 0.00210683 0.00422126 0.00100737 -0.000191776 0.00426699 0.00276769 0.00535041 -0.00181593 -0.00110792 -0.000370433 -0.00204193 0.00134973 0.00423363 5.70057e-06 -0.00140933
internal_weight=80000 11125 2058 9067 351 187 68875 2065 1979 1886 1433 453 347 585 112 848 290 558 408 150 235 135 473 422 251 345 358 106 66810 219
internal_count=80000 11125 2058 9067 351 187 68875 2065 1979 1886 1433 453 347 585 112 848 290 558 408 150 235 135 473 422 251 345 358 106 66810 219
is_linear=0
shrinkage=0.05


Tree=291
num_leaves=31
num_cat=0
split_feature=8 6 9 10 10 3 5 1 8 8 1 10 8 3 8 8 10 10 10 10 10 8 6 6 8 8 3 9 5 10
split_gain=0.0661433 0.116907 0.235647 0.121255 0.157344 0.127882 0.112168 0.20282 0.23595 0.101606 0.129559 0.238771 0.633922 0.119666 0.0998121 0.194968 0.112133 0.131692 0.0717386 0.0914159 0.0698434 0.216062 0.0673381 0.335227 0.564711 0.569025 0.911327 1.32595 0.872647 0.509744
threshold=0.11963681016264981 3.5000000000000004 0.45124090117685461 3.0425035000000005 3.0435825000000003 4.5000000000000009 1.0000000180025095e-35 3.5000000000000004 0.59718084666229476 0.17053911980356559 1.5000000000000002 3.0437095000000007 0.674204078355786 1.5000000000000002 0.39692044425921785 0.30985070408396703 3.0465695000000004 3.0444195000000005 3.0422145000000005 3.0427145000000002 3.0480935000000007 -0.76579547069643916 2.5000000000000004 1.5000000000000002 -1.4449394440633954 -0.23801889178799587 4.5000000000000009 0.45124090117685461 1.0000000180025095e-35 3.0449595000000005
decision_type=2 2 2 2 2 2 2 2 2 2 2 2 2 2 2 2 2 2 2 2 2 2 2 2 2 2 2 2 2 2
left_child=20 6 -3 -4 -5 -6 -2 9 -9 -8 -11 12 18 -14 15 -13 17 -16 -12 -20 22 -22 23 -1 -25 -26 27 -27 29 -29
right_child=1 2 3 4 5 -7 7 8 -10 10 11 14 13 -15 16 -17 -18 -19 19 -21 21 -23 -24 24 25 26 -28 28 -30 -31
leaf_value=1.1634706063359232e-05 -1.4982135719699883e-05 -2.522950555876224e-06 9.7797882933783268e-05 -0.004799558400490414 -0.0031007512478225755 -0.00017181452355668765 0.0013872888664957629 -0.002271302452040659 0.000150184329153064 0.00018420580913402113 0.00070213259022664312 -0.0012451461077418687 -0.00091066203134248245 -0.003922530216738559 -0.00018636677071510888 -0.0050445029655867835 0.0007475249174566565 -0.0030834358920482177 0.0044111122311076825 0.0016806926503876716 0.0033653202329525186 -0.00087500746143293583 -7.2301757585260798e-05 0.0018264823352843948 -3.9264472538975975e-05 6.9747991445667136e-05 -0.0020236461749896665 0.0042052391278069347 0.0013624682431735789 0.010234252169955913
leaf_weight=28293 34179 467 60 53 74 75 102 268 161 815 60 93 67 65 76 53 68 81 52 75 60 60 10358 664 3020 239 132 60 85 85
leaf_count=28293 34179 467 60 53 74 75 102 268 161 815 60 93 67 65 76 53 68 81 52 75 60 60 10358 664 3020 239 132 60 85 85
internal_value=1.05897e-09 -4.90798e-05 -0.000675938 -0.0018758 -0.00246178 -0.00162756 -3.64595e-05 -0.000396988 -0.00136272 -0.000139111 -0.000242647 -0.000746782 0.000256268 -0.00239563 -0.00160908 -0.00262687 -0.000947769 -0.00168204 0.00212847 0.00280125 4.21147e-05 0.00124619 3.87466e-05 7.40539e-05 0.000486185 0.000240365 0.00164527 0.00267809 0.00538729 0.00774411
internal_weight=80000 36944 729 262 202 149 36215 2036 429 1607 1505 690 319 132 371 146 225 157 187 127 43056 120 42936 32578 4285 3621 601 469 230 145
internal_count=80000 36944 729 262 202 149 36215 2036 429 1607 1505 690 319 132 371 146 225 157 187 127 43056 120 42936 32578 4285 3621 601 469 230 145
is_linear=0
shrinkage=0.05


Tree=292
num_leaves=31
num_cat=0
split_feature=8 10 10 5 1 8 7 8 8 1 8 8 8 7 1 8 10 8 7 7 7 8 7 10 7 10 8 7 7 1
split_gain=0.0604947 0.242846 0.231415 0.210842 0.679596 1.29171 0.572317 0.417768 0.253306 0.262807 0.244718 0.237542 0.258389 0.411205 0.220366 0.660289 0.517057 0.420051 0.216558 0.2084 0.187634 0.338137 0.178892 0.204858 0.163548 0.223627 0.160645 0.159234 0.331069 0.241965
threshold=-0.73900478141174653 3.0415105000000007 3.0480935000000007 1.0000000180025095e-35 3.5000000000000004 -0.032400351527980438 0.10234074827361882 -0.12683753125652172 0.17053911980356559 1.5000000000000002 -0.032400351527980438 -0.50257694847433476 -0.27686539125079995 1.2991219317960965 1.0000000180025095e-35 -0.62447458471968587 3.0421855000000004 -0.68944200623506535 0.60099957474131782 1.0996584012090167 1.1993901665025566 -0.50257694847433476 0.60099957474131782 3.0437625000000006 1.0996584012090167 3.0458625000000006 -0.5708932061503007 0.80046310532839737 0.50126780944777805 1.5000000000000002
decision_type=2 2 2 2 2 2 2 2 2 2 2 2 2 2 2 2 2 2 2 2 2 2 2 2 2 2 2 2 2 2
left_child=1 -1 -3 -2 6 11 26 14 9 -9 -11 18 24 -14 15 16 -8 -18 -6 -7 21 -17 23 -16 -13 -26 -5 28 -10 -30
right_child=3 2 -4 4 5 19 7 8 27 10 -12 12 13 -15 22 20 17 -19 -20 -21 -22 -23 -24 -25 25 -27 -28 -29 29 -31
leaf_value=0.0026888731251566945 7.6608575556938649e-06 5.0393540338819922e-05 0.003131665614069289 -0.0043716938219360854 -0.0011899357521668644 -0.0028963124513720958 0.0062316213664714987 -5.7260497038901083e-05 0.0011990735545602234 -3.0568147387089922e-05 0.0031289095308109035 0.0020025227716671378 0.003338898819478923 -0.0020885312613896827 -0.0047007876696185252 0.002798255373690087 -0.0025032526641439478 0.0028478466488983125 0.0015602758152041306 -0.00067465086835591479 -0.0016139669548386176 -0.0013960742816304965 -0.00087934859472581911 -0.0014701655078939964 0.0024994377749621797 0.0060461867999146374 -0.0018894771064253771 1.5893208371423406e-05 -0.00057908784718068936 -0.0047152244208342915
leaf_weight=88 50433 22668 61 90 88 150 60 272 77 90 192 110 78 63 65 80 60 94 382 356 375 120 1945 200 81 99 237 1243 64 79
leaf_count=88 50433 22668 61 90 88 150 60 272 77 90 192 110 78 63 65 80 60 94 382 356 375 120 1945 200 81 99 237 1243 64 79
internal_value=1.17354e-09 6.88326e-05 5.86768e-05 -2.74638e-05 -0.000289896 0.000687733 -0.000547348 -0.000415193 0.000141213 0.00105167 0.00212091 0.00182298 0.00267071 0.000914115 -0.000789401 -7.20694e-05 0.00229826 0.000762731 0.0010452 -0.00133369 -0.00095449 0.000282218 -0.00104548 -0.00226406 0.00352416 0.00445242 -0.00257378 -0.000203601 -0.00144319 -0.00286578
internal_weight=80000 22817 22729 57183 6750 1407 5343 5016 2017 554 282 901 431 141 2999 789 214 154 470 506 575 200 2210 265 290 180 327 1463 220 143
internal_count=80000 22817 22729 57183 6750 1407 5343 5016 2017 554 282 901 431 141 2999 789 214 154 470 506 575 200 2210 265 290 180 327 1463 220 143
is_linear=0
shrinkage=0.05


Tree=293
num_leaves=31
num_cat=0
split_feature=6 8 7 11 11 11 8 8 7 11 11 9 7 11 11 3 8 11 11 7 7 8 8 7 7 8 8 8 9 8
split_gain=0.0655188 0.2138 0.746308 1.4173 1.35741 0.678957 1.65981 0.817395 0.891461 0.773694 0.808208 0.591168 0.543552 0.44564 1.86632 0.430815 0.416276 0.370756 0.284465 0.205316 0.146434 0.297389 0.238583 0.282032 0.540217 0.354756 0.272836 0.190293 0.314757 0.245927
threshold=1.0000000180025095e-35 -1.4308743321889319 2.2964395847314942 101.79822050000001 101.79807250000002 101.79816050000001 -1.6739998374475167 -1.700120759500092 -0.19685454760700036 101.79820050000002 101.79824050000002 0.45124090117685461 1.7977807582637952 101.79804450000002 101.79795050000001 2.5000000000000004 -1.5186138395962998 101.79827250000001 101.79594050000001 1.3988536970896364 1.7977807582637952 -1.2989301874618209 -1.3237115750501616 2.8948301764927331 2.495903115318574 -1.3498324971027367 -1.4034138756721219 0.81887380049312564 0.45124090117685461 -1.3900185310297755
decision_type=2 2 2 2 2 2 2 2 2 2 2 2 2 2 2 2 2 2 2 2 2 2 2 2 2 2 2 2 2 2
left_child=1 2 5 4 15 7 -7 11 -9 -8 -11 -1 13 14 16 -4 -10 -12 -14 -19 27 22 23 24 25 26 -22 28 29 -3
right_child=-2 20 3 -5 -6 6 9 8 12 10 17 -13 18 -15 -16 -17 -18 19 -20 -21 21 -23 -24 -25 -26 -27 -28 -29 -30 -31
leaf_value=-0.0010217969417900079 -4.7380094205095964e-05 0.0019037198884428019 0.0047286570305673774 -0.0028208468852572448 0.012044655462585672 0.0093521829023835313 0.005941584790659149 -0.005806723602302083 0.0034153247603077525 -0.0063516348196070889 0.004226836884258435 -0.0085614121577346422 -0.0050185768531081087 0.0042844447969161096 -0.0073224666840275236 -0.00015820284620840128 8.2623018167454396e-05 0.00095746784509814222 -0.00073133493276842602 -0.0023039194338346433 -0.00011048822999992308 -0.0001260811831641226 -0.0043023841687368485 -0.0044278275265327406 0.0038024566344337265 0.0020003712980966879 -0.0043993590881109979 -5.4630276212747794e-05 0.00042886063361252739 -4.2562980063575167e-05
leaf_weight=51 38159 165 113 84 50 61 54 64 199 50 55 53 54 94 65 75 177 115 136 83 60 3283 67 51 60 52 97 19732 7050 9591
leaf_count=51 38159 165 113 84 50 61 54 64 199 50 55 53 54 94 65 75 177 115 136 83 60 3283 67 51 60 52 97 19732 7050 9591
internal_value=1.51758e-09 4.32136e-05 0.000604032 0.00276043 0.00473065 7.42206e-05 0.00173712 -0.000704264 -0.000154801 0.000433689 -0.000549552 -0.00486863 0.00034486 0.00116071 0.000494063 0.00278006 0.00184691 0.000599161 -0.00195181 -0.000410152 2.04351e-05 -0.000280635 -0.00159138 -0.0010226 -0.000375589 -0.00157627 -0.00276141 5.06764e-05 0.000174317 -9.62697e-06
internal_weight=80000 41841 1633 322 238 1311 418 893 789 357 303 104 725 535 441 188 376 253 190 198 40208 3670 387 320 269 209 157 36538 16806 9756
internal_count=80000 41841 1633 322 238 1311 418 893 789 357 303 104 725 535 441 188 376 253 190 198 40208 3670 387 320 269 209 157 36538 16806 9756
is_linear=0
shrinkage=0.05


Tree=294
num_leaves=31
num_cat=0
split_feature=6 10 5 10 11 10 10 11 11 10 11 11 11 10 6 10 10 10 10 11 5 10 10 11 11 11 11 11 10 10
split_gain=0.0591306 0.11079 0.139798 0.360675 0.403606 0.609797 0.479157 0.541014 0.437379 0.289143 0.141944 0.129965 0.120425 0.317528 0.167035 0.2784 0.267809 0.266189 0.542406 0.162058 0.213436 0.112818 0.104782 0.248805 0.482792 0.401269 0.460904 0.1917 0.166122 0.966921
threshold=1.0000000180025095e-35 3.0476125000000005 1.0000000180025095e-35 3.0470925000000002 101.79828050000002 3.0472355000000007 3.0474865000000002 101.79620350000002 101.79825650000002 3.0469165000000005 101.79826850000002 101.79604950000001 101.79830750000001 3.0478025000000004 1.5000000000000002 3.0479855000000007 3.0480695000000004 3.0480035000000005 3.0480695000000004 101.79829550000001 1.0000000180025095e-35 3.0479395000000005 3.0423185000000004 101.79795050000001 101.79807650000002 101.79828350000001 101.79841550000002 101.79771750000002 3.0451795000000006 3.0452535000000007
decision_type=2 2 2 2 2 2 2 2 2 2 2 2 2 2 2 2 2 2 2 2 2 2 2 2 2 2 2 2 2 2
left_child=-1 2 -2 9 5 8 7 -7 -5 22 -9 -11 19 -14 17 -16 -17 21 -19 -3 -21 -15 23 27 -25 -26 -27 -4 -24 -30
right_child=1 12 3 4 -6 6 -8 10 -10 11 -12 -13 13 14 15 16 -18 18 -20 20 -22 -23 28 24 25 26 -28 -29 29 -31
leaf_value=4.1052841431158628e-05 -2.5304743072616053e-05 0.00014002758427709947 -0.00052068389617790996 -0.0014769667485619294 -0.0042876021920370275 -0.0010812815016397945 -0.0016074141066349129 0.005646273731807064 -0.0067540049978836343 0.00048356388913528499 0.0023286241007473185 0.0029301369060141043 -0.0027921020753507554 -0.0013776217069353404 0.0021206316688729869 -0.0035519492590414779 0.00081283771488762356 0.0047188203439077151 -0.0017590665918912113 0.00060770433093610017 0.0040032400480210905 -0.0042820544490505185 6.814622307893123e-05 0.0037647640991069807 -0.0035392288306039681 0.0038753444582328871 -0.00056324591919230331 -0.0034550277341388342 -0.0061870117490302554 -0.00028315129284762808
leaf_weight=41841 22566 6837 101 107 100 100 211 58 62 116 73 102 124 101 174 56 94 52 85 191 61 50 3688 68 103 63 800 124 72 1820
leaf_count=41841 22566 6837 101 107 100 100 211 58 62 116 73 102 124 101 174 56 94 52 85 191 61 50 3688 68 103 63 800 124 72 1820
internal_value=1.41456e-09 -4.50111e-05 -8.82824e-05 -0.000271229 -0.00134452 -0.000862211 0.000114701 0.00168773 -0.00341577 -0.000163077 0.00380069 0.00162911 0.000122731 -0.000485978 -1.83448e-05 0.000760338 -0.000817964 -0.000894323 0.000701342 0.000185935 0.0014309 -0.00234155 -0.000220228 -0.000632232 -0.000304258 -0.00059105 -0.000238812 -0.00213865 -0.000127259 -0.000508138
internal_weight=80000 38159 30334 7768 711 611 442 231 169 7057 131 218 7825 736 612 324 150 288 137 7089 252 151 6839 1259 1034 966 863 225 5580 1892
internal_count=80000 38159 30334 7768 711 611 442 231 169 7057 131 218 7825 736 612 324 150 288 137 7089 252 151 6839 1259 1034 966 863 225 5580 1892
is_linear=0
shrinkage=0.05


Tree=295
num_leaves=31
num_cat=0
split_feature=6 7 10 10 10 10 6 11 10 10 11 11 10 11 7 11 7 7 11 6 10 1 10 11 10 10 7 4 6 11
split_gain=0.0533675 0.11192 0.179074 0.280917 0.676877 0.625588 0.50776 0.434503 0.343176 0.320537 0.279706 0.617271 0.572796 0.469295 0.999938 0.580278 0.399845 0.28445 0.228068 0.210278 0.326702 0.388686 0.16033 0.155657 0.195411 0.154867 0.187556 0.191997 0.263117 0.546699
threshold=1.0000000180025095e-35 0.70073134003485771 3.0418505000000002 3.0445965000000004 3.0447765000000007 3.0443835000000004 1.5000000000000002 101.79487550000002 3.0449595000000005 3.0442735000000005 101.79825650000002 101.79820850000002 3.0472715000000004 101.79815250000001 1.7977807582637952 101.79810850000001 1.1993901665025566 1.7977807582637952 101.79830350000002 2.5000000000000004 3.0416945000000006 2.5000000000000004 3.0468465000000005 101.79861650000001 3.0415335000000003 3.0476205000000003 0.40153604415423816 1.0000000180025095e-35 2.5000000000000004 101.79733550000002
decision_type=2 2 2 2 2 2 2 2 2 2 2 2 2 2 2 2 2 2 2 2 2 2 2 2 2 2 2 2 2 2
left_child=-1 23 19 5 6 9 -5 -7 -6 -4 11 13 -12 15 -15 -10 18 -18 -14 20 21 -3 -13 24 -2 -26 -27 28 29 -28
right_child=1 2 3 4 8 7 -8 -9 10 -11 12 22 16 14 -16 -17 17 -19 -20 -21 -22 -23 -24 -25 25 26 27 -29 -30 -31
leaf_value=3.9000203932525055e-05 -0.0025153365004068379 -0.0012720031699556226 0.00015930379382333049 -0.00095879496875449211 0.0025020258905308818 0.00042762110023736061 -0.0074635794557246504 0.0061698268206015162 -0.00049163754344074126 -0.0033550539803302581 -0.0067652945360610313 0.0039021463287295527 -0.00094622696229072615 -0.0043585591738817759 0.0034355085313306126 0.0026079989281088426 0.0027553280574325865 -0.0017415181570198995 -0.0056982425702229228 -0.0040788956325502777 -0.0026979937455700589 0.0039347286132052411 0.0010650837352862766 0.0011602239773403917 -6.6860612709725506e-05 0.0001372668935221439 5.0322040151615563e-05 -0.00060531169078613736 -0.00093910529884086956 0.0049095833565106963
leaf_weight=41841 78 91 1963 61 103 60 59 73 2034 67 50 94 51 183 53 163 81 62 50 59 123 59 106 283 25586 6167 107 103 64 126
leaf_count=41841 78 91 1963 61 103 60 59 73 2034 67 50 94 51 183 53 163 81 62 50 59 123 59 106 283 25586 6167 107 103 64 126
internal_value=5.94247e-10 -4.27621e-05 -0.000248268 -0.000177857 -0.000479125 0.000260885 -0.00416053 0.00358163 -0.000333194 4.31531e-05 -0.000433047 -0.000269684 -0.0018955 -0.000489212 -0.00260748 -0.000261561 -0.000895229 0.000805792 -0.00330202 -0.00137465 -0.000788942 0.000777235 0.00239979 -7.08211e-06 -1.73351e-05 -1.12673e-05 0.00020533 0.0012544 0.00189933 0.00267906
internal_weight=80000 38159 5645 5313 3150 2163 120 133 3030 2030 2927 2633 294 2433 236 2197 244 143 101 332 273 150 200 32514 32231 32153 6567 400 297 233
internal_count=80000 38159 5645 5313 3150 2163 120 133 3030 2030 2927 2633 294 2433 236 2197 244 143 101 332 273 150 200 32514 32231 32153 6567 400 297 233
is_linear=0
shrinkage=0.05


Tree=296
num_leaves=31
num_cat=0
split_feature=6 6 3 9 6 3 2 3 6 3 9 0 3 9 1 3 3 3 0 3 9 1 3 3 2 1 3 1 3 0
split_gain=0.0484602 0.112453 0.157137 0.128798 0.105706 0.171452 0.257738 0.16085 0.114771 0.196141 0.32224 0.159705 0.0834891 0.0693157 0.0637958 0.0459822 0.045265 0.0428126 0.0972347 0.0564622 0.0420035 0.0402873 0.0795485 0.0385899 0.193548 0.0775414 0.0397155 0.0403033 0.0370099 0.122184
threshold=2.5000000000000004 3.5000000000000004 5.5000000000000009 0.45124090117685461 1.5000000000000002 3.5000000000000004 1.0000000180025095e-35 1.5000000000000002 1.0000000180025095e-35 3.5000000000000004 0.45124090117685461 4.5000000000000009 1.5000000000000002 -1.117930881447166 1.5000000000000002 1.0000000180025095e-35 4.5000000000000009 1.5000000000000002 3.5000000000000004 1.0000000180025095e-35 -1.117930881447166 1.5000000000000002 5.5000000000000009 5.5000000000000009 1.0000000180025095e-35 1.0000000180025095e-35 1.0000000180025095e-35 2.5000000000000004 1.5000000000000002 4.5000000000000009
decision_type=2 2 2 2 2 2 2 2 2 2 2 2 2 2 2 2 2 2 2 2 2 2 2 2 2 2 2 2 2 2
left_child=4 2 3 17 8 6 7 -6 14 10 12 21 -10 -8 -1 -16 -13 18 -2 -20 -19 -11 -23 26 -25 -26 27 -3 29 -15
right_child=1 23 -4 -5 5 -7 13 -9 9 11 -12 16 -14 28 15 -17 -18 20 19 -21 -22 22 -24 24 25 -27 -28 -29 -30 -31
leaf_value=-3.8461300217008131e-05 -0.00024934354260227671 6.9856084362362111e-05 0.00042408244568628567 -0.00072353267008517684 0.00045127217025183066 -7.4563916243469683e-05 0.00054692940352245073 0.0017101951335546503 0.00015256403116695183 9.232779849263353e-05 -0.00060426112031741665 0.00015025935126706318 -0.00021247301371354497 -6.9257406817936724e-05 -7.8001986155781507e-05 0.00011522252749199343 0.00072597996422324939 3.797693521448277e-05 0.0015956524035421122 0.0001730989775294028 -0.00049167135084222176 1.376881845626827e-05 -0.00052387786375147449 -0.0017997738752460299 -0.00077993561054010409 0.00039255283091955214 0.00015745482990703138 -0.00060910872619846922 -0.00010450457731620725 0.00087133691267047599
leaf_weight=16764 562 538 689 1718 509 3896 1017 506 3100 3061 4047 513 3166 1043 3594 21483 1021 572 141 138 1083 2092 1025 166 190 546 4414 368 1522 516
leaf_count=16764 562 538 689 1718 509 3896 1017 506 3100 3061 4047 513 3166 1043 3594 21483 1021 572 141 138 1083 2092 1025 166 190 546 4414 368 1522 516
internal_value=-1.03378e-10 -9.6827e-05 -0.000275902 -0.000390358 1.56399e-05 0.000175315 0.000365716 0.00107898 -8.38925e-06 -0.000113866 -0.000256494 7.68661e-05 -3.18774e-05 0.000189032 3.70502e-05 8.75297e-05 0.00053347 -0.000161014 0.000129468 0.000892338 -0.000308623 -3.65156e-05 -0.000163043 4.42878e-05 -0.000258103 8.98076e-05 9.55617e-05 -0.000205963 7.08799e-05 0.000242098
internal_weight=80000 11125 4903 4214 68875 9009 5113 1015 59866 18025 10313 7712 6266 4098 41841 25077 1534 2496 841 279 1655 6178 3117 6222 902 736 5320 906 3081 1559
internal_count=80000 11125 4903 4214 68875 9009 5113 1015 59866 18025 10313 7712 6266 4098 41841 25077 1534 2496 841 279 1655 6178 3117 6222 902 736 5320 906 3081 1559
is_linear=0
shrinkage=0.05


Tree=297
num_leaves=31
num_cat=0
split_feature=8 9 7 6 6 9 8 7 8 7 10 10 10 8 5 7 8 8 8 7 10 8 7 8 10 8 8 7 10 7
split_gain=0.0659205 0.180416 0.365391 0.139765 0.130072 0.293037 0.390807 0.352969 0.63473 0.602474 0.344876 0.298616 0.204721 0.431055 0.764397 1.01709 0.844119 0.801047 0.747394 0.739989 0.61087 0.479248 0.416853 0.362991 0.234941 0.563432 0.327847 0.42053 0.326036 0.255033
threshold=0.71907848290764587 0.45124090117685461 1.6980489929702556 1.0000000180025095e-35 1.0000000180025095e-35 0.45124090117685461 0.066055431593264671 1.0000000180025095e-35 0.38285533238475428 -0.49604984348761971 3.0447035000000002 3.0480195000000005 3.0437895000000004 -0.25141423643034205 1.0000000180025095e-35 1.9972442888508748 -1.4730696678123223 -1.1107255952368555 -0.76579547069643916 0.60099957474131782 3.0440715000000007 -0.90845589113742709 1.7977807582637952 -0.010298032868109099 3.0434295000000007 -0.17506077196896827 -0.11478172107840999 1.8975125235573351 3.0421585000000007 1.498585462383176
decision_type=2 2 2 2 2 2 2 2 2 2 2 2 2 2 2 2 2 2 2 2 2 2 2 2 2 2 2 2 2 2
left_child=4 -2 3 -3 5 -1 11 8 9 -8 -11 12 24 14 16 17 -14 -16 -17 20 -15 -18 -21 -22 26 -26 27 29 -28 -7
right_child=1 2 -4 -5 -6 6 7 -9 -10 10 -12 -13 13 19 15 18 21 -19 -20 22 23 -23 -24 -25 25 -27 28 -29 -30 -31
leaf_value=-3.1149873035685922e-05 3.6691168867042791e-05 -0.00014916760632400225 -0.003046225533690417 -0.00085381763293056797 -2.7217770505029646e-05 0.00058766429232612165 0.00053109137852136033 0.00034766393844688239 0.0008092434512004705 0.0022150325555219705 0.0068966502900243689 0.0036236438952722315 0.0073739693330604501 0.0020673632217882028 -0.0025350416655146365 0.002164448556583575 -0.0004043021117929152 -0.00010317916744276761 -0.0018129041150737235 0.0039279062000385492 -0.0037735046152537963 0.0015891309274448054 -0.0015046298186288324 -0.00016219095315462279 0.00078069607369522364 0.0058043146105807245 -0.0043859361905379309 -0.00095672129082414287 -0.00010641489887968221 0.0024417050687914259
leaf_weight=11635 14950 8053 115 771 36030 1310 98 1007 608 58 123 62 51 70 640 476 491 719 157 90 319 781 58 89 359 66 71 408 119 216
leaf_count=11635 14950 8053 115 771 36030 1310 98 1007 608 58 123 62 51 70 640 476 491 719 157 90 319 781 58 89 359 66 71 408 119 216
internal_value=-1.66905e-11 -6.95599e-05 -0.000247258 -0.000210746 2.96149e-05 0.000131586 0.000355763 0.000988335 0.00171556 0.00368961 0.00539851 0.000172893 0.000139872 -8.59738e-05 0.000141274 -0.000477481 0.00107288 -0.00124853 0.00117783 -0.0012892 -0.00224567 0.000819682 0.00179936 -0.00298598 0.00048904 0.00156202 0.000274281 0.000469011 -0.00170707 0.00085024
internal_weight=80000 23889 8939 8824 56111 20081 8446 1894 887 279 181 6552 6490 3941 3315 1992 1323 1359 633 626 478 1272 148 408 2549 425 2124 1934 190 1526
internal_count=80000 23889 8939 8824 56111 20081 8446 1894 887 279 181 6552 6490 3941 3315 1992 1323 1359 633 626 478 1272 148 408 2549 425 2124 1934 190 1526
is_linear=0
shrinkage=0.05


Tree=298
num_leaves=31
num_cat=0
split_feature=8 9 5 8 8 8 8 8 8 8 8 8 7 8 8 8 8 8 7 7 8 8 8 7 8 8 7 8 7 7
split_gain=0.0635502 0.184636 0.146477 1.29985 1.76593 0.511607 1.17553 0.992284 0.507974 0.610893 0.507889 0.487317 0.46298 0.391335 0.377097 0.51616 0.414977 0.50761 0.525657 0.383079 0.307811 0.31835 0.402444 0.274399 0.222234 0.21614 0.355796 0.268828 0.227146 0.167627
threshold=-0.55749786150795455 -1.117930881447166 1.0000000180025095e-35 -0.80397220292712601 -1.1375162845215483 -0.79124662551689706 -1.1375162845215483 -1.416809220314468 -1.5186138395962998 -1.459674323169976 -0.90845589113742709 -0.89506054649508071 -0.8949769046617787 -1.6739998374475167 -1.416809220314468 -1.3371069196925081 -1.568176614772981 -1.6472091481628242 0.30180427886069844 1.1993901665025566 -0.96069773524257751 -0.98882795899150466 -1.0156186482761971 1.2991219317960965 -1.4878045469189034 -1.0444186392572414 -0.79524513936823904 -0.96069773524257751 -0.99470866995531859 -0.99470866995531859
decision_type=2 2 2 2 2 2 2 2 2 2 2 2 2 2 2 2 2 2 2 2 2 2 2 2 2 2 2 2 2 2
left_child=1 2 5 4 14 6 7 8 12 -10 20 25 13 -1 16 -16 17 18 -4 -20 21 22 -6 -12 -18 28 -27 -28 -8 -9
right_child=-2 -3 3 -5 10 -7 11 29 9 -11 23 -13 -14 -15 15 -17 24 -19 19 -21 -22 -23 -24 -25 -26 26 27 -29 -30 -31
leaf_value=-0.00085936409498130531 -3.1918988325453963e-05 0.00012698521296533192 0.0024917733162835576 -0.0023193187090669635 0.0025673650259380033 0.00070774565819776416 -0.0047331537743905226 0.0033581120784760723 -0.0076979267604283036 -0.00086547592080440299 -0.0010287849364577961 -0.00060575609240312057 -0.0023308594257858361 0.0052704685651420143 -0.0030124261104402311 -0.00031746756470730012 0.0025294955898973216 -0.0029519372807848996 -0.0037568954677204996 0.00070988862657736041 0.0057975529684088506 -0.00072241575903019938 0.007150804324551484 0.0025085398401598928 0.00035458552755449578 -0.0020520280716307647 -0.0069629718238549887 -0.0032328724467415152 -0.00089682757574627661 0.0012430650414463329
leaf_weight=52 52873 21762 165 495 254 634 52 125 63 68 117 275 122 52 248 626 230 162 89 104 114 54 59 103 240 142 111 86 149 374
leaf_count=52 52873 21762 165 495 254 634 52 125 63 68 117 275 122 52 248 626 230 162 89 104 114 54 59 103 240 142 111 86 149 374
internal_value=1.31892e-09 6.22168e-05 -0.0002005 2.62506e-05 0.000478977 -0.000501511 -0.000960334 0.000333691 -0.00167868 -0.00415468 0.00261811 -0.00231933 -0.000242279 0.00220767 -0.000325591 -0.00108243 0.000342607 -0.000630566 0.000420418 -0.0013508 0.00352816 0.00282184 0.00343334 0.000627714 0.00141921 -0.00319171 -0.00396205 -0.00533707 -0.00189117 0.00177345
internal_weight=80000 27127 5365 3060 2565 2305 1671 856 357 131 701 815 226 104 1864 874 990 520 358 193 481 367 313 220 470 540 339 197 201 499
internal_count=80000 27127 5365 3060 2565 2305 1671 856 357 131 701 815 226 104 1864 874 990 520 358 193 481 367 313 220 470 540 339 197 201 499
is_linear=0
shrinkage=0.05


Tree=299
num_leaves=31
num_cat=0
split_feature=3 1 3 3 1 5 3 5 0 5 1 5 2 3 0 3 3 3 0 2 3 0 3 3 1 3 0 0 3 0
split_gain=0.0320816 0.0424067 0.0344332 0.0265852 0.0697452 0.087232 0.0568883 0.0724561 0.0636762 0.0393995 0.0579487 0.0269728 0.146925 0.151363 0.132926 0.104811 0.0807617 0.109037 0.0454578 0.0313147 0.0623182 0.0236901 0.0181114 0.0247445 0.0144153 0.0230946 0.0132712 0.0126761 0.0121607 0.00810089
threshold=4.5000000000000009 2.5000000000000004 5.5000000000000009 1.5000000000000002 1.0000000180025095e-35 1.0000000180025095e-35 1.0000000180025095e-35 1.0000000180025095e-35 4.5000000000000009 1.0000000180025095e-35 1.5000000000000002 1.0000000180025095e-35 1.0000000180025095e-35 2.5000000000000004 1.5000000000000002 2.5000000000000004 3.5000000000000004 2.5000000000000004 2.5000000000000004 1.5000000000000002 3.5000000000000004 1.5000000000000002 2.5000000000000004 3.5000000000000004 1.5000000000000002 5.5000000000000009 2.5000000000000004 3.5000000000000004 1.0000000180025095e-35 3.5000000000000004
decision_type=2 2 2 2 2 2 2 2 2 2 2 2 2 2 2 2 2 2 2 2 2 2 2 2 2 2 2 2 2 2
left_child=3 24 -3 4 5 28 9 -8 26 -6 -11 12 13 -5 16 18 17 -13 -16 20 -17 -14 29 -24 -2 -26 -9 -25 -1 -23
right_child=1 2 -4 11 6 -7 7 8 -10 10 -12 14 21 -15 15 19 -18 -19 -20 -21 -22 22 23 27 25 -27 -28 -29 -30 -31
leaf_value=0.00013835322661767896 3.103467508508196e-05 0.0002317072630160926 3.6573350907245309e-05 0.00065504074170298567 -0.00018559001320575321 0.00049585460218817541 0.00016959389431483261 -0.00016959045719742497 0.00025946833470243347 0.00039297962456180088 -9.2617684661850839e-05 1.3259109078903975e-05 -0.00017858505048623559 3.5866921527405042e-05 -0.00010238776516472877 4.9604554504520603e-05 -0.00018479248296336022 0.00083699017595669693 -0.00053392155994646726 -1.1215845038719697e-05 -0.00057219173076752613 0.0001322625521329001 -0.00017074904365411319 -0.00012258760739699073 3.3396005470550537e-05 -0.00019208173508438706 -0.00041757573473124877 5.5962995696925901e-05 -6.3413514016781732e-05 -1.1059040539733429e-05
leaf_weight=1490 9070 4529 4514 1480 5978 1588 5966 1620 811 824 2414 796 4490 2963 819 795 804 811 2395 4855 817 1479 4425 1495 2297 2246 809 2966 1497 2957
leaf_count=1490 9070 4529 4514 1480 5978 1588 5966 1620 811 824 2414 796 4490 2963 819 795 804 811 2395 4855 817 1479 4425 1495 2297 2246 809 2966 1497 2957
internal_value=6.55684e-10 5.03744e-05 0.000134304 -1.99015e-05 2.17043e-05 0.000196431 -2.16889e-05 6.62229e-05 -0.000124119 -0.000109505 3.09645e-05 -4.77587e-05 -1.50979e-05 0.000242129 -0.000107869 -0.000190599 0.000224315 0.000428995 -0.000423964 -7.46163e-05 -0.000265553 -7.92612e-05 -4.57843e-05 -8.69752e-05 -5.37961e-06 -7.8079e-05 -0.000252198 -3.87548e-06 3.72347e-05 3.67275e-05
internal_weight=80000 22656 9043 57344 22997 4575 18422 9206 3240 9216 3238 34347 22255 4443 12092 9681 2411 1607 3214 6467 1612 17812 13322 8886 13613 4543 2429 4461 2987 4436
internal_count=80000 22656 9043 57344 22997 4575 18422 9206 3240 9216 3238 34347 22255 4443 12092 9681 2411 1607 3214 6467 1612 17812 13322 8886 13613 4543 2429 4461 2987 4436
is_linear=0
shrinkage=0.05


Tree=300
num_leaves=31
num_cat=0
split_feature=8 5 7 2 7 7 7 7 7 0 3 3 7 7 7 7 8 7 2 3 7 7 7 7 2 9 7 7 0 7
split_gain=0.0613901 0.236865 1.02941 0.490603 0.443057 0.304316 0.280842 0.257715 0.343513 0.446575 0.393022 0.629615 0.3913 0.307819 0.270984 0.249314 0.612935 0.495586 1.58939 0.289488 0.741834 0.611535 0.422659 1.08838 0.50262 0.369108 0.250537 0.18954 0.173019 0.220733
threshold=-1.6472091481628242 1.0000000180025095e-35 -0.097122782313460637 1.0000000180025095e-35 0.10234074827361882 -0.99470866995531859 -1.3936357311294776 -1.7925627923036365 -1.194172200542398 1.5000000000000002 2.5000000000000004 1.5000000000000002 -1.3936357311294776 -0.49604984348761971 -0.49604984348761971 1.0996584012090167 -1.6739998374475167 0.70073134003485771 1.5000000000000002 2.5000000000000004 1.7977807582637952 1.498585462383176 1.7977807582637952 1.5983172276767157 1.5000000000000002 0.45124090117685461 0.40153604415423816 -0.8949769046617787 3.5000000000000004 0.90019487062193726
decision_type=2 2 2 2 2 2 2 2 2 2 2 2 2 2 2 2 2 2 2 2 2 2 2 2 2 2 2 2 2 2
left_child=1 2 3 5 7 -1 -5 -3 12 -10 11 13 -9 -11 -12 16 17 18 26 22 21 -21 23 24 -17 -24 -6 -8 29 -19
right_child=-2 4 -4 6 15 -7 27 8 9 10 14 -13 -14 -15 -16 19 -18 28 -20 20 -22 -23 25 -25 -26 -27 -28 -29 -30 -31
leaf_value=0.00021876303337913785 -7.5756477593511435e-06 0.0047899484300036668 -0.0070968726840793242 0.00093053946459122202 0.0028739619997075459 0.0054116439304350804 -0.0041034602956329103 0.001149698541161509 -0.0015361934845824086 0.0044222332952572312 -0.001457300546840878 0.0080737909033197792 -0.0043858105468812855 -0.00020347975073827033 0.0027656874934341774 0.005317491773521036 -0.0047089092371346199 -0.0047341147795657334 -0.0023146854806149575 -0.0011670528119281489 -0.0040985946194935039 0.0050540508711970425 0.0015805280979692097 -0.0058813155928758498 -0.00035207185065916406 0.0067540194868092492 0.0072352886470402862 -0.0008778268795131309 0.00011397234268496555 -0.00091042122141138469
leaf_weight=54 77676 57 56 127 61 59 73 85 76 75 73 67 51 69 79 73 85 76 146 94 96 68 85 55 84 58 72 121 74 75
leaf_count=54 77676 57 56 127 61 59 73 85 76 75 73 67 51 69 79 73 85 76 146 94 96 68 85 55 84 58 72 121 74 75
internal_value=6.57327e-10 0.000253216 -0.000723256 0.000100592 0.000514131 0.00293248 -0.000896905 0.00158577 0.00126736 0.00194747 0.00267705 0.00407295 -0.000927815 0.00220714 0.000737917 -4.94111e-05 -0.000783965 -0.000121217 0.00128659 0.000656396 -0.000618031 0.00144578 0.00158251 0.0001652 0.0022858 0.00368212 0.00523864 -0.00209308 -0.0018667 -0.00283679
internal_weight=80000 2324 490 434 1834 113 321 632 575 439 363 211 136 144 152 1202 589 504 279 613 258 162 355 212 157 143 133 194 225 151
internal_count=80000 2324 490 434 1834 113 321 632 575 439 363 211 136 144 152 1202 589 504 279 613 258 162 355 212 157 143 133 194 225 151
is_linear=0
shrinkage=0.05


Tree=301
num_leaves=31
num_cat=0
split_feature=8 11 11 8 11 8 0 5 4 8 11 8 8 8 8 11 11 11 8 8 11 8 8 8 11 11 11 0 8 8
split_gain=0.0596265 0.108861 0.130132 0.274115 0.120586 0.358783 0.399377 0.442576 0.292855 0.732731 0.524428 0.245542 0.33204 0.234355 0.183746 0.258298 0.175583 0.188838 0.156639 0.187241 0.146844 0.607767 0.771287 0.18474 0.233292 0.127729 0.121182 0.397438 0.30184 0.43101
threshold=0.11963681016264981 101.79537150000002 101.79520250000002 0.013143820255996802 101.79602750000002 -0.39474442410344723 4.5000000000000009 1.0000000180025095e-35 1.0000000180025095e-35 -1.3237115750501616 101.79577550000002 -0.55749786150795455 -1.0712093285419342 -0.33982351106982756 -0.68944200623506535 101.79600650000002 101.79585750000001 101.79592050000001 -0.21189796973542055 0.039264742308572111 101.79609350000001 -1.4730696678123223 -0.85420474533592461 -0.032400351527980438 101.79604950000001 101.79583850000002 101.79620350000002 4.5000000000000009 -1.3237115750501616 -0.23801889178799587
decision_type=2 2 2 2 2 2 2 2 2 2 2 2 2 2 2 2 2 2 2 2 2 2 2 2 2 2 2 2 2 2
left_child=1 2 -1 -4 5 8 7 13 14 -10 11 12 -11 -7 15 -3 -16 -18 -8 -20 21 -6 -23 24 -24 -9 27 -22 -29 -30
right_child=-2 4 3 -5 20 6 18 25 9 10 -12 -13 -14 -15 16 -17 17 -19 19 -21 26 22 23 -25 -26 -27 -28 28 29 -31
leaf_value=-1.7683351570752924e-05 -4.6598904674453856e-05 8.7651729503818943e-05 -0.00041392555119888893 -0.0032982538418903674 0.0034921996759821696 -0.0037345369622267081 -0.00037884959405804679 0.002793435399057236 0.0072896921217992135 -0.0028279824074260488 0.0034386959565377768 -0.0027963625472770164 0.0016477149637441773 -0.00099942218005470251 0.0015725040358983223 0.0029056541561885488 -0.0022937667767710004 0.0010128565799452196 0.0024057815100727467 -0.00080894101282867007 -2.2501841170459588e-05 -0.0039409379631394504 0.0019692368243514834 0.0029211404693833282 -0.0014494575558809198 -0.00032752792456906712 2.9938995227191047e-05 0.0058304189194083034 -6.839679882376625e-05 0.0053022984064929543
leaf_weight=3229 36944 2457 1268 88 72 86 138 95 52 54 150 69 177 869 513 84 69 115 206 58 632 186 72 51 162 50 31820 50 132 52
leaf_count=3229 36944 2457 1268 88 72 86 138 95 52 54 150 69 177 869 513 84 69 115 206 58 632 186 72 51 162 50 31820 50 132 52
internal_value=1.42646e-09 3.99866e-05 -0.000190307 -0.000601339 6.74336e-05 0.000290306 -0.000362414 -0.000855281 0.000552444 0.00167602 0.00102585 -0.000181313 0.000600677 -0.00124609 0.000378205 0.00018092 0.00109731 -0.0002277 0.000986105 0.00169948 3.22739e-05 -0.000783144 -0.0014373 0.000197458 -0.00039716 0.00171776 4.58224e-05 0.000629367 0.00238923 0.00145146
internal_weight=80000 43056 4585 1356 38471 5242 1502 1100 3740 502 450 300 231 955 3238 2541 697 184 402 264 33229 543 471 285 234 145 32686 866 234 184
internal_count=80000 43056 4585 1356 38471 5242 1502 1100 3740 502 450 300 231 955 3238 2541 697 184 402 264 33229 543 471 285 234 145 32686 866 234 184
is_linear=0
shrinkage=0.05


Tree=302
num_leaves=31
num_cat=0
split_feature=6 6 4 11 11 11 11 11 11 11 9 11 11 11 11 10 10 10 10 10 6 11 11 4 10 10 11 11 10 10
split_gain=0.0502415 0.111725 0.141377 0.173435 0.411669 0.137831 0.12359 0.171401 0.233131 0.16799 0.120934 0.284669 0.222584 0.353748 0.179417 0.172549 0.668409 0.901796 0.447076 0.145145 0.099029 0.115361 0.457713 0.264293 0.218629 0.37363 0.158279 0.15605 0.120286 0.295725
threshold=2.5000000000000004 3.5000000000000004 1.0000000180025095e-35 101.79504950000002 101.79518050000001 101.79502750000002 101.79535050000001 101.79562450000002 101.79613750000001 101.79585750000001 0.45124090117685461 101.79535050000001 101.79596250000002 101.79618350000001 101.79634950000002 3.0477455000000004 3.0474505000000005 3.0471975000000007 3.0457925000000006 3.0466405000000005 1.5000000000000002 101.79802750000002 101.79808450000002 1.0000000180025095e-35 3.0447035000000002 3.0449595000000005 101.79774550000002 101.79804450000002 3.0475935000000005 3.0478395000000007
decision_type=2 2 2 2 2 2 2 2 2 2 2 2 2 2 2 2 2 2 2 2 2 2 2 2 2 2 2 2 2 2
left_child=20 2 3 -2 -5 -4 -7 -8 9 -9 11 -6 19 -14 -15 16 17 18 -12 -13 -1 26 23 24 27 -26 -22 -23 -24 -30
right_child=1 -3 5 4 10 6 7 8 -10 -11 15 12 13 14 -16 -17 -18 -19 -20 -21 21 22 28 -25 25 -27 -28 -29 29 -31
leaf_value=-7.3304364045050388e-06 0.0011988282807421969 4.2069176463314548e-05 -0.0021362366157003845 -0.004369927541846506 -0.0028482783833919164 0.0022540450488337835 -0.002210611664140967 0.00035432428133589012 4.4229994036151236e-05 0.0040292117782388271 -0.00048078105352509446 0.00069808120810493988 -0.0029950893452515936 0.0028147793139443661 -0.00017512500207563636 0.002055026022644455 -0.0065138767877322076 0.0056973809213629661 -0.0028592558325345029 0.0035855301215559549 0.00012320750129375847 0.0031905616199292049 5.3453105414426392e-05 3.0160635832333327e-05 0.0062707565987824886 0.00077366262098122298 -0.00069988426778074962 0.00042414899652221967 0.0032690091447884341 0.00021789596920654999
leaf_weight=59866 153 6222 63 68 95 73 73 58 1067 67 986 223 111 52 1358 51 51 53 247 54 4504 87 2908 146 81 50 671 123 104 335
leaf_count=59866 153 6222 63 68 95 73 73 58 1067 67 986 223 111 52 1358 51 51 53 247 54 4504 87 2908 146 81 50 671 123 104 335
internal_value=2.56194e-09 -9.85879e-05 -0.000277082 -0.000446898 -0.000522117 0.0001474 0.000255077 0.000139553 0.000283654 0.00232571 -0.000442239 -0.00018229 -4.12783e-05 -0.000278707 -6.46672e-05 -0.000796727 -0.000905653 -0.000682754 -0.000957441 0.00126207 1.59275e-05 0.000170478 0.000378343 0.00181038 0.00257235 0.00417482 1.64724e-05 0.00157121 0.000169929 0.000941291
internal_weight=80000 11125 4903 3502 3349 1401 1338 1265 1192 125 3281 1893 1798 1521 1410 1388 1337 1286 1233 277 68875 9009 3834 487 341 131 5175 210 3347 439
internal_count=80000 11125 4903 3502 3349 1401 1338 1265 1192 125 3281 1893 1798 1521 1410 1388 1337 1286 1233 277 68875 9009 3834 487 341 131 5175 210 3347 439
is_linear=0
shrinkage=0.05


Tree=303
num_leaves=31
num_cat=0
split_feature=8 6 9 11 11 10 11 6 10 10 8 8 8 8 5 8 10 10 10 10 6 10 8 8 5 8 8 8 10 8
split_gain=0.0553979 0.104432 0.209159 0.141426 0.0956349 0.237937 0.231437 0.273629 0.161091 0.202932 0.389653 0.199158 0.19122 0.385924 0.477346 0.497004 0.388815 0.302046 0.603467 0.318036 0.28101 0.226819 0.14596 0.150277 0.198292 0.1562 0.307884 0.141901 0.141134 0.298189
threshold=0.11963681016264981 3.5000000000000004 0.45124090117685461 101.79821650000001 101.79537150000002 3.0440345000000004 101.79526350000002 1.0000000180025095e-35 3.0443075000000004 3.0443835000000004 -0.64925597230802645 -1.5527719684342831 -0.40880953597791081 -1.0564744494353533 1.0000000180025095e-35 -1.2373116021070281 3.0447385000000007 3.0451425000000003 3.0448165000000005 3.0452895000000004 3.5000000000000004 3.0452175000000006 -0.010298032868109099 -0.13822357420251608 1.0000000180025095e-35 -1.2620929896953685 -0.96069773524257751 -0.68944200623506535 3.0451055000000005 -0.61174900730945692
decision_type=2 2 2 2 2 2 2 2 2 2 2 2 2 2 2 2 2 2 2 2 2 2 2 2 2 2 2 2 2 2
left_child=4 -2 -3 -4 5 6 -1 -8 11 10 -10 -7 13 14 15 16 -11 18 -16 -19 28 -17 23 24 -13 -26 -27 -22 29 -15
right_child=1 2 3 -5 -6 8 7 -9 9 12 -12 22 -14 20 17 21 -18 19 -20 -21 27 -23 -24 -25 25 26 -28 -29 -30 -31
leaf_value=-0.0034760355798447769 -3.2986406176361587e-05 -2.9418638969019987e-06 -0.0023869635986985796 0.00041029482828244796 6.427010852825006e-05 0.0032704316585866373 -0.0029272837836577721 0.00055948842316445402 -0.0037063921648671687 0.0026264329819620609 0.00082812063939343068 0.0012429713784844023 -0.00071100240603070805 0.00074229785732496888 -0.00056055632021418766 -0.0057244230047764641 -0.0017923415374888785 -0.00326926231015723 0.0030696424212074483 0.00012962611242391274 0.00152436619533928 -0.0016471144477294521 0.00276367304008291 -0.0022997271931584342 -0.0023788376776972125 0.0027676561698266569 -0.0012933465075591836 0.0051609902287612182 0.0012393574448119719 -0.0017331795233670297
leaf_weight=99 36215 467 204 58 38471 63 85 166 112 69 82 309 979 427 264 93 178 103 202 207 58 54 57 58 85 73 129 50 413 170
leaf_count=99 36215 467 204 58 38471 63 85 166 112 69 82 309 979 427 264 93 178 103 202 207 58 54 57 58 85 73 129 50 413 170
internal_value=3.17148e-09 -4.49144e-05 -0.000637382 -0.0017678 3.85445e-05 -0.000177306 -0.00143004 -0.000621987 -7.37434e-05 -0.000219576 -0.0017903 0.000578302 -0.000126252 0.000123974 -0.000510782 -0.00192789 -0.000557384 0.000208886 0.00101337 -0.00100037 0.00078824 -0.00422877 0.000339333 0.000127647 0.000364214 -0.000582008 0.000174887 0.00321121 0.000528859 3.72158e-05
internal_weight=80000 36944 729 262 43056 4585 350 251 4235 3461 194 774 3267 2288 1170 394 247 776 466 310 1118 147 711 654 596 287 202 108 1010 597
internal_count=80000 36944 729 262 43056 4585 350 251 4235 3461 194 774 3267 2288 1170 394 247 776 466 310 1118 147 711 654 596 287 202 108 1010 597
is_linear=0
shrinkage=0.05


Tree=304
num_leaves=31
num_cat=0
split_feature=8 10 10 10 3 10 10 10 10 10 10 5 10 10 3 11 11 3 11 10 10 10 10 11 5 8 11 8 11 8
split_gain=0.051861 0.439225 0.716102 0.339348 0.273127 0.79011 1.01789 1.20576 0.435292 1.71377 0.659019 0.517021 0.561049 0.848357 0.500966 0.740987 0.408713 0.386185 1.68318 0.81682 0.382176 0.277176 0.244774 0.394211 0.0792042 0.307684 0.997021 0.341494 0.446392 0.285275
threshold=-1.6472091481628242 3.0480195000000005 3.0479215000000006 3.0417195000000006 1.0000000180025095e-35 3.0436095000000005 3.0461395000000002 3.0449595000000005 3.0442735000000005 3.0439065000000003 3.0446335000000002 1.0000000180025095e-35 3.0460385000000003 3.0473465000000002 2.5000000000000004 101.79695750000002 101.79760550000002 1.5000000000000002 101.79813650000001 3.0455775000000007 3.0420605000000003 3.0427425000000006 3.0421855000000004 101.79760550000002 1.0000000180025095e-35 -1.6043440453073161 101.79806850000001 -1.5527719684342831 101.79803250000002 -1.3900185310297755
decision_type=2 2 2 2 2 2 2 2 2 2 2 2 2 2 2 2 2 2 2 2 2 2 2 2 2 2 2 2 2 2
left_child=1 2 3 -1 5 21 7 -7 9 14 -10 12 -12 -14 22 -16 -8 18 -13 -19 -17 -5 -6 -24 25 26 -2 28 -27 -29
right_child=24 -3 -4 4 8 6 16 -9 10 -11 11 17 13 -15 15 20 -18 19 -20 -21 -22 -23 23 -25 -26 27 -28 29 -30 -31
leaf_value=-0.0029572809567124177 0.00076640319068727535 0.0040742572078990907 -0.0040681100843016687 -0.0017663443138115041 0.0054488399632689824 -0.00094335317312877929 -0.00017334657392617983 0.0084004755698283279 -0.0044046225599606824 0.0090543968359377818 0.0022446322026339481 7.4507834366037331e-05 -0.0077950111045480344 3.8571955856883262e-05 -0.0051855223614752583 -0.0028965192995001453 -0.0052927523970909222 0.0039750667807381427 0.010539695171537598 -0.00065757737203926323 0.0019249077749583917 -0.0066780465788876383 0.0039835586419061332 -0.00028925898740446893 -9.7828109017216803e-05 -2.9256782615933545e-05 -0.0078239302562492508 -0.00081415367322179967 0.0041773212184885887 3.3410231132197407e-05
leaf_weight=77 96 72 98 57 52 68 111 70 76 71 59 139 64 75 68 54 60 122 53 431 171 58 98 120 18324 141 52 1010 114 57939
leaf_count=77 96 72 98 57 52 68 111 70 76 71 59 139 64 75 68 54 60 122 53 431 171 58 98 120 18324 141 52 1010 114 57939
internal_value=2.54354e-09 0.000232737 0.000109742 0.000300001 0.000420894 -0.000711094 0.000605881 0.00379892 0.000711278 0.00173981 7.12378e-05 0.000432393 -0.00183799 -0.00357127 0.000815925 -0.000615776 -0.00197167 0.00103596 0.00296732 0.000364987 0.000766993 -0.0042472 0.00236924 0.00163249 -6.96097e-06 2.1093e-05 -0.00225507 2.67868e-05 0.00185223 1.88872e-05
internal_weight=80000 2324 2252 2154 2077 424 309 138 1653 634 1019 943 198 139 563 293 171 745 192 553 225 115 270 218 77676 59352 148 59204 255 58949
internal_count=80000 2324 2252 2154 2077 424 309 138 1653 634 1019 943 198 139 563 293 171 745 192 553 225 115 270 218 77676 59352 148 59204 255 58949
is_linear=0
shrinkage=0.05


Tree=305
num_leaves=31
num_cat=0
split_feature=8 5 1 8 8 8 7 6 7 3 8 2 3 8 1 7 7 8 8 7 7 1 7 7 2 8 7 1 1 8
split_gain=0.0541684 0.12925 0.545694 1.24985 0.449954 0.279486 0.267092 0.23223 0.163912 0.154172 0.14699 0.23079 0.187195 0.235562 0.178675 0.170371 0.140742 0.198725 0.184237 0.136141 0.128234 0.130887 0.3059 0.127907 0.121665 0.434149 0.288707 0.374446 0.246209 0.189051
threshold=-0.67604666159271909 1.0000000180025095e-35 3.5000000000000004 -0.21189796973542055 -0.16233519455873927 -0.44832580267283234 0.20207251356715863 2.5000000000000004 -0.097122782313460637 1.5000000000000002 0.29712512667373797 1.5000000000000002 2.5000000000000004 0.61325526023311017 1.0000000180025095e-35 2.1967078194379543 0.70073134003485771 0.013143820255996802 0.61325526023311017 0.60099957474131782 2.1967078194379543 2.5000000000000004 1.1993901665025566 1.6980489929702556 1.5000000000000002 0.039264742308572111 -1.6928310270100968 3.5000000000000004 1.0000000180025095e-35 0.18460423167802922
decision_type=2 2 2 2 2 2 2 2 2 2 2 2 2 2 2 2 2 2 2 2 2 2 2 2 2 2 2 2 2 2
left_child=-1 24 4 5 6 19 7 -3 -6 -7 14 12 13 -12 -10 -16 -5 -18 -19 -4 21 -13 -23 -11 26 28 27 -2 -26 -28
right_child=1 2 3 16 8 9 -8 -9 10 23 11 20 -14 -15 15 -17 17 18 -20 -21 -22 22 -24 -25 25 -27 29 -29 -30 -31
leaf_value=6.2151558527904775e-05 0.00030309248145699789 -0.0013713736794738417 -0.00054568806983259957 -0.0026394204452549509 -0.0026467945756299422 0.0017336824093269279 -0.00076643864363163609 -0.004656255161154357 -0.00058236934861985955 0.0054029271726121694 0.001432869819852493 0.00022801097535582948 -0.0035880084435184292 -0.0027783974910504739 0.0013884365053722276 -0.00066276123016838651 0.0016230503522070947 -0.001820043673619019 0.00044358340731369243 0.0017723124926250476 0.0010857764249752519 0.0009207880065965154 -0.0025825893067207939 0.0025176417186197793 -1.6304902972942032e-05 -4.779478445243071e-05 -0.00030076222520406871 -0.0048685245911478381 0.00059207394082254339 2.8797229859719246e-05
leaf_weight=24377 68 153 77 107 55 86 2428 83 238 105 70 503 83 63 550 124 81 277 133 356 239 105 153 61 2480 22178 6506 72 5048 13141
leaf_count=24377 68 153 77 107 55 86 2428 83 238 105 70 503 83 63 550 124 81 277 133 356 239 105 153 61 2480 22178 6506 72 5048 13141
internal_value=2.59372e-09 -2.72345e-05 -0.000243803 0.000673095 -0.000486515 0.00213107 -0.000922594 -0.00252813 4.56669e-05 0.00345476 0.000115377 -0.000244498 -0.00172622 -0.00056253 0.000595185 0.00101102 -0.000997067 -0.000638696 -0.00108582 0.00136007 7.56943e-05 -0.000241634 -0.00115699 0.00434483 -4.10738e-07 6.35699e-05 -9.6464e-05 -0.00235817 0.000391654 -8.03356e-05
internal_weight=80000 55623 6130 1283 4847 685 2664 236 2183 252 2128 1216 216 133 912 674 598 491 410 433 1000 761 258 166 49493 29706 19787 140 7528 19647
internal_count=80000 55623 6130 1283 4847 685 2664 236 2183 252 2128 1216 216 133 912 674 598 491 410 433 1000 761 258 166 49493 29706 19787 140 7528 19647
is_linear=0
shrinkage=0.05


Tree=306
num_leaves=31
num_cat=0
split_feature=6 7 6 11 10 10 10 10 11 10 10 11 10 10 7 11 11 7 10 7 11 11 10 4 11 11 11 11 7 10
split_gain=0.048349 0.114914 0.170951 0.53274 0.414338 0.345754 0.255984 1.2916 0.525789 0.498606 0.653189 0.461875 0.357069 0.295177 0.234633 1.04807 0.932151 0.422134 0.333212 0.309964 0.210256 0.215029 0.198239 0.177256 0.391945 0.181171 0.530209 0.274124 0.158466 0.152939
threshold=1.0000000180025095e-35 0.20207251356715863 1.5000000000000002 101.79856450000001 3.0480115000000003 3.0480455000000002 3.0446675000000005 3.0443835000000004 101.79803650000001 3.0455025000000004 3.0451795000000006 101.79807250000002 3.0449245000000005 3.0456835000000004 1.0996584012090167 101.79828350000001 101.79820850000002 1.3988536970896364 3.0463955000000005 1.498585462383176 101.79845450000002 101.79852950000001 3.0442375000000004 1.0000000180025095e-35 101.79797650000002 101.79687950000002 101.79744750000002 101.79661050000001 0.99992663591547692 3.0415335000000003
decision_type=2 2 2 2 2 2 2 2 2 2 2 2 2 2 2 2 2 2 2 2 2 2 2 2 2 2 2 2 2 2
left_child=-1 -2 4 20 6 -6 7 22 -9 10 11 12 28 -11 15 18 17 -16 -15 -18 -4 -22 23 25 -25 27 -27 -3 -8 -5
right_child=1 2 3 29 5 -7 9 8 -10 13 -12 -13 -14 14 16 -17 19 -19 -20 -21 21 -23 -24 24 -26 26 -28 -29 -30 -31
leaf_value=3.7122465180622342e-05 8.0826436187266941e-06 -0.00090194075454909112 4.0071893896480318e-05 -0.00076138812783420264 0.0050281579897213796 0.00028032298987640101 -0.0022999477669989753 0.002112138552690324 0.0082201737438931978 0.0023449339259092477 -0.0051128984979812277 0.0025887847165187356 0.00030646257503039572 -0.0025127632756932468 0.00098447294389624428 -0.0074427382737074213 0.0011494704410296051 -0.0018092130775675685 -0.00027621527648060659 0.0062081661395790595 0.0031646238035537423 -0.00033446887180357826 -0.0032659298685549284 0.003413596324989816 -0.00068694433577344734 0.0031526839050489384 -0.00058615282870108621 -0.0044292044740785966 -0.0061611305016507495 -0.0041631725832016291
leaf_weight=41841 28994 331 4389 51 61 103 57 98 55 85 148 68 80 211 212 62 54 373 789 69 110 73 61 94 153 104 1064 66 50 94
leaf_count=41841 28994 331 4389 51 61 103 57 98 55 85 148 68 80 211 212 62 54 373 789 69 110 73 61 94 153 104 1064 66 50 94
internal_value=1.81734e-09 -4.07006e-05 -0.000195028 1.46686e-05 -0.000417401 0.00204827 -0.000511838 -0.000103796 0.00431177 -0.000877934 -0.00247178 -0.000937498 -0.00222048 -0.000531554 -0.000669815 -0.00113982 3.52492e-05 -0.000796805 -0.000748331 0.00399001 0.000109327 0.00176939 -0.000464702 -0.000370225 0.000874335 -0.000566695 -0.000253001 -0.0014893 -0.00410831 -0.00296803
internal_weight=80000 38159 9165 4717 4448 164 4284 2026 153 2258 403 255 187 1855 1770 1062 708 585 1000 123 4572 183 1873 1812 247 1565 1168 397 107 145
internal_count=80000 38159 9165 4717 4448 164 4284 2026 153 2258 403 255 187 1855 1770 1062 708 585 1000 123 4572 183 1873 1812 247 1565 1168 397 107 145
is_linear=0
shrinkage=0.05


Tree=307
num_leaves=31
num_cat=0
split_feature=8 3 0 0 0 6 6 8 0 3 3 8 3 0 0 5 3 8 8 8 0 0 5 3 8 8 8 8 8 8
split_gain=0.0531568 0.144362 0.184905 0.647857 0.124984 0.125977 0.120682 0.146932 0.190771 1.28468 0.67582 0.158259 0.418136 0.366372 0.686576 0.299876 0.365201 0.830263 0.206847 0.137515 0.197123 0.253355 0.344784 0.42307 0.496721 0.187626 0.150645 0.491113 0.176264 0.180309
threshold=0.71907848290764587 4.5000000000000009 2.5000000000000004 3.5000000000000004 4.5000000000000009 1.0000000180025095e-35 1.0000000180025095e-35 -1.6043440453073161 3.5000000000000004 2.5000000000000004 2.5000000000000004 -0.010298032868109099 2.5000000000000004 2.5000000000000004 3.5000000000000004 1.0000000180025095e-35 1.0000000180025095e-35 0.38285533238475428 0.23952514471164901 -0.23801889178799587 3.5000000000000004 2.5000000000000004 1.0000000180025095e-35 4.5000000000000009 -0.17506077196896827 -0.16233519455873927 -0.97476284711704109 -0.98882795899150466 -1.0022233036338508 -1.124120939879202
decision_type=2 2 2 2 2 2 2 2 2 2 2 2 2 2 2 2 2 2 2 2 2 2 2 2 2 2 2 2 2 2
left_child=6 2 -2 -4 -3 -6 7 8 10 -10 -1 19 13 -13 15 16 18 -18 -15 26 21 -21 23 24 -23 -25 27 28 29 -9
right_child=1 4 3 -5 5 -7 -8 11 9 -11 -12 12 -14 14 -16 -17 17 -19 -20 20 -22 22 -24 25 -26 -27 -28 -29 -30 -31
leaf_value=-0.0013318060994045539 4.3834016640716482e-05 0.00017471768237786237 -0.0010895310698970909 -6.0437609198137944e-05 -0.00015331515830701106 -0.0016109731874528084 -2.8147493441999432e-05 6.5331710576507087e-05 0.0066690382182094197 -0.0033304783439886878 0.0036387544651050579 -9.0138857898964999e-05 -0.00010324171056193206 0.0037018969264826489 0.00015527075906199671 0.00037732208493510911 0.0065772955678754606 0.0018301183695338297 0.0002602928620413345 -0.00027808078287343458 0.00023989590835830668 -0.0081404715411631627 0.0013563873842469931 0.0019773290905522292 -0.0023916421139267971 -0.0018499675873671487 0.00024345329307333942 -0.003500441090390802 0.0019838482406583742 -0.00064980972948577062
leaf_weight=203 6100 7801 2047 6047 1732 162 36030 4551 79 54 103 645 2187 61 641 148 159 219 153 962 907 53 71 52 129 83 7318 104 106 1093
leaf_count=203 6100 7801 2047 6047 1732 162 36030 4551 79 54 103 645 2187 61 641 148 159 219 153 962 907 53 71 52 129 83 7318 104 106 1093
internal_value=1.62084e-09 -6.24622e-05 -0.000164044 -0.000320709 8.62595e-05 -0.000278072 2.65954e-05 0.000124816 0.0010294 0.00260963 0.000341933 0.000104594 0.000376193 0.000893707 0.00135319 0.00239068 0.00289388 0.00382816 0.00124258 3.04298e-05 -0.00033017 -0.000713159 -0.00179153 -0.00249679 -0.0040693 -0.000375377 9.22199e-05 -9.68356e-05 -3.5215e-05 -7.31695e-05
internal_weight=80000 23889 14194 8094 9695 1894 56111 20081 439 133 306 19642 4213 2026 1381 740 592 378 214 15429 2257 1350 388 317 182 135 13172 5854 5750 5644
internal_count=80000 23889 14194 8094 9695 1894 56111 20081 439 133 306 19642 4213 2026 1381 740 592 378 214 15429 2257 1350 388 317 182 135 13172 5854 5750 5644
is_linear=0
shrinkage=0.05


Tree=308
num_leaves=31
num_cat=0
split_feature=8 10 10 5 7 8 9 7 8 8 2 8 3 8 7 2 7 2 8 8 8 8 10 10 10 3 8 8 8 10
split_gain=0.0523632 0.217275 0.206775 0.166292 0.531624 0.349183 0.456656 0.20005 0.191494 0.305043 0.150437 0.28135 0.190146 0.206784 0.149049 0.147899 0.465001 0.265227 0.889356 0.292303 0.290247 0.284427 0.756703 0.448476 0.501134 0.213404 0.183658 0.391873 0.152484 0.209203
threshold=-0.73900478141174653 3.0415105000000007 3.0480935000000007 1.0000000180025095e-35 0.80046310532839737 -0.6358606276656803 0.45124090117685461 -0.39631807819407994 0.27033443738904556 0.39692044425921785 1.5000000000000002 -0.58495831802476439 1.5000000000000002 -0.33982351106982756 0.40153604415423816 1.0000000180025095e-35 1.9972442888508748 1.5000000000000002 -0.27686539125079995 -0.032400351527980438 -0.36728396758663745 -0.62447458471968587 3.0443435000000005 3.0419265000000002 3.0424255000000007 1.0000000180025095e-35 -0.11478172107840999 0.039264742308572111 -0.5708932061503007 3.0429535000000003
decision_type=2 2 2 2 2 2 2 2 2 2 2 2 2 2 2 2 2 2 2 2 2 2 2 2 2 2 2 2 2 2
left_child=1 -1 -3 -2 5 6 -5 -7 10 -10 12 -12 -9 14 -14 16 -6 18 20 21 -17 22 23 -19 -25 -18 -20 -28 29 -23
right_child=3 2 -4 4 15 7 -8 8 9 -11 11 -13 13 -15 -16 17 25 19 26 -21 -22 28 -24 24 -26 -27 27 -29 -30 -31
leaf_value=0.0025422989629170986 5.6431974273850812e-06 4.6604236898603466e-05 0.0029592160691862316 -0.0012730908086727021 0.00016805658520899986 -0.0028001586956150357 -0.0058055768096561761 -0.00076837732181941768 -0.0047963690282641983 -0.00081745476142170152 0.0024216254337701103 -0.0011208049989362195 -0.0019901804302999387 0.0031335639227096689 0.0016889675817972146 0.0017903317685409607 0.00050201883402699527 -0.0018921667257470985 -0.0031591224332857778 0.00048623604190304161 0.0056442883891671507 -0.0036810735802385039 -0.0021498313890683132 0.0067993566368204795 0.001618611864535962 -0.0030048060532421703 0.0035537693669451748 -0.00091699303237115074 -0.00062564917082910871 -0.00074641261634977234
leaf_weight=88 50433 22668 61 168 606 108 83 154 62 215 63 502 50 104 61 507 54 67 67 1231 54 105 182 58 238 220 56 388 1203 144
leaf_count=88 50433 22668 61 168 606 108 83 154 62 215 63 502 50 104 61 507 54 67 67 1231 54 105 182 58 238 220 56 388 1203 144
internal_value=1.83134e-09 6.40403e-05 5.44341e-05 -2.55507e-05 -0.000258614 -0.00106458 -0.0027736 -0.00073918 -0.000555161 -0.00170945 -0.000212682 -0.00072545 0.000572433 0.00153274 3.13941e-05 -1.4318e-05 -0.000604863 0.000106549 0.000787928 -0.000119751 0.00216224 -0.000493301 0.000480619 0.0017997 0.00263571 -0.00231375 -0.000720985 -0.00035244 -0.000858865 -0.0019849
internal_weight=80000 22817 22729 57183 6750 1570 251 1319 1211 277 934 565 369 215 111 5180 880 4300 1072 3228 561 1997 545 363 296 274 511 444 1452 249
internal_count=80000 22817 22729 57183 6750 1570 251 1319 1211 277 934 565 369 215 111 5180 880 4300 1072 3228 561 1997 545 363 296 274 511 444 1452 249
is_linear=0
shrinkage=0.05


Tree=309
num_leaves=31
num_cat=0
split_feature=7 11 7 11 11 0 11 1 11 7 7 11 7 7 1 7 7 11 11 7 7 11 7 7 2 11 11 11 7 7
split_gain=0.0396913 0.0831401 0.0702766 0.0574876 0.203998 0.2803 0.165924 0.165141 0.262717 0.477287 0.443116 0.147927 0.119744 0.265464 0.243989 0.152411 0.128377 0.112286 0.175905 0.15871 0.699507 0.239202 0.111086 0.108243 0.159886 0.123594 0.200879 0.163216 0.264112 0.154596
threshold=0.10234074827361882 101.79862550000001 0.70073134003485771 101.79806450000001 101.79811250000002 4.5000000000000009 101.79804450000002 1.5000000000000002 101.79804850000001 1.2991219317960965 0.50126780944777805 101.79804050000001 1.5983172276767157 2.0969760541444149 1.5000000000000002 2.6953666459056533 2.2964395847314942 101.79810850000001 101.79810050000002 0.60099957474131782 0.70073134003485771 101.79808050000001 0.90019487062193726 0.30180427886069844 1.5000000000000002 101.79815250000001 101.79814850000001 101.79815650000002 1.1993901665025566 1.5983172276767157
decision_type=2 2 2 2 2 2 2 2 2 2 2 2 2 2 2 2 2 2 2 2 2 2 2 2 2 2 2 2 2 2
left_child=-1 3 -3 6 5 12 11 -8 -9 10 -10 -2 17 14 -14 16 -15 18 19 21 -21 -5 -13 24 -6 26 29 28 -27 -25
right_child=1 2 -4 4 23 -7 7 8 9 -11 -12 22 13 15 -16 -17 -18 -19 -20 20 -22 -23 -24 25 -26 27 -28 -29 -30 -31
leaf_value=2.6990182258547048e-05 3.6681978044746945e-07 -2.7923614174173623e-05 -0.0020946273062011161 -0.0021060988329086794 -0.00097356277283222592 -0.0036393927417812514 -0.00018057471686252488 0.0040479977015440037 0.0016202672408674916 0.0039639243736058058 -0.0030563297914341096 -0.00028595753603449938 -0.00056951022328698879 -0.00081738705343073297 -0.0044618152781364896 -0.0022703289377357847 0.0024292553192423044 0.0015239092326682204 -0.0018381510234357244 0.0059103791160502964 -0.00022736581594842307 0.00041377309018202194 -0.0030758040499013258 0.00073864031162156432 -2.1465171742843171e-05 0.00026822320178742542 0.002711737953341461 -8.9754398216772791e-06 -0.0046306989299369971 -0.00077447727943884661
leaf_weight=50402 17393 75 91 182 721 76 245 79 111 84 93 75 71 55 93 51 68 82 174 54 327 195 68 612 1135 61 98 6946 50 233
leaf_count=50402 17393 75 91 182 721 76 245 79 111 84 93 75 71 55 93 51 68 82 174 54 327 195 68 612 1135 61 98 6946 50 233
internal_value=1.60484e-09 -4.59568e-05 -0.00116145 -3.96613e-05 -0.00012828 -0.000686778 1.54404e-05 0.000824655 0.00149559 0.000794285 -0.000512164 -1.28054e-05 -0.000520545 -0.00133542 -0.00277811 2.51606e-05 0.00097802 -0.000248814 -0.00040493 -7.57332e-05 0.000643873 -0.000802953 -0.00161382 -4.73557e-05 -0.000391359 3.24569e-05 0.000570048 -3.93864e-05 -0.00194068 0.000321372
internal_weight=80000 29598 166 29432 11284 1428 18148 612 367 288 204 17536 1352 338 164 174 123 1014 932 758 381 377 143 9856 1856 8000 943 7057 111 845
internal_count=80000 29598 166 29432 11284 1428 18148 612 367 288 204 17536 1352 338 164 174 123 1014 932 758 381 377 143 9856 1856 8000 943 7057 111 845
is_linear=0
shrinkage=0.05


Tree=310
num_leaves=31
num_cat=0
split_feature=8 11 11 3 11 10 8 11 8 11 8 11 8 8 8 5 8 11 8 3 5 8 8 10 3 8 3 3 8 5
split_gain=0.0497293 0.172776 0.194494 0.256804 0.398623 0.263784 0.496095 0.203957 0.355799 0.210955 0.261568 0.254594 0.16889 0.164652 0.197883 0.998031 0.227516 0.398946 0.339598 0.432786 0.244436 0.333163 0.328511 0.231684 0.34032 0.203294 0.192052 0.180558 0.327882 0.149976
threshold=-0.55749786150795455 101.79846450000001 101.79839650000001 1.5000000000000002 101.79842450000001 3.0423185000000004 -1.2620929896953685 101.79837750000002 -1.3900185310297755 101.79834950000001 -1.3625580745129657 101.79833550000002 -1.0156186482761971 -0.61174900730945692 -0.85420474533592461 1.0000000180025095e-35 -1.3900185310297755 101.79849150000001 -1.6043440453073161 2.5000000000000004 1.0000000180025095e-35 -0.94864192506446587 -1.0444186392572414 3.0418505000000002 1.5000000000000002 -1.0564744494353533 1.5000000000000002 3.5000000000000004 -1.3371069196925081 1.0000000180025095e-35
decision_type=2 2 2 2 2 2 2 2 2 2 2 2 2 2 2 2 2 2 2 2 2 2 2 2 2 2 2 2 2 2
left_child=1 2 7 4 -4 6 -5 9 -9 11 -11 -1 -8 14 16 -16 17 -3 19 -19 21 22 -18 24 -20 27 -17 28 -22 -12
right_child=-2 13 3 5 -6 -7 12 8 -10 10 29 -13 -14 -15 15 26 20 18 23 -21 25 -23 -24 -25 -26 -27 -28 -29 -30 -31
leaf_value=3.3791227377377501e-05 -2.82356914647372e-05 0.0048707619132600877 -0.0018712837160159076 -0.0047592923682119306 0.0023052397259818234 0.0010595697331269934 0.0011248581157332885 -0.0019179215878266803 0.0030065210702381407 -0.0038620757521265789 -0.0017305009371380302 0.0019002530383543576 -0.0017417579538144001 -0.0016294829095612933 -0.00077348673628950678 0.0069887377653742441 0.00063615393541537014 0.0011742546425377314 -0.00010636692935683529 -0.0042052035207286731 0.0025424213790390176 -0.0018484290973328366 0.0044163168455705389 -0.0010102826278771124 0.0045328225134446181 0.00079935819487024831 0.003339033336702454 -0.0039653707599952423 -0.0019063560933474675 0.0010216162018148419
leaf_weight=24111 52873 66 100 119 133 79 77 50 137 75 102 184 154 83 185 56 235 86 63 66 52 93 76 52 106 123 102 64 202 96
leaf_count=24111 52873 66 100 119 133 79 77 50 137 75 102 184 154 83 185 56 235 86 63 66 52 93 76 52 106 123 102 64 202 96
internal_value=1.06039e-09 5.5037e-05 2.23059e-05 -0.00082342 0.000512707 -0.00154905 -0.00213799 4.49256e-05 0.0016895 3.2401e-05 -0.0013495 4.79348e-05 -0.000786146 0.000541513 0.000652358 0.00171906 0.000367293 0.00129055 0.000655922 -0.00116279 -0.000112461 0.000775929 0.00156105 0.00190676 0.00280438 -0.000926306 0.0046362 -0.00159382 -0.000994941 -0.000396299
internal_weight=80000 27127 25417 662 233 429 350 24755 187 24568 273 24295 231 1710 1627 343 1284 439 373 152 845 404 311 221 169 441 158 318 254 198
internal_count=80000 27127 25417 662 233 429 350 24755 187 24568 273 24295 231 1710 1627 343 1284 439 373 152 845 404 311 221 169 441 158 318 254 198
is_linear=0
shrinkage=0.05


Tree=311
num_leaves=31
num_cat=0
split_feature=6 8 6 3 8 8 0 11 11 11 11 11 11 8 8 11 11 8 8 0 11 8 8 8 0 11 3 11 8 0
split_gain=0.0475733 0.131156 0.23878 0.122911 0.228591 0.281529 0.223091 0.188854 0.108013 0.753152 0.484226 0.397779 0.436979 0.39331 0.557519 0.437698 0.109831 0.257742 0.397911 0.460569 0.366481 0.549438 0.222194 0.194374 0.158481 0.149579 0.131894 0.12752 0.107446 0.357338
threshold=2.5000000000000004 -0.20051192678942623 3.5000000000000004 5.5000000000000009 -1.0444186392572414 -0.92252100301189055 3.5000000000000004 101.79695750000002 101.79804050000001 101.79805250000001 101.79802350000001 101.79806850000001 101.79808450000002 -1.568176614772981 -0.97476284711704109 101.79818450000002 101.79736350000002 -1.124120939879202 -1.6739998374475167 4.5000000000000009 101.79589850000001 -0.64925597230802645 -1.416809220314468 -1.700120759500092 2.5000000000000004 101.79645150000002 2.5000000000000004 101.79556250000002 -1.5835812611116793 3.5000000000000004
decision_type=2 2 2 2 2 2 2 2 2 2 2 2 2 2 2 2 2 2 2 2 2 2 2 2 2 2 2 2 2 2
left_child=28 2 3 8 6 -6 7 -5 10 -10 16 -11 -13 15 -15 -14 17 18 27 -20 21 -19 23 -18 -24 -22 -26 -2 29 -1
right_child=1 -3 -4 4 5 -7 -8 -9 9 11 -12 12 13 14 -16 -17 22 20 19 -21 25 -23 24 -25 26 -27 -28 -29 -30 -31
leaf_value=-0.00011474201005238635 0.0022789535794231759 -0.00045627421641911131 0.00026231198199613224 -0.0017458729538887795 -0.0028791087745595845 0.00033678829784097739 0.0039518550099528421 0.002471925002580221 -0.0065135027840119673 0.0031942449367320909 0.0039904798228056447 -0.0045471866782645252 -0.0046011417898264182 0.0011830903175379581 -0.00094416131469854554 -0.00072956845713638668 7.5412373013962101e-05 0.0023801191381410732 -0.00093953309977492464 -0.0041511845655106622 -0.0017869333120622763 -0.0013961515623360432 0.00077961657327501872 0.0036582503998629137 -0.0024972716616042489 -8.353919703307398e-05 2.0694821318861671e-05 -0.00019604527408097336 5.1452416915167215e-06 0.0013488027343746579
leaf_weight=1204 70 2058 4196 52 81 423 76 54 53 71 69 68 108 529 737 225 71 299 369 160 219 142 191 81 102 313 106 202 67033 638
leaf_count=1204 70 2058 4196 52 81 423 76 54 53 71 69 68 108 529 737 225 71 299 369 160 219 142 191 81 102 313 106 202 67033 638
internal_value=1.5326e-09 -9.59352e-05 -1.41425e-05 -0.000252288 0.000368032 -0.000180521 0.00188637 0.000403121 -0.000353976 -0.000647645 -0.000134258 -0.000468402 -0.000624582 -0.000457493 -5.52628e-05 -0.00198622 -0.000256836 -0.000448354 -0.00111254 -0.00191152 9.84763e-05 0.00116414 0.000359744 0.00198584 -0.000260063 -0.000784952 -0.00121468 0.000441506 1.54978e-05 0.000392221
internal_weight=80000 11125 9067 4871 686 504 182 106 4185 1791 2394 1738 1667 1599 1266 333 2325 1774 801 529 973 441 551 152 399 532 208 272 68875 1842
internal_count=80000 11125 9067 4871 686 504 182 106 4185 1791 2394 1738 1667 1599 1266 333 2325 1774 801 529 973 441 551 152 399 532 208 272 68875 1842
is_linear=0
shrinkage=0.05


Tree=312
num_leaves=31
num_cat=0
split_feature=8 3 1 1 6 8 10 10 3 0 10 8 8 10 8 10 10 3 10 8 8 8 10 8 10 10 3 8 1 3
split_gain=0.0477498 0.128679 0.162406 0.609571 0.112022 0.130268 0.450514 1.97861 1.29713 0.588539 0.205291 0.11697 0.446738 0.242959 0.158422 0.33151 0.19439 0.641976 0.964729 0.763861 0.645028 0.471215 0.423743 0.463219 0.394118 0.303972 0.241262 0.157368 0.578075 0.851785
threshold=0.83092961067123716 4.5000000000000009 2.5000000000000004 1.5000000000000002 1.0000000180025095e-35 -1.6043440453073161 3.0442735000000005 3.0450325000000005 2.5000000000000004 2.5000000000000004 3.0466735000000003 -0.97476284711704109 -0.98882795899150466 3.0450325000000005 -1.0022233036338508 3.0453625000000004 3.0453955000000006 1.0000000180025095e-35 3.0473465000000002 -1.4308743321889319 -1.1107255952368555 -1.568176614772981 3.0451055000000005 -1.3237115750501616 3.0455025000000004 3.0476775000000003 4.5000000000000009 -0.81669778033735496 2.5000000000000004 4.5000000000000009
decision_type=2 2 2 2 2 2 2 2 2 2 2 2 2 2 2 2 2 2 2 2 2 2 2 2 2 2 2 2 2 2
left_child=4 2 3 -2 5 6 8 -8 -1 -9 -11 12 14 -14 16 -16 21 18 19 -18 -20 -7 26 -24 -19 -26 -23 28 29 -13
right_child=1 -3 -4 -5 -6 11 7 9 -10 10 -12 27 13 -15 15 -17 17 24 20 -21 -22 22 23 -25 25 -27 -28 -29 -30 -31
leaf_value=0.0072216400329448236 -6.0345590553492608e-05 8.4004760552526683e-05 4.0257731501580992e-05 -0.0011399872656430519 -3.0384127020316055e-05 -0.0039724604309917177 -0.0091066677742974861 -0.00047469689977975036 -0.0023287181001699206 0.0024307984409196511 0.006824853731516355 0.0020507084885931334 -0.00087595082010250036 -0.0057100020752423458 0.0045152708637792079 -0.0010819481778704002 0.0015247273661067526 0.0047863598493774664 0.0018982835385077319 -0.0053787573048388101 -0.0042668151723575234 4.5287049250477396e-05 0.0012118889504351589 -0.0043618541046493162 0.00099023084828326973 -0.0002417534666509897 -0.0017295441639041669 0.00012042413039904943 -0.00070340743205120695 -0.0045231936723976037
leaf_weight=85 5332 8590 5343 1732 36844 87 51 135 61 57 50 685 51 53 56 50 52 55 211 174 53 2538 54 120 1264 829 207 14683 445 53
leaf_count=85 5332 8590 5343 1732 36844 87 51 135 61 57 50 685 51 53 56 50 52 55 211 174 53 2538 54 120 1264 829 207 14683 445 53
internal_value=9.80137e-10 -6.47532e-05 -0.000167746 -0.000325072 2.30447e-05 0.000111881 0.000964515 -0.000166355 0.00323256 0.00172074 0.00448855 9.46435e-05 -9.63778e-05 -0.00334258 -3.76069e-05 0.00187654 -7.35891e-05 0.000239641 -0.00139327 -0.00379037 0.000659446 -0.000348472 -0.000240328 -0.00263237 0.000612188 0.000502276 -8.86108e-05 0.000165124 0.000719865 0.00157805
internal_weight=80000 20997 12407 7064 59003 22159 439 293 146 242 107 21720 5854 104 5750 106 5644 2638 490 226 264 3006 2919 174 2148 2093 2745 15866 1183 738
internal_count=80000 20997 12407 7064 59003 22159 439 293 146 242 107 21720 5854 104 5750 106 5644 2638 490 226 264 3006 2919 174 2148 2093 2745 15866 1183 738
is_linear=0
shrinkage=0.05


Tree=313
num_leaves=31
num_cat=0
split_feature=7 6 10 7 6 10 10 11 11 11 3 10 3 7 10 6 11 2 10 11 6 6 7 7 11 6 11 11 11 6
split_gain=0.0434629 0.0925122 0.175564 0.242278 0.240813 0.222606 0.917715 0.839888 0.390606 0.315995 0.902129 1.04222 0.246401 0.286489 0.242106 0.69416 0.496296 0.273606 0.22156 0.604307 0.560552 0.273007 0.210151 0.239675 0.718174 0.703705 0.19505 0.625325 0.201588 0.174825
threshold=0.10234074827361882 1.0000000180025095e-35 3.0423185000000004 2.495903115318574 1.5000000000000002 3.0445965000000004 3.0444195000000005 101.79487550000002 101.79496150000001 101.79830750000001 3.5000000000000004 3.0478765000000005 2.5000000000000004 1.5983172276767157 3.0440025000000004 1.5000000000000002 101.79524350000001 3.5000000000000004 3.0461755000000004 101.79816050000001 1.5000000000000002 1.5000000000000002 2.0969760541444149 0.99992663591547692 101.79836850000001 1.5000000000000002 101.79693350000001 101.79668650000001 101.79810050000002 1.5000000000000002
decision_type=2 2 2 2 2 2 2 2 2 2 2 2 2 2 2 2 2 2 2 2 2 2 2 2 2 2 2 2 2 2
left_child=-1 -2 22 5 -5 6 12 -8 -7 18 11 -11 14 -14 26 17 -17 -16 19 20 -10 -21 23 29 25 -25 27 -4 -28 -3
right_child=1 2 3 4 -6 8 7 -9 9 10 -12 -13 13 -15 15 16 -18 -19 -20 21 -22 -23 -24 24 -26 -27 28 -29 -30 -31
leaf_value=2.8241910061829762e-05 1.5998586953378281e-05 0.00042570408220540953 -0.00015399178679174452 -0.0038353348241932914 -0.00040653905688133588 -0.0033837281250592467 -0.00037184239605689295 0.0065413222138926731 -0.0012904310208257967 -0.0050267945376984259 -0.0070700623652574547 0.0042314592204626481 0.00026794274862850073 0.0023534659981376202 0.003409865850569438 -0.001713848418376413 -0.0082592834488884239 -0.0014655289278395613 0.00010998553955959181 -0.0015275970042951865 0.00062495729326371701 -0.0062622265445980612 0.0016536482860345849 -0.0082502096520485051 -0.00031131909945677138 -0.0015161693713389313 0.0012874963911123885 -0.0053992300102106913 -0.00029313263684331288 -0.0010565190555980805
leaf_weight=50402 19400 377 371 84 131 97 74 108 754 53 63 71 1275 189 56 67 51 59 3566 59 774 63 88 70 285 87 338 67 500 421
leaf_count=50402 19400 377 371 84 131 97 74 108 754 53 63 71 1275 189 56 67 51 59 3566 59 774 63 88 70 285 87 338 67 500 421
internal_value=1.66093e-10 -4.80922e-05 -0.000170013 -8.9737e-05 -0.00174732 -4.85411e-05 0.000286255 0.00373181 -0.000240594 -0.000184103 -0.00220303 0.00027344 7.52072e-05 0.000537323 -0.000373133 -0.00185486 -0.00454741 0.000909476 -0.000111682 -0.000590729 -0.000320224 -0.00397566 -0.000706149 -0.000873738 -0.00180763 -0.00452195 -0.000102443 -0.000957395 0.000344478 -0.000356305
internal_weight=80000 29598 10198 8870 215 8655 3155 182 5500 5403 187 124 2973 1464 1509 233 118 115 5216 1650 1528 122 1328 1240 442 157 1276 438 838 798
internal_count=80000 29598 10198 8870 215 8655 3155 182 5500 5403 187 124 2973 1464 1509 233 118 115 5216 1650 1528 122 1328 1240 442 157 1276 438 838 798
is_linear=0
shrinkage=0.05


Tree=314
num_leaves=31
num_cat=0
split_feature=8 3 2 6 8 2 7 8 8 8 2 6 6 6 8 7 8 2 7 7 2 8 8 1 3 8 2 8 8 8
split_gain=0.0458129 0.114181 0.59746 0.22246 0.278034 0.173977 0.115342 0.197358 0.13718 0.102503 0.0999367 0.216057 0.0760841 0.178109 0.587347 0.436031 0.497046 0.390275 0.665693 1.41613 1.276 0.35644 0.363482 0.351755 0.24988 0.223206 0.153013 0.694151 1.52024 0.439225
threshold=0.59718084666229476 4.5000000000000009 1.0000000180025095e-35 1.0000000180025095e-35 0.85169239486687409 1.0000000180025095e-35 -0.39631807819407994 0.62799013933969128 0.68893895746236677 0.73314359478210955 3.5000000000000004 1.0000000180025095e-35 2.5000000000000004 1.5000000000000002 -1.4449394440633954 1.0996584012090167 -1.2989301874618209 3.5000000000000004 1.498585462383176 0.90019487062193726 1.0000000180025095e-35 -1.6739998374475167 -1.5186138395962998 1.5000000000000002 2.5000000000000004 -1.416809220314468 1.0000000180025095e-35 -0.26480958107268832 0.11963681016264981 -0.80397220292712601
decision_type=2 2 2 2 2 2 2 2 2 2 2 2 2 2 2 2 2 2 2 2 2 2 2 2 2 2 2 2 2 2
left_child=12 2 3 4 6 -3 9 -8 -9 -2 -7 -12 13 -1 17 25 -17 18 19 20 -15 -20 -23 -21 -19 -16 27 29 -29 -27
right_child=1 5 -4 -5 -6 10 7 8 -10 -11 11 -13 -14 14 15 16 -18 24 21 23 -22 22 -24 -25 -26 26 -28 28 -30 -31
leaf_value=1.2324758715280102e-05 0.0033070898924072965 0.0004761505914661405 -9.072244709295493e-06 -0.0022965332942250592 -0.0010485844790000438 6.9239012522686507e-05 0.0028064761868536819 -0.0020514064286922149 5.191507051634963e-05 0.00016881752895073332 -0.00013579717738311677 -0.001668916378384056 -8.9903147123930832e-05 0.0073627783021806281 0.0035546906209676203 -0.0032378956826176692 -0.00030576664832671833 0.0022528709701879362 0.007059942509173355 -0.0018280757031633244 -0.00028726568470022423 -6.3784595511384858e-05 0.0054665766544863131 -0.0074653578553470603 0.0069637778552281886 0.00087260138892421833 0.00015119761986097857 0.0060554325334551962 0.00046225938560129451 -0.002282671573517523
leaf_weight=35662 52 2137 13414 244 1574 6394 52 102 322 52 1816 263 11113 77 53 173 876 63 54 53 186 73 50 58 51 220 3948 162 485 221
leaf_count=35662 52 2137 13414 244 1574 6394 52 102 322 52 1816 263 11113 77 53 173 876 63 54 53 186 73 50 58 51 220 3948 162 485 221
internal_value=-2.13389e-09 -5.38822e-05 -0.000139025 -0.000865925 -0.00070377 7.30049e-05 0.000232004 -9.76882e-05 -0.000454437 0.00173962 -2.8678e-05 -0.000329812 2.65689e-05 5.70495e-05 0.000291498 0.000138565 -0.000789593 0.00170285 0.00115144 -4.43679e-05 0.00195443 0.00367677 0.00218694 -0.00477775 0.00436464 0.000329898 0.00029589 0.00082087 0.00186343 -0.000708772
internal_weight=80000 26422 15812 2398 2154 10610 580 476 424 104 8473 2079 53578 42465 6803 6138 1049 665 551 374 263 177 123 111 114 5089 5036 1088 647 441
internal_count=80000 26422 15812 2398 2154 10610 580 476 424 104 8473 2079 53578 42465 6803 6138 1049 665 551 374 263 177 123 111 114 5089 5036 1088 647 441
is_linear=0
shrinkage=0.05


Tree=315
num_leaves=31
num_cat=0
split_feature=8 1 3 8 7 8 8 8 8 8 6 8 3 6 7 6 6 3 8 7 8 8 8 8 8 8 7 7 8 3
split_gain=0.0427616 0.116479 0.617909 0.317378 0.407906 0.849998 0.456266 0.548843 0.301996 0.335859 0.287393 0.265484 0.260509 0.678937 0.65773 0.362646 0.266546 0.259802 0.215149 0.214931 0.287128 0.372726 0.240012 0.568474 0.354338 0.48398 0.430659 0.197899 0.193566 0.189454
threshold=-0.55749786150795455 3.5000000000000004 4.5000000000000009 -0.7021675836452943 0.30180427886069844 -1.030353527382778 -1.030353527382778 -1.2232464902325644 -1.030353527382778 -1.2111906800544525 1.5000000000000002 -1.1107255952368555 1.5000000000000002 1.0000000180025095e-35 -0.99470866995531859 3.5000000000000004 2.5000000000000004 1.5000000000000002 -1.124120939879202 0.60099957474131782 -1.4449394440633954 -1.2620929896953685 -1.2989301874618209 -1.3772929536195466 -1.124120939879202 -1.0564744494353533 2.2964395847314942 -0.39631807819407994 -0.76579547069643916 4.5000000000000009
decision_type=2 2 2 2 2 2 2 2 2 2 2 2 2 2 2 2 2 2 2 2 2 2 2 2 2 2 2 2 2 2
left_child=1 29 3 4 6 19 7 12 9 10 -4 -11 13 -3 -14 -16 -15 18 -9 20 -6 -22 23 -21 26 -26 -24 -8 -7 -1
right_child=-2 2 8 -5 5 28 27 17 -10 11 -12 -13 14 16 15 -17 -18 -19 -20 22 21 -23 24 -25 25 -27 -28 -29 -30 -31
leaf_value=5.6155729029210108e-05 -2.618447873231937e-05 -0.0054196838170078405 0.0039233593585443058 0.0011922795119838326 -0.0038723503875984153 -0.0027498044666050135 0.0022483801248893618 -0.0052098767969626864 0.0024581860831473772 -0.0043722835778067567 -0.00030193091569094061 0.00067761568707977145 -0.001490093610018093 0.0022596019861647844 0.0017600561394584412 0.0061322171803407785 -0.00076951171412584251 -0.00068575491925055665 -0.0012684970745069999 0.00029271903676431467 0.0027113366715621839 -0.0026225457770442055 0.0024425375886863113 -0.003020799390684194 -0.0026240937894750098 0.0031786370537664789 -0.0022723548887911751 0.00043403076771705157 -0.00040121252453079425 -0.00038611809898840424
leaf_weight=19043 52873 58 78 538 79 434 384 77 434 53 83 51 151 124 308 56 175 221 63 714 63 68 355 158 121 51 56 247 110 2774
leaf_count=19043 52873 58 78 538 79 434 384 77 434 53 83 51 151 124 308 56 175 221 63 714 63 68 355 158 121 51 56 247 110 2774
internal_value=-5.07178e-10 5.10344e-05 0.000261043 5.10257e-05 -9.97474e-05 -0.000559376 0.000444953 -0.000114683 0.00164623 0.000316039 0.00174627 -0.00189762 0.000564074 -0.000473841 0.00128351 0.0024342 0.000487045 -0.00175393 -0.00343843 1.28877e-06 -0.00149364 -5.72847e-05 0.000217139 -0.000307944 0.00100243 -0.000902669 0.00179972 0.00153835 -0.00227507 -8.02607e-08
internal_weight=80000 27127 5310 4611 4073 2209 1864 1233 699 265 161 104 872 357 515 364 299 361 140 1665 210 131 1455 872 583 172 411 631 544 21817
internal_count=80000 27127 5310 4611 4073 2209 1864 1233 699 265 161 104 872 357 515 364 299 361 140 1665 210 131 1455 872 583 172 411 631 544 21817
is_linear=0
shrinkage=0.05


end of trees

feature_importances:
current_speed=1959
passenger_count=1359
current_lat=1349
current_lon=1215
weather_condition=895
day_of_week=604
stop_sequence=546
distance_to_next_stop=406
current_stop_name=400
is_peak_hour=335
next_stop_name=330
is_holiday=82

parameters:
[boosting: gbdt]
[objective: regression]
[metric: rmse]
[tree_learner: serial]
[device_type: cpu]
[data_sample_strategy: bagging]
[data: ]
[valid: ]
[num_iterations: 500]
[learning_rate: 0.05]
[num_leaves: 31]
[num_threads: 0]
[seed: 0]
[deterministic: 0]
[force_col_wise: 0]
[force_row_wise: 0]
[histogram_pool_size: -1]
[max_depth: 10]
[min_data_in_leaf: 50]
[min_sum_hessian_in_leaf: 0.001]
[bagging_fraction: 0.6]
[pos_bagging_fraction: 1]
[neg_bagging_fraction: 1]
[bagging_freq: 0]
[bagging_seed: 3]
[bagging_by_query: 0]
[feature_fraction: 0.6]
[feature_fraction_bynode: 1]
[feature_fraction_seed: 2]
[extra_trees: 0]
[extra_seed: 6]
[early_stopping_round: 0]
[early_stopping_min_delta: 0]
[first_metric_only: 0]
[max_delta_step: 0]
[lambda_l1: 0]
[lambda_l2: 0.1]
[linear_lambda: 0]
[min_gain_to_split: 0]
[drop_rate: 0.1]
[max_drop: 50]
[skip_drop: 0.5]
[xgboost_dart_mode: 0]
[uniform_drop: 0]
[drop_seed: 4]
[top_rate: 0.2]
[other_rate: 0.1]
[min_data_per_group: 100]
[max_cat_threshold: 32]
[cat_l2: 10]
[cat_smooth: 10]
[max_cat_to_onehot: 4]
[top_k: 20]
[monotone_constraints: ]
[monotone_constraints_method: basic]
[monotone_penalty: 0]
[feature_contri: ]
[forcedsplits_filename: ]
[refit_decay_rate: 0.9]
[cegb_tradeoff: 1]
[cegb_penalty_split: 0]
[cegb_penalty_feature_lazy: ]
[cegb_penalty_feature_coupled: ]
[path_smooth: 0]
[interaction_constraints: ]
[verbosity: -1]
[saved_feature_importance_type: 0]
[use_quantized_grad: 0]
[num_grad_quant_bins: 4]
[quant_train_renew_leaf: 0]
[stochastic_rounding: 1]
[linear_tree: 0]
[max_bin: 255]
[max_bin_by_feature: ]
[min_data_in_bin: 3]
[bin_construct_sample_cnt: 200000]
[data_random_seed: 1]
[is_enable_sparse: 1]
[enable_bundle: 1]
[use_missing: 1]
[zero_as_missing: 0]
[feature_pre_filter: 1]
[pre_partition: 0]
[two_round: 0]
[header: 0]
[label_column: ]
[weight_column: ]
[group_column: ]
[ignore_column: ]
[categorical_feature: ]
[forcedbins_filename: ]
[precise_float_parser: 0]
[parser_config_file: ]
[objective_seed: 5]
[num_class: 1]
[is_unbalance: 0]
[scale_pos_weight: 1]
[sigmoid: 1]
[boost_from_average: 1]
[reg_sqrt: 0]
[alpha: 0.9]
[fair_c: 1]
[poisson_max_delta_step: 0.7]
[tweedie_variance_power: 1.5]
[lambdarank_truncation_level: 30]
[lambdarank_norm: 1]
[label_gain: ]
[lambdarank_position_bias_regularization: 0]
[eval_at: ]
[multi_error_top_k: 1]
[auc_mu_weights: ]
[num_machines: 1]
[local_listen_port: 12400]
[time_out: 120]
[machine_list_filename: ]
[machines: ]
[gpu_platform_id: -1]
[gpu_device_id: -1]
[gpu_use_dp: 0]
[num_gpu: 1]

end of parameters

pandas_categorical:[]
